project,bug,tool,budget,repetition,test_count,compile_ok,status,failing_on_buggy,failing_on_fixed,fault_detected,lines_total,lines_covered,line_cov_pct,branches_total,branches_covered,branch_cov_pct,generation_time_sec,notes
Chart,2,CATG,default,1,0,False,unsupported,0,0,False,0,0,0,0,0,0,0.0,STATUS:harness_limitation:unsupported_type:XYDataset dataset:iterateRangeBounds
Chart,3,CATG,default,1,0,False,unsupported,0,0,False,0,0,0,0,0,0,1.63,STATUS:catg_runtime_type_model:ClassCastException
Chart,8,CATG,default,1,0,False,unsupported,0,0,False,0,0,0,0,0,0,0.0,STATUS:target_discovery:no_source_method
Chart,10,CATG,default,1,1,True,completed,1,1,False,3,3,100.0,0,0,0.0,1.59,modified=org.jfree.chart.imagemap.StandardToolTipTagFragmentGenerator;target=org.jfree.chart.imagemap.StandardToolTipTagFragmentGenerator::generateToolTipFragment;params=java.lang.String;catg_cases=1
Chart,15,CATG,default,1,0,False,unsupported,0,0,False,0,0,0,0,0,0,2.34,STATUS:catg_runtime_interpreter:ArrayIndexOutOfBoundsException
Lang,1,CATG,default,1,5,True,completed,0,0,False,375,33,8.8,338,9,2.66,13.68,modified=org.apache.commons.lang3.math.NumberUtils;target=org.apache.commons.lang3.math.NumberUtils::createNumber;params=java.lang.String;catg_cases=5
Chart,17,CATG,default,1,1,True,completed,1,0,True,287,2,0.7,128,0,0.0,3.3,modified=org.jfree.data.time.TimeSeries;target=org.jfree.data.time.TimeSeries::clone;params=;catg_cases=1
Cli,29,CATG,default,1,5,True,completed,5,0,True,14,5,35.71,10,2,20.0,4.5,modified=org.apache.commons.cli.Util;target=org.apache.commons.cli.Util::stripLeadingAndTrailingQuotes;params=java.lang.String;catg_cases=5
Chart,4,CATG,default,1,0,False,unsupported,0,0,False,0,0,0,0,0,0,0.0,STATUS:harness_limitation:unsupported_type:ValueAxis axis:getDataRange
Cli,8,CATG,default,1,0,False,unsupported,0,0,False,0,0,0,0,0,0,0.0,STATUS:harness_limitation:unsupported_type:StringBuffer sb:renderWrappedText
Closure,1,CATG,default,1,0,False,unsupported,0,0,False,0,0,0,0,0,0,0.0,STATUS:harness_limitation:unsupported_type:Scope fnScope:removeUnreferencedFunctionArgs
Cli,32,CATG,default,1,0,False,unsupported,0,0,False,0,0,0,0,0,0,1.98,STATUS:catg_runtime_interpreter:ClassCastException
Cli,36,CATG,default,1,0,False,unsupported,0,0,False,0,0,0,0,0,0,0.0,STATUS:target_discovery:no_source_method
Chart,1,CATG,default,1,0,False,unsupported,0,0,False,0,0,0,0,0,0,0.0,STATUS:harness_limitation:abstract_class:getLegendItems
Cli,4,CATG,default,1,0,False,unsupported,0,0,False,0,0,0,0,0,0,0.0,STATUS:harness_limitation:abstract_class:checkRequiredOptions
Chart,23,CATG,default,1,0,False,error,0,0,False,0,0,0,0,0,0,6.34,"STATUS:ERROR:CATG failed with exit 1:
Now testing catg.generated.CatgHarness_79232c868a

========== Input 1 ==========
WARNING: 
java.lang.NoSuchMethodException: org.jfree.chart.renderer.category.MinMaxCategoryRenderer.Icon()
	at java.lang.Class.getDeclaredMethod(Class.java:2130)
	at catg.generated.CatgHarness_79232c868a.main(CatgHarness_79232c868a.java:14)
Java exited with status 1"
Cli,18,CATG,default,1,0,False,unsupported,0,0,False,0,0,0,0,0,0,1.71,STATUS:concrete_runner:ERROR:java.lang.NoSuchMethodException:org.apache.commons.cli.PosixParser.processSingleHyphen(java.lang.String)
Closure,34,CATG,default,1,0,False,unsupported,0,0,False,0,0,0,0,0,0,3.34,STATUS:catg_runtime_interpreter:ClassCastException
Closure,35,CATG,default,1,0,False,unsupported,0,0,False,0,0,0,0,0,0,0.0,STATUS:harness_limitation:unsupported_type:JSType type:inferPropertyTypesToMatchConstraint
Closure,36,CATG,default,1,0,False,unsupported,0,0,False,0,0,0,0,0,0,0.0,STATUS:harness_limitation:unsupported_type:Reference declaration:canInline
Closure,37,CATG,default,1,0,False,unsupported,0,0,False,0,0,0,0,0,0,0.0,STATUS:harness_limitation:unsupported_type:FunctionNode functionNode:processFunctionNode
Closure,38,CATG,default,1,0,False,unsupported,0,0,False,0,0,0,0,0,0,0.0,STATUS:harness_limitation:unsupported_type:double x:addNumber
Closure,39,CATG,default,1,0,False,error,0,0,False,0,0,0,0,0,0,4.07,"STATUS:ERROR:CATG failed with exit 1:
Now testing catg.generated.CatgHarness_38cf4b8acf

========== Input 1 ==========
WARNING: 
java.lang.LinkageError: loader (instance of  sun/misc/Launcher$AppClassLoader): attempted  duplicate class definition for name: ""com/google/javascript/rhino/jstype/PrototypeObjectType""
	at java.lang.ClassLoader.defineClass1(Native Method)
	at java.lang.ClassLoader.defineClass(ClassLoader.java:756)
	at java.security.SecureClassLoader.defineClass(SecureClassLoader.java:142)
	at java.net.URLClassLoader.defineClass(URLClassLoader.java:473)
	at java.net.URLClassLoader.access$100(URLClassLoader.java:74)
	at java.net.URLClassLoader$1.run(URLClassLoader.java:369)
	at java.net.URLClassLoader$1.run(URLClassLoader.java:363)
	at java.security.AccessController.doPrivileged(Native Method)
	at java.net.URLClassLoader.findClass(URLClassLoader.java:362)
	at java.lang.ClassLoader.loadClass(ClassLoader.java:418)
	at sun.misc.Launcher$AppClassLoader.loadClass(Launcher.java:352)
	at java.lang.ClassLoader.loadClass(ClassLoader.java:351)
	at java.lang.Class.forName0(Native Method)
	at java.lang.Class.forName(Class.java:264)
	at catg.generated.CatgHarness_38cf4b8acf.main(CatgHarness_38cf4b8acf.java:12)
Java exited with status 1"
Closure,40,CATG,default,1,0,False,unsupported,0,0,False,0,0,0,0,0,0,0.0,STATUS:harness_limitation:unsupported_type:NodeTraversal t:visit
Closure,41,CATG,default,1,0,False,unsupported,0,0,False,0,0,0,0,0,0,0.0,STATUS:harness_limitation:unsupported_type:@Nullable Node argsParent:inferParameterTypes
Closure,42,CATG,default,1,0,False,unsupported,0,0,False,0,0,0,0,0,0,0.0,STATUS:harness_limitation:unsupported_type:ForInLoop loopNode:processForInLoop
Closure,43,CATG,default,1,0,False,unsupported,0,0,False,0,0,0,0,0,0,0.0,STATUS:harness_limitation:unsupported_type:Node objectLit:defineObjectLiteral
Closure,44,CATG,default,1,0,False,unsupported,0,0,False,0,0,0,0,0,0,0.0,STATUS:harness_limitation:abstract_class:add
Closure,45,CATG,default,1,1,True,completed,0,0,False,384,3,0.78,281,0,0.0,6.03,modified=com.google.javascript.jscomp.RemoveUnusedVars;target=com.google.javascript.jscomp.RemoveUnusedVars::interpretAssigns;params=;catg_cases=1
Closure,46,CATG,default,1,0,False,unsupported,0,0,False,0,0,0,0,0,0,0.0,STATUS:harness_limitation:unsupported_type:JSType that:getLeastSupertype
Closure,47,CATG,default,1,0,False,unsupported,0,0,False,0,0,0,0,0,0,0.0,STATUS:harness_limitation:unsupported_type:Node node:addMapping
Chart,5,CATG,default,1,0,False,unsupported,0,0,False,0,0,0,0,0,0,0.0,STATUS:harness_limitation:unsupported_type:Number x:addOrUpdate
Chart,6,CATG,default,1,0,False,unsupported,0,0,False,0,0,0,0,0,0,0.0,STATUS:harness_limitation:unsupported_type:Object obj:equals
Chart,7,CATG,default,1,0,False,unsupported,0,0,False,0,0,0,0,0,0,0.0,STATUS:dataset_metadata:source_patch_missing
Chart,9,CATG,default,1,0,False,unsupported,0,0,False,0,0,0,0,0,0,0.0,STATUS:harness_limitation:unsupported_type:RegularTimePeriod start:createCopy
Chart,11,CATG,default,1,0,False,unsupported,0,0,False,0,0,0,0,0,0,0.0,STATUS:harness_limitation:unsupported_type:GeneralPath p1:equal
Chart,12,CATG,default,1,0,False,unsupported,0,0,False,0,0,0,0,0,0,0.0,STATUS:target_discovery:no_source_method
Chart,13,CATG,default,1,0,False,unsupported,0,0,False,0,0,0,0,0,0,0.0,STATUS:harness_limitation:unsupported_type:BlockContainer container:arrangeFF
Chart,14,CATG,default,1,0,False,unsupported,0,0,False,0,0,0,0,0,0,0.0,STATUS:harness_limitation:unsupported_type:Marker marker:removeDomainMarker
Chart,16,CATG,default,1,0,False,unsupported,0,0,False,0,0,0,0,0,0,0.0,STATUS:harness_limitation:unsupported_type:Comparable[] categoryKeys:setCategoryKeys
Closure,48,CATG,default,1,0,False,unsupported,0,0,False,0,0,0,0,0,0,0.0,STATUS:harness_limitation:unsupported_type:NodeTraversal t:maybeDeclareQualifiedName
Chart,18,CATG,default,1,0,False,unsupported,0,0,False,0,0,0,0,0,0,3.39,STATUS:catg_runtime_interpreter:ClassCastException
Chart,19,CATG,default,1,0,False,unsupported,0,0,False,0,0,0,0,0,0,0.0,STATUS:harness_limitation:unsupported_type:ValueAxis axis:getRangeAxisIndex
Chart,20,CATG,default,1,0,False,unsupported,0,0,False,0,0,0,0,0,0,0.0,STATUS:target_discovery:no_source_method
Chart,21,CATG,default,1,0,False,unsupported,0,0,False,0,0,0,0,0,0,4.16,STATUS:catg_runtime_interpreter:ClassCastException
Chart,22,CATG,default,1,0,False,unsupported,0,0,False,0,0,0,0,0,0,4.5,STATUS:catg_runtime_interpreter:ClassCastException
Chart,24,CATG,default,1,0,False,unsupported,0,0,False,0,0,0,0,0,0,0.0,STATUS:harness_limitation:unsupported_type:double value:getPaint
Chart,25,CATG,default,1,0,False,unsupported,0,0,False,0,0,0,0,0,0,0.0,STATUS:harness_limitation:unsupported_type:Graphics2D g2:drawVerticalItem
Chart,26,CATG,default,1,0,False,unsupported,0,0,False,0,0,0,0,0,0,0.0,STATUS:harness_limitation:unsupported_type:Graphics2D g2:drawLabel
Closure,49,CATG,default,1,0,False,unsupported,0,0,False,0,0,0,0,0,0,0.0,STATUS:harness_limitation:unsupported_type:NodeTraversal t:shouldTraverse
Closure,50,CATG,default,1,0,False,unsupported,0,0,False,0,0,0,0,0,0,0.0,STATUS:harness_limitation:unsupported_type:Node n:tryFoldArrayJoin
Cli,1,CATG,default,1,5,True,completed,0,0,False,45,11,24.44,14,2,14.29,10.76,modified=org.apache.commons.cli.CommandLine;target=org.apache.commons.cli.CommandLine::getOptionValues;params=java.lang.String;catg_cases=5
Closure,51,CATG,default,1,0,False,unsupported,0,0,False,0,0,0,0,0,0,5.29,STATUS:catg_runtime_interpreter:ClassCastException
Cli,2,CATG,default,1,5,True,completed,0,0,False,68,6,8.82,42,1,2.38,9.76,"modified=org.apache.commons.cli.PosixParser;target=org.apache.commons.cli.PosixParser::burstToken;params=java.lang.String,boolean;catg_cases=5"
Closure,52,CATG,default,1,0,False,unsupported,0,0,False,0,0,0,0,0,0,3.89,STATUS:catg_runtime_interpreter:ClassCastException
Closure,53,CATG,default,1,0,False,unsupported,0,0,False,0,0,0,0,0,0,0.0,STATUS:harness_limitation:unsupported_type:Var v:replaceAssignmentExpression
Cli,3,CATG,default,1,5,True,completed,0,0,False,55,4,7.27,20,0,0.0,9.33,modified=org.apache.commons.cli.TypeHandler;target=org.apache.commons.cli.TypeHandler::createNumber;params=java.lang.String;catg_cases=5
Closure,54,CATG,default,1,0,False,unsupported,0,0,False,0,0,0,0,0,0,0.0,STATUS:harness_limitation:unsupported_type:NodeTraversal t:maybeDeclareQualifiedName
Cli,5,CATG,default,1,5,True,completed,0,0,False,11,4,36.36,8,3,37.5,2.75,modified=org.apache.commons.cli.Util;target=org.apache.commons.cli.Util::stripLeadingHyphens;params=java.lang.String;catg_cases=5
Cli,7,CATG,default,1,0,False,error,0,0,False,0,0,0,0,0,0,0.0,"STATUS:ERROR:checkout Cli-7b failed at D:\Lab_SQA\Defects4J_Projects\Cli_7_b: exit=128
Checking out 4ee0d6c4 to D:\Lab_SQA\Defects4J_Projects\Cli_7_b............. OK
Init local repository...................................................... OK
Tag post-fix revision...................................................... OK
Cannot determine how to apply patch!
All attempts failed:
* cd D:\Lab_SQA\Defects4J_Projects\Cli_7_b && git apply -p1 --ignore-whitespace --check D:/Lab_SQA/defects4j/framework/projects/Cli/compile-errors//test-7-7.diff 2>&1
error: corrupt patch at line 13
* cd D:\Lab_SQA\Defects4J_Projects\Cli_7_b && git apply -p0 --ignore-whitespace --check D:/Lab_SQA/defects4j/framework/projects/Cli/compile-errors//test-7-7.diff 2>&1
error: corrupt patch at line 13
* cd D:\Lab_SQA\Defects4J_Projects\Cli_7_b && git apply -p2 --ignore-whitespace --check D:/Lab_SQA/defects4j/framework/projects/Cli/compile-errors//test-7-7.diff 2>&1
error: corrupt patch at line 13
----------------------------------------------------------------------
 at D:/Lab_SQA/defects4j/framework/core/Vcs.pm line 414.
	Vcs::_apply_cmd(Vcs::Git=HASH(0x240b0e886f8), ""D:\\Lab_SQA\\Defects4J_Projects\\Cli_7_b"", ""D:/Lab_SQA/defects4j/framework/projects/Cli/compile-errors//t""..., undef) called at D:/Lab_SQA/defects4j/framework/core/Vcs.pm line 375
	Vcs::apply_patch(Vcs::Git=HASH(0x240b0e886f8), ""D:\\Lab_SQA\\Defects4J_Projects\\Cli_7_b"", ""D:/Lab_SQA/defects4j/framework/projects/Cli/compile-errors//t""...) called at D:/Lab_SQA/defects4j/framework/core/Project.pm line 1084
	Project::apply_patch(Project::Cli=HASH(0x240b0d94088), ""D:\\Lab_SQA\\Defects4J_Projects\\Cli_7_b"", ""D:/Lab_SQA/defects4j/framework/projects/Cli/compile-errors//t""...) called at D:/Lab_SQA/defects4j/framework/core/Project/Cli.pm line 99
	Project::Cli::_post_checkout(Project::Cli=HASH(0x240b0d94088), ""4ee0d6c4f1b553858aeabf3ee6fb37d764f263e2"", ""D:\\Lab_SQA\\Defects4J_Projects\\Cli_7_b"") called at D:/Lab_SQA/defects4j/framework/core/Project.pm line 440
	Project::checkout_vid(Project::Cli=HASH(0x240b0d94088), ""7b"") called at D:/Lab_SQA/defects4j/framework/bin/d4j/d4j-checkout line 96
	require D:/Lab_SQA/defects4j/framework/bin/d4j/d4j-checkout called at D:\Lab_SQA\defects4j\framework\bin\defects4j line 195
Compilation failed in require at D:\Lab_SQA\defects4j\framework\bin\defects4j line 195."
Cli,9,CATG,default,1,0,False,unsupported,0,0,False,0,0,0,0,0,0,0.0,STATUS:harness_limitation:abstract_class:checkRequiredOptions
Cli,10,CATG,default,1,0,False,unsupported,0,0,False,0,0,0,0,0,0,0.0,STATUS:harness_limitation:unsupported_type:final Options options:setOptions
Closure,55,CATG,default,1,0,False,unsupported,0,0,False,0,0,0,0,0,0,0.0,STATUS:harness_limitation:unsupported_type:Node n:isReduceableFunctionExpression
Cli,11,CATG,default,1,0,False,unsupported,0,0,False,0,0,0,0,0,0,0.0,STATUS:harness_limitation:unsupported_type:final StringBuffer buff:appendOption
Cli,12,CATG,default,1,0,False,unsupported,0,0,False,0,0,0,0,0,0,0.0,STATUS:harness_limitation:unsupported_type:Options options:flatten
Cli,13,CATG,default,1,0,False,error,0,0,False,0,0,0,0,0,0,0.0,"STATUS:ERROR:checkout Cli-13b failed at D:\Lab_SQA\Defects4J_Projects\Cli_13_b: exit=128
Checking out 538fb688 to D:\Lab_SQA\Defects4J_Projects\Cli_13_b............ OK
Init local repository...................................................... OK
Tag post-fix revision...................................................... OK
Cannot determine how to apply patch!
All attempts failed:
* cd D:\Lab_SQA\Defects4J_Projects\Cli_13_b && git apply -p1 --ignore-whitespace --check D:/Lab_SQA/defects4j/framework/projects/Cli/compile-errors//test-13-16.diff 2>&1
error: corrupt patch at line 13
* cd D:\Lab_SQA\Defects4J_Projects\Cli_13_b && git apply -p0 --ignore-whitespace --check D:/Lab_SQA/defects4j/framework/projects/Cli/compile-errors//test-13-16.diff 2>&1
error: corrupt patch at line 13
* cd D:\Lab_SQA\Defects4J_Projects\Cli_13_b && git apply -p2 --ignore-whitespace --check D:/Lab_SQA/defects4j/framework/projects/Cli/compile-errors//test-13-16.diff 2>&1
error: corrupt patch at line 13
----------------------------------------------------------------------
 at D:/Lab_SQA/defects4j/framework/core/Vcs.pm line 414.
	Vcs::_apply_cmd(Vcs::Git=HASH(0x142b1e4e3e8), ""D:\\Lab_SQA\\Defects4J_Projects\\Cli_13_b"", ""D:/Lab_SQA/defects4j/framework/projects/Cli/compile-errors//t""..., undef) called at D:/Lab_SQA/defects4j/framework/core/Vcs.pm line 375
	Vcs::apply_patch(Vcs::Git=HASH(0x142b1e4e3e8), ""D:\\Lab_SQA\\Defects4J_Projects\\Cli_13_b"", ""D:/Lab_SQA/defects4j/framework/projects/Cli/compile-errors//t""...) called at D:/Lab_SQA/defects4j/framework/core/Project.pm line 1084
	Project::apply_patch(Project::Cli=HASH(0x142b1e40a80), ""D:\\Lab_SQA\\Defects4J_Projects\\Cli_13_b"", ""D:/Lab_SQA/defects4j/framework/projects/Cli/compile-errors//t""...) called at D:/Lab_SQA/defects4j/framework/core/Project/Cli.pm line 99
	Project::Cli::_post_checkout(Project::Cli=HASH(0x142b1e40a80), ""538fb6889f0387a40b821cfb315685e929110736"", ""D:\\Lab_SQA\\Defects4J_Projects\\Cli_13_b"") called at D:/Lab_SQA/defects4j/framework/core/Project.pm line 440
	Project::checkout_vid(Project::Cli=HASH(0x142b1e40a80), ""13b"") called at D:/Lab_SQA/defects4j/framework/bin/d4j/d4j-checkout line 96
	require D:/Lab_SQA/defects4j/framework/bin/d4j/d4j-checkout called at D:\Lab_SQA\defects4j\framework\bin\defects4j line 195
Compilation failed in require at D:\Lab_SQA\defects4j\framework\bin\defects4j line 195."
Cli,14,CATG,default,1,0,False,error,0,0,False,0,0,0,0,0,0,0.0,"STATUS:ERROR:checkout Cli-14b failed at D:\Lab_SQA\Defects4J_Projects\Cli_14_b: exit=128
Checking out c338c8ac to D:\Lab_SQA\Defects4J_Projects\Cli_14_b............ OK
Init local repository...................................................... OK
Tag post-fix revision...................................................... OK
Cannot determine how to apply patch!
All attempts failed:
* cd D:\Lab_SQA\Defects4J_Projects\Cli_14_b && git apply -p1 --ignore-whitespace --check D:/Lab_SQA/defects4j/framework/projects/Cli/compile-errors//test-13-16.diff 2>&1
error: corrupt patch at line 13
* cd D:\Lab_SQA\Defects4J_Projects\Cli_14_b && git apply -p0 --ignore-whitespace --check D:/Lab_SQA/defects4j/framework/projects/Cli/compile-errors//test-13-16.diff 2>&1
error: corrupt patch at line 13
* cd D:\Lab_SQA\Defects4J_Projects\Cli_14_b && git apply -p2 --ignore-whitespace --check D:/Lab_SQA/defects4j/framework/projects/Cli/compile-errors//test-13-16.diff 2>&1
error: corrupt patch at line 13
----------------------------------------------------------------------
 at D:/Lab_SQA/defects4j/framework/core/Vcs.pm line 414.
	Vcs::_apply_cmd(Vcs::Git=HASH(0x16684b7e1a8), ""D:\\Lab_SQA\\Defects4J_Projects\\Cli_14_b"", ""D:/Lab_SQA/defects4j/framework/projects/Cli/compile-errors//t""..., undef) called at D:/Lab_SQA/defects4j/framework/core/Vcs.pm line 375
	Vcs::apply_patch(Vcs::Git=HASH(0x16684b7e1a8), ""D:\\Lab_SQA\\Defects4J_Projects\\Cli_14_b"", ""D:/Lab_SQA/defects4j/framework/projects/Cli/compile-errors//t""...) called at D:/Lab_SQA/defects4j/framework/core/Project.pm line 1084
	Project::apply_patch(Project::Cli=HASH(0x16684b7a7a0), ""D:\\Lab_SQA\\Defects4J_Projects\\Cli_14_b"", ""D:/Lab_SQA/defects4j/framework/projects/Cli/compile-errors//t""...) called at D:/Lab_SQA/defects4j/framework/core/Project/Cli.pm line 99
	Project::Cli::_post_checkout(Project::Cli=HASH(0x16684b7a7a0), ""c338c8aca40d43efda580057f6d41ba228e26ec1"", ""D:\\Lab_SQA\\Defects4J_Projects\\Cli_14_b"") called at D:/Lab_SQA/defects4j/framework/core/Project.pm line 440
	Project::checkout_vid(Project::Cli=HASH(0x16684b7a7a0), ""14b"") called at D:/Lab_SQA/defects4j/framework/bin/d4j/d4j-checkout line 96
	require D:/Lab_SQA/defects4j/framework/bin/d4j/d4j-checkout called at D:\Lab_SQA\defects4j\framework\bin\defects4j line 195
Compilation failed in require at D:\Lab_SQA\defects4j\framework\bin\defects4j line 195."
Cli,15,CATG,default,1,0,False,error,0,0,False,0,0,0,0,0,0,0.0,"STATUS:ERROR:checkout Cli-15b failed at D:\Lab_SQA\Defects4J_Projects\Cli_15_b: exit=128
Checking out a9313916 to D:\Lab_SQA\Defects4J_Projects\Cli_15_b............ OK
Init local repository...................................................... OK
Tag post-fix revision...................................................... OK
Cannot determine how to apply patch!
All attempts failed:
* cd D:\Lab_SQA\Defects4J_Projects\Cli_15_b && git apply -p1 --ignore-whitespace --check D:/Lab_SQA/defects4j/framework/projects/Cli/compile-errors//test-13-16.diff 2>&1
error: corrupt patch at line 13
* cd D:\Lab_SQA\Defects4J_Projects\Cli_15_b && git apply -p0 --ignore-whitespace --check D:/Lab_SQA/defects4j/framework/projects/Cli/compile-errors//test-13-16.diff 2>&1
error: corrupt patch at line 13
* cd D:\Lab_SQA\Defects4J_Projects\Cli_15_b && git apply -p2 --ignore-whitespace --check D:/Lab_SQA/defects4j/framework/projects/Cli/compile-errors//test-13-16.diff 2>&1
error: corrupt patch at line 13
----------------------------------------------------------------------
 at D:/Lab_SQA/defects4j/framework/core/Vcs.pm line 414.
	Vcs::_apply_cmd(Vcs::Git=HASH(0x2065f59ff30), ""D:\\Lab_SQA\\Defects4J_Projects\\Cli_15_b"", ""D:/Lab_SQA/defects4j/framework/projects/Cli/compile-errors//t""..., undef) called at D:/Lab_SQA/defects4j/framework/core/Vcs.pm line 375
	Vcs::apply_patch(Vcs::Git=HASH(0x2065f59ff30), ""D:\\Lab_SQA\\Defects4J_Projects\\Cli_15_b"", ""D:/Lab_SQA/defects4j/framework/projects/Cli/compile-errors//t""...) called at D:/Lab_SQA/defects4j/framework/core/Project.pm line 1084
	Project::apply_patch(Project::Cli=HASH(0x2065f5a4c28), ""D:\\Lab_SQA\\Defects4J_Projects\\Cli_15_b"", ""D:/Lab_SQA/defects4j/framework/projects/Cli/compile-errors//t""...) called at D:/Lab_SQA/defects4j/framework/core/Project/Cli.pm line 99
	Project::Cli::_post_checkout(Project::Cli=HASH(0x2065f5a4c28), ""a93139165b160af1c908c85a06b0af6b3dda3387"", ""D:\\Lab_SQA\\Defects4J_Projects\\Cli_15_b"") called at D:/Lab_SQA/defects4j/framework/core/Project.pm line 440
	Project::checkout_vid(Project::Cli=HASH(0x2065f5a4c28), ""15b"") called at D:/Lab_SQA/defects4j/framework/bin/d4j/d4j-checkout line 96
	require D:/Lab_SQA/defects4j/framework/bin/d4j/d4j-checkout called at D:\Lab_SQA\defects4j\framework\bin\defects4j line 195
Compilation failed in require at D:\Lab_SQA\defects4j\framework\bin\defects4j line 195."
Cli,16,CATG,default,1,0,False,error,0,0,False,0,0,0,0,0,0,0.0,"STATUS:ERROR:checkout Cli-16b failed at D:\Lab_SQA\Defects4J_Projects\Cli_16_b: exit=128
Checking out f104dd06 to D:\Lab_SQA\Defects4J_Projects\Cli_16_b............ OK
Init local repository...................................................... OK
Tag post-fix revision...................................................... OK
Cannot determine how to apply patch!
All attempts failed:
* cd D:\Lab_SQA\Defects4J_Projects\Cli_16_b && git apply -p1 --ignore-whitespace --check D:/Lab_SQA/defects4j/framework/projects/Cli/compile-errors//test-13-16.diff 2>&1
error: corrupt patch at line 13
* cd D:\Lab_SQA\Defects4J_Projects\Cli_16_b && git apply -p0 --ignore-whitespace --check D:/Lab_SQA/defects4j/framework/projects/Cli/compile-errors//test-13-16.diff 2>&1
error: corrupt patch at line 13
* cd D:\Lab_SQA\Defects4J_Projects\Cli_16_b && git apply -p2 --ignore-whitespace --check D:/Lab_SQA/defects4j/framework/projects/Cli/compile-errors//test-13-16.diff 2>&1
error: corrupt patch at line 13
----------------------------------------------------------------------
 at D:/Lab_SQA/defects4j/framework/core/Vcs.pm line 414.
	Vcs::_apply_cmd(Vcs::Git=HASH(0x26a5000b1d0), ""D:\\Lab_SQA\\Defects4J_Projects\\Cli_16_b"", ""D:/Lab_SQA/defects4j/framework/projects/Cli/compile-errors//t""..., undef) called at D:/Lab_SQA/defects4j/framework/core/Vcs.pm line 375
	Vcs::apply_patch(Vcs::Git=HASH(0x26a5000b1d0), ""D:\\Lab_SQA\\Defects4J_Projects\\Cli_16_b"", ""D:/Lab_SQA/defects4j/framework/projects/Cli/compile-errors//t""...) called at D:/Lab_SQA/defects4j/framework/core/Project.pm line 1084
	Project::apply_patch(Project::Cli=HASH(0x26a4ffff4b8), ""D:\\Lab_SQA\\Defects4J_Projects\\Cli_16_b"", ""D:/Lab_SQA/defects4j/framework/projects/Cli/compile-errors//t""...) called at D:/Lab_SQA/defects4j/framework/core/Project/Cli.pm line 99
	Project::Cli::_post_checkout(Project::Cli=HASH(0x26a4ffff4b8), ""f104dd060c6c88450ac9ee9eb818b26374512440"", ""D:\\Lab_SQA\\Defects4J_Projects\\Cli_16_b"") called at D:/Lab_SQA/defects4j/framework/core/Project.pm line 440
	Project::checkout_vid(Project::Cli=HASH(0x26a4ffff4b8), ""16b"") called at D:/Lab_SQA/defects4j/framework/bin/d4j/d4j-checkout line 96
	require D:/Lab_SQA/defects4j/framework/bin/d4j/d4j-checkout called at D:\Lab_SQA\defects4j\framework\bin\defects4j line 195
Compilation failed in require at D:\Lab_SQA\defects4j\framework\bin\defects4j line 195."
Closure,56,CATG,default,1,0,False,unsupported,0,0,False,0,0,0,0,0,0,2.97,STATUS:catg_runtime_interpreter:ClassCastException
Cli,17,CATG,default,1,5,True,completed,0,0,False,67,5,7.46,42,1,2.38,4.17,"modified=org.apache.commons.cli.PosixParser;target=org.apache.commons.cli.PosixParser::burstToken;params=java.lang.String,boolean;catg_cases=5"
Closure,57,CATG,default,1,0,False,unsupported,0,0,False,0,0,0,0,0,0,0.0,STATUS:harness_limitation:unsupported_type:Node node:extractClassNameIfGoog
Cli,19,CATG,default,1,1,True,completed,0,0,False,65,3,4.62,42,0,0.0,1.35,"modified=org.apache.commons.cli.PosixParser;target=org.apache.commons.cli.PosixParser::processOptionToken;params=java.lang.String,boolean;catg_cases=1"
Cli,20,CATG,default,1,0,False,unsupported,0,0,False,0,0,0,0,0,0,0.0,STATUS:harness_limitation:unsupported_type:Options options:flatten
Closure,58,CATG,default,1,0,False,unsupported,0,0,False,0,0,0,0,0,0,0.0,STATUS:harness_limitation:unsupported_type:Node n:computeGenKill
Cli,21,CATG,default,1,0,False,error,0,0,False,0,0,0,0,0,0,0.0,"STATUS:ERROR:checkout Cli-21b failed at D:\Lab_SQA\Defects4J_Projects\Cli_21_b: exit=128
Checking out 9cd78b4c to D:\Lab_SQA\Defects4J_Projects\Cli_21_b............ OK
Init local repository...................................................... OK
Tag post-fix revision...................................................... OK
Cannot determine how to apply patch!
All attempts failed:
* cd D:\Lab_SQA\Defects4J_Projects\Cli_21_b && git apply -p1 --ignore-whitespace --check D:/Lab_SQA/defects4j/framework/projects/Cli/compile-errors//test-21-21.diff 2>&1
error: corrupt patch at line 13
* cd D:\Lab_SQA\Defects4J_Projects\Cli_21_b && git apply -p0 --ignore-whitespace --check D:/Lab_SQA/defects4j/framework/projects/Cli/compile-errors//test-21-21.diff 2>&1
error: corrupt patch at line 13
* cd D:\Lab_SQA\Defects4J_Projects\Cli_21_b && git apply -p2 --ignore-whitespace --check D:/Lab_SQA/defects4j/framework/projects/Cli/compile-errors//test-21-21.diff 2>&1
error: corrupt patch at line 13
----------------------------------------------------------------------
 at D:/Lab_SQA/defects4j/framework/core/Vcs.pm line 414.
	Vcs::_apply_cmd(Vcs::Git=HASH(0x1880ccd37d8), ""D:\\Lab_SQA\\Defects4J_Projects\\Cli_21_b"", ""D:/Lab_SQA/defects4j/framework/projects/Cli/compile-errors//t""..., undef) called at D:/Lab_SQA/defects4j/framework/core/Vcs.pm line 375
	Vcs::apply_patch(Vcs::Git=HASH(0x1880ccd37d8), ""D:\\Lab_SQA\\Defects4J_Projects\\Cli_21_b"", ""D:/Lab_SQA/defects4j/framework/projects/Cli/compile-errors//t""...) called at D:/Lab_SQA/defects4j/framework/core/Project.pm line 1084
	Project::apply_patch(Project::Cli=HASH(0x1880ccc9da0), ""D:\\Lab_SQA\\Defects4J_Projects\\Cli_21_b"", ""D:/Lab_SQA/defects4j/framework/projects/Cli/compile-errors//t""...) called at D:/Lab_SQA/defects4j/framework/core/Project/Cli.pm line 99
	Project::Cli::_post_checkout(Project::Cli=HASH(0x1880ccc9da0), ""9cd78b4c83df53ba302baadac4c976ca84f428f9"", ""D:\\Lab_SQA\\Defects4J_Projects\\Cli_21_b"") called at D:/Lab_SQA/defects4j/framework/core/Project.pm line 440
	Project::checkout_vid(Project::Cli=HASH(0x1880ccc9da0), ""21b"") called at D:/Lab_SQA/defects4j/framework/bin/d4j/d4j-checkout line 96
	require D:/Lab_SQA/defects4j/framework/bin/d4j/d4j-checkout called at D:\Lab_SQA\defects4j\framework\bin\defects4j line 195
Compilation failed in require at D:\Lab_SQA\defects4j\framework\bin\defects4j line 195."
Closure,59,CATG,default,1,0,False,unsupported,0,0,False,0,0,0,0,0,0,0.0,STATUS:harness_limitation:unsupported_type:CompilerOptions options:initOptions
Cli,22,CATG,default,1,5,True,completed,0,0,False,57,5,8.77,38,1,2.63,2.69,"modified=org.apache.commons.cli.PosixParser;target=org.apache.commons.cli.PosixParser::burstToken;params=java.lang.String,boolean;catg_cases=5"
Cli,23,CATG,default,1,0,False,unsupported,0,0,False,0,0,0,0,0,0,0.0,STATUS:harness_limitation:unsupported_type:StringBuffer sb:renderWrappedText
Cli,24,CATG,default,1,0,False,unsupported,0,0,False,0,0,0,0,0,0,0.0,STATUS:harness_limitation:unsupported_type:StringBuffer sb:renderWrappedText
Cli,25,CATG,default,1,0,False,unsupported,0,0,False,0,0,0,0,0,0,0.0,STATUS:harness_limitation:unsupported_type:StringBuffer sb:renderWrappedText
Closure,60,CATG,default,1,0,False,unsupported,0,0,False,0,0,0,0,0,0,0.0,STATUS:harness_limitation:unsupported_type:Node n:getPureBooleanValue
Closure,61,CATG,default,1,0,False,unsupported,0,0,False,0,0,0,0,0,0,0.0,STATUS:harness_limitation:unsupported_type:Node callNode:functionCallHasSideEffects
Cli,26,CATG,default,1,5,True,completed,0,0,False,61,23,37.7,4,0,0.0,2.74,modified=org.apache.commons.cli.OptionBuilder;target=org.apache.commons.cli.OptionBuilder::create;params=java.lang.String;catg_cases=5
Cli,27,CATG,default,1,0,False,unsupported,0,0,False,0,0,0,0,0,0,0.0,STATUS:harness_limitation:unsupported_type:Option option:setSelected
Cli,28,CATG,default,1,0,False,unsupported,0,0,False,0,0,0,0,0,0,0.0,STATUS:harness_limitation:unsupported_type:Properties properties:processProperties
Cli,30,CATG,default,1,0,False,unsupported,0,0,False,0,0,0,0,0,0,0.0,STATUS:harness_limitation:unsupported_type:Properties properties:handleProperties
Closure,62,CATG,default,1,0,False,unsupported,0,0,False,0,0,0,0,0,0,0.0,STATUS:harness_limitation:unsupported_type:JSError error:format
Cli,31,CATG,default,1,1,True,completed,0,0,False,386,15,3.89,208,0,0.0,2.07,modified=org.apache.commons.cli.HelpFormatter;org.apache.commons.cli.Option;org.apache.commons.cli.OptionBuilder;target=org.apache.commons.cli.OptionBuilder::reset;params=;catg_cases=1
Cli,33,CATG,default,1,0,False,unsupported,0,0,False,0,0,0,0,0,0,2.13,STATUS:catg_runtime_interpreter:ClassCastException
Closure,64,CATG,default,1,0,False,unsupported,0,0,False,0,0,0,0,0,0,2.16,STATUS:catg_runtime_interpreter:ArrayIndexOutOfBoundsException
Cli,34,CATG,default,1,1,True,completed,0,0,False,180,15,8.33,88,0,0.0,1.53,modified=org.apache.commons.cli.Option;org.apache.commons.cli.OptionBuilder;target=org.apache.commons.cli.OptionBuilder::reset;params=;catg_cases=1
Closure,65,CATG,default,1,0,False,unsupported,0,0,False,0,0,0,0,0,0,0.0,STATUS:harness_limitation:unsupported_type:CharsetEncoder outputCharsetEncoder:strEscape
Closure,66,CATG,default,1,0,False,unsupported,0,0,False,0,0,0,0,0,0,0.0,STATUS:harness_limitation:unsupported_type:NodeTraversal t:visit
Cli,35,CATG,default,1,5,True,completed,0,0,False,57,9,15.79,20,1,5.0,3.08,modified=org.apache.commons.cli.Options;target=org.apache.commons.cli.Options::getMatchingOptions;params=java.lang.String;catg_cases=5
Closure,67,CATG,default,1,0,False,unsupported,0,0,False,0,0,0,0,0,0,0.0,STATUS:harness_limitation:unsupported_type:Node assign:isPrototypePropertyAssign
Cli,37,CATG,default,1,0,False,unsupported,0,0,False,0,0,0,0,0,0,1.25,STATUS:catg_runtime_interpreter:ClassCastException
Cli,38,CATG,default,1,0,False,unsupported,0,0,False,0,0,0,0,0,0,1.16,STATUS:catg_runtime_interpreter:ClassCastException
Cli,39,CATG,default,1,0,False,unsupported,0,0,False,0,0,0,0,0,0,0.0,STATUS:harness_limitation:unsupported_type:final Class<?> clazz:createValue
Cli,40,CATG,default,1,0,False,unsupported,0,0,False,0,0,0,0,0,0,0.0,STATUS:harness_limitation:unsupported_type:final Class<T> clazz:createValue
Closure,2,CATG,default,1,0,False,unsupported,0,0,False,0,0,0,0,0,0,0.0,STATUS:harness_limitation:unsupported_type:NodeTraversal t:checkInterfaceConflictProperties
Closure,68,CATG,default,1,0,False,error,0,0,False,0,0,0,0,0,0,1.85,"STATUS:ERROR:CATG failed with exit 1:
Now testing catg.generated.CatgHarness_7d59407298

========== Input 1 ==========
WARNING: 
java.lang.LinkageError: loader (instance of  sun/misc/Launcher$AppClassLoader): attempted  duplicate class definition for name: ""com/google/common/collect/RegularImmutableList""
	at java.lang.ClassLoader.defineClass1(Native Method)
	at java.lang.ClassLoader.defineClass(ClassLoader.java:756)
	at java.security.SecureClassLoader.defineClass(SecureClassLoader.java:142)
	at java.net.URLClassLoader.defineClass(URLClassLoader.java:473)
	at java.net.URLClassLoader.access$100(URLClassLoader.java:74)
	at java.net.URLClassLoader$1.run(URLClassLoader.java:369)
	at java.net.URLClassLoader$1.run(URLClassLoader.java:363)
	at java.security.AccessController.doPrivileged(Native Method)
	at java.net.URLClassLoader.findClass(URLClassLoader.java:362)
	at java.lang.ClassLoader.loadClass(ClassLoader.java:418)
	at sun.misc.Launcher$AppClassLoader.loadClass(Launcher.java:352)
	at java.lang.ClassLoader.loadClass(ClassLoader.java:351)
	at java.lang.ClassLoader.defineClass1(Native Method)
	at java.lang.ClassLoader.defineClass(ClassLoader.java:756)
	at java.security.SecureClassLoader.defineClass(SecureClassLoader.java:142)
	at java.net.URLClassLoader.defineClass(URLClassLoader.java:473)
	at java.net.URLClassLoader.access$100(URLClassLoader.java:74)
	at java.net.URLClassLoader$1.run(URLClassLoader.java:369)
	at java.net.URLClassLoader$1.run(URLClassLoader.java:363)
	at java.security.AccessController.doPrivileged(Native Method)
	at java.net.URLClassLoader.findClass(URLClassLoader.java:362)
	at java.lang.ClassLoader.loadClass(ClassLoader.java:418)
	at sun.misc.Launcher$AppClassLoader.loadClass(Launcher.java:352)
	at java.lang.ClassLoader.loadClass(ClassLoader.java:351)
	at com.google.javascript.jscomp.parsing.JsDocInfoParser.<clinit>(JsDocInfoParser.java:92)
	at java.lang.Class.forName0(Native Method)
	at java.lang.Class.forName(Class.java:264)
	at catg.generated.CatgHarness_7d59407298.main(CatgHarness_7d59407298.java:12)
Java exited with status 1"
Closure,3,CATG,default,1,0,False,unsupported,0,0,False,0,0,0,0,0,0,3.8,STATUS:concrete_runner:ERROR:java.lang.NoSuchMethodException:com.google.javascript.jscomp.FlowSensitiveInlineVariables$Candidate.canInline()
Closure,4,CATG,default,1,0,False,unsupported,0,0,False,0,0,0,0,0,0,0.0,STATUS:harness_limitation:unsupported_type:ErrorReporter t:resolveInternal
Closure,5,CATG,default,1,0,False,unsupported,0,0,False,0,0,0,0,0,0,0.0,STATUS:harness_limitation:unsupported_type:List<Reference> refs:isInlinableObject
Closure,69,CATG,default,1,0,False,unsupported,0,0,False,0,0,0,0,0,0,0.0,STATUS:harness_limitation:unsupported_type:NodeTraversal t:visitCall
Closure,6,CATG,default,1,0,False,unsupported,0,0,False,0,0,0,0,0,0,0.0,STATUS:harness_limitation:unsupported_type:NodeTraversal t:expectCanAssignToPropertyOf
Closure,7,CATG,default,1,0,False,unsupported,0,0,False,0,0,0,0,0,0,0.0,STATUS:harness_limitation:unsupported_type:ObjectType type:caseObjectType
Closure,70,CATG,default,1,0,False,unsupported,0,0,False,0,0,0,0,0,0,0.0,STATUS:harness_limitation:unsupported_type:Node functionNode:declareArguments
Closure,71,CATG,default,1,0,False,unsupported,0,0,False,0,0,0,0,0,0,0.0,STATUS:harness_limitation:unsupported_type:NodeTraversal t:checkPropertyVisibility
Closure,72,CATG,default,1,0,False,unsupported,0,0,False,0,0,0,0,0,0,0.0,STATUS:harness_limitation:unsupported_type:Node node:visitLabel
Closure,8,CATG,default,1,1,True,completed,0,0,False,84,1,1.19,52,0,0.0,5.47,modified=com.google.javascript.jscomp.CollapseVariableDeclarations;target=com.google.javascript.jscomp.CollapseVariableDeclarations::applyCollapses;params=;catg_cases=1
Closure,73,CATG,default,1,0,False,unsupported,0,0,False,0,0,0,0,0,0,0.0,STATUS:harness_limitation:unsupported_type:CharsetEncoder outputCharsetEncoder:strEscape
Closure,74,CATG,default,1,0,False,unsupported,0,0,False,0,0,0,0,0,0,0.0,STATUS:harness_limitation:unsupported_type:Node left:compareAsNumbers
Closure,75,CATG,default,1,0,False,error,0,0,False,0,0,0,0,0,0,3.08,"STATUS:ERROR:CATG failed with exit 1:
Now testing catg.generated.CatgHarness_8b2392caee

========== Input 1 ==========
WARNING: 
java.lang.LinkageError: loader (instance of  sun/misc/Launcher$AppClassLoader): attempted  duplicate class definition for name: ""com/google/common/collect/RegularImmutableList""
	at java.lang.ClassLoader.defineClass1(Native Method)
	at java.lang.ClassLoader.defineClass(ClassLoader.java:756)
	at java.security.SecureClassLoader.defineClass(SecureClassLoader.java:142)
	at java.net.URLClassLoader.defineClass(URLClassLoader.java:473)
	at java.net.URLClassLoader.access$100(URLClassLoader.java:74)
	at java.net.URLClassLoader$1.run(URLClassLoader.java:369)
	at java.net.URLClassLoader$1.run(URLClassLoader.java:363)
	at java.security.AccessController.doPrivileged(Native Method)
	at java.net.URLClassLoader.findClass(URLClassLoader.java:362)
	at java.lang.ClassLoader.loadClass(ClassLoader.java:418)
	at sun.misc.Launcher$AppClassLoader.loadClass(Launcher.java:352)
	at java.lang.ClassLoader.loadClass(ClassLoader.java:351)
	at java.lang.ClassLoader.defineClass1(Native Method)
	at java.lang.ClassLoader.defineClass(ClassLoader.java:756)
	at java.security.SecureClassLoader.defineClass(SecureClassLoader.java:142)
	at java.net.URLClassLoader.defineClass(URLClassLoader.java:473)
	at java.net.URLClassLoader.access$100(URLClassLoader.java:74)
	at java.net.URLClassLoader$1.run(URLClassLoader.java:369)
	at java.net.URLClassLoader$1.run(URLClassLoader.java:363)
	at java.security.AccessController.doPrivileged(Native Method)
	at java.net.URLClassLoader.findClass(URLClassLoader.java:362)
	at java.lang.ClassLoader.loadClass(ClassLoader.java:418)
	at sun.misc.Launcher$AppClassLoader.loadClass(Launcher.java:352)
	at java.lang.ClassLoader.loadClass(ClassLoader.java:351)
	at com.google.javascript.jscomp.NodeUtil.<clinit>(NodeUtil.java:894)
	at java.lang.Class.forName0(Native Method)
	at java.lang.Class.forName(Class.java:264)
	at catg.generated.CatgHarness_8b2392caee.main(CatgHarness_8b2392caee.java:12)
Java exited with status 1"
Closure,9,CATG,default,1,1,True,completed,0,0,False,108,1,0.93,42,0,0.0,5.72,modified=com.google.javascript.jscomp.ProcessCommonJSModules;target=com.google.javascript.jscomp.ProcessCommonJSModules::normalizeSourceName;params=java.lang.String;catg_cases=1
Closure,10,CATG,default,1,0,False,unsupported,0,0,False,0,0,0,0,0,0,0.0,STATUS:harness_limitation:unsupported_type:Node n:mayBeString
Closure,76,CATG,default,1,0,False,unsupported,0,0,False,0,0,0,0,0,0,0.0,STATUS:harness_limitation:unsupported_type:Node n:isVariableStillLiveWithinExpression
Closure,11,CATG,default,1,0,False,unsupported,0,0,False,0,0,0,0,0,0,0.0,STATUS:harness_limitation:unsupported_type:NodeTraversal t:visitGetProp
Closure,12,CATG,default,1,0,False,unsupported,0,0,False,0,0,0,0,0,0,0.0,STATUS:harness_limitation:unsupported_type:Node n:computeMayUse
Closure,13,CATG,default,1,0,False,unsupported,0,0,False,0,0,0,0,0,0,0.0,STATUS:harness_limitation:unsupported_type:Node node:traverse
Closure,77,CATG,default,1,0,False,unsupported,0,0,False,0,0,0,0,0,0,0.0,STATUS:harness_limitation:unsupported_type:CharsetEncoder outputCharsetEncoder:strEscape
Closure,14,CATG,default,1,0,False,unsupported,0,0,False,0,0,0,0,0,0,0.0,STATUS:harness_limitation:unsupported_type:Node fromNode:computeFollowNode
Closure,15,CATG,default,1,0,False,unsupported,0,0,False,0,0,0,0,0,0,0.0,STATUS:harness_limitation:unsupported_type:Node n:apply
Closure,16,CATG,default,1,0,False,unsupported,0,0,False,0,0,0,0,0,0,0.0,STATUS:harness_limitation:unsupported_type:Node typeNode:fixTypeNode
Closure,17,CATG,default,1,0,False,unsupported,0,0,False,0,0,0,0,0,0,0.0,STATUS:harness_limitation:unsupported_type:JSDocInfo info:getDeclaredType
Closure,78,CATG,default,1,0,False,unsupported,0,0,False,0,0,0,0,0,0,0.0,STATUS:harness_limitation:unsupported_type:Node left:performArithmeticOp
Closure,18,CATG,default,1,0,False,unsupported,0,0,False,0,0,0,0,0,0,3.24,STATUS:catg_runtime_interpreter:ArrayIndexOutOfBoundsException
Closure,19,CATG,default,1,0,False,unsupported,0,0,False,0,0,0,0,0,0,0.0,STATUS:harness_limitation:unsupported_type:FlowScope scope:declareNameInScope
Closure,20,CATG,default,1,0,False,unsupported,0,0,False,0,0,0,0,0,0,0.0,STATUS:harness_limitation:unsupported_type:Node n:tryFoldSimpleFunctionCall
Closure,21,CATG,default,1,0,False,unsupported,0,0,False,0,0,0,0,0,0,0.0,STATUS:harness_limitation:unsupported_type:NodeTraversal t:visit
Closure,22,CATG,default,1,0,False,unsupported,0,0,False,0,0,0,0,0,0,0.0,STATUS:harness_limitation:unsupported_type:NodeTraversal t:visit
Closure,79,CATG,default,1,0,False,unsupported,0,0,False,0,0,0,0,0,0,3.01,STATUS:catg_runtime_interpreter:ArrayIndexOutOfBoundsException
Closure,23,CATG,default,1,0,False,unsupported,0,0,False,0,0,0,0,0,0,0.0,STATUS:harness_limitation:unsupported_type:Node n:tryFoldArrayAccess
Closure,24,CATG,default,1,0,False,unsupported,0,0,False,0,0,0,0,0,0,0.0,STATUS:harness_limitation:unsupported_type:NodeTraversal t:findAliases
Closure,25,CATG,default,1,0,False,unsupported,0,0,False,0,0,0,0,0,0,0.0,STATUS:harness_limitation:unsupported_type:Node n:traverseNew
Closure,26,CATG,default,1,0,False,unsupported,0,0,False,0,0,0,0,0,0,0.0,STATUS:harness_limitation:unsupported_type:Node script:emitOptionalModuleExportsOverride
Closure,80,CATG,default,1,0,False,unsupported,0,0,False,0,0,0,0,0,0,0.0,STATUS:harness_limitation:unsupported_type:Node value:evaluatesToLocalValue
Closure,27,CATG,default,1,0,False,unsupported,0,0,False,0,0,0,0,0,0,0.0,STATUS:harness_limitation:unsupported_type:Node tryBody:tryFinally
Closure,28,CATG,default,1,0,False,unsupported,0,0,False,0,0,0,0,0,0,0.0,STATUS:target_discovery:no_source_method
Closure,29,CATG,default,1,0,False,unsupported,0,0,False,0,0,0,0,0,0,0.0,STATUS:harness_limitation:unsupported_type:List<Reference> refs:isInlinableObject
Closure,81,CATG,default,1,0,False,unsupported,0,0,False,0,0,0,0,0,0,0.0,STATUS:harness_limitation:unsupported_type:FunctionNode functionNode:processFunctionNode
Closure,30,CATG,default,1,0,False,error,0,0,False,0,0,0,0,0,0,3.29,"STATUS:ERROR:CATG failed with exit 1:
Now testing catg.generated.CatgHarness_94d49545b0

========== Input 1 ==========
WARNING: 
java.lang.NoSuchMethodException: com.google.javascript.jscomp.MustBeReachingVariableDef.AbstractCfgNodeTraversalCallback()
	at java.lang.Class.getDeclaredMethod(Class.java:2130)
	at catg.generated.CatgHarness_94d49545b0.main(CatgHarness_94d49545b0.java:14)
Java exited with status 1"
Closure,31,CATG,default,1,0,False,unsupported,0,0,False,0,0,0,0,0,0,5.61,STATUS:catg_runtime_interpreter:ArrayIndexOutOfBoundsException
Closure,32,CATG,default,1,0,False,unsupported,0,0,False,0,0,0,0,0,0,0.0,STATUS:harness_limitation:unsupported_type:JsDocToken token:extractMultilineTextualBlock
Closure,82,CATG,default,1,0,False,unsupported,0,0,False,0,0,0,0,0,0,0.0,STATUS:harness_limitation:abstract_class:isEmptyType
Closure,33,CATG,default,1,0,False,unsupported,0,0,False,0,0,0,0,0,0,0.0,STATUS:harness_limitation:unsupported_type:ObjectType constraintObj:matchConstraint
Closure,83,CATG,default,1,0,False,unsupported,0,0,False,0,0,0,0,0,0,0.0,STATUS:harness_limitation:unsupported_type:Parameters params:parseArguments
Closure,84,CATG,default,1,0,False,unsupported,0,0,False,0,0,0,0,0,0,0.0,STATUS:harness_limitation:unsupported_type:VariableDeclaration declarationNode:processVariableDeclaration
Closure,85,CATG,default,1,0,False,error,0,0,False,0,0,0,0,0,0,0.0,STATUS:ERROR:[WinError 145] The directory is not empty: 'D:\\Lab_SQA\\Defects4J_Projects\\Closure_85_b\\.git'
Closure,86,CATG,default,1,0,False,unsupported,0,0,False,0,0,0,0,0,0,0.0,STATUS:harness_limitation:unsupported_type:Node value:evaluatesToLocalValue
Closure,87,CATG,default,1,0,False,unsupported,0,0,False,0,0,0,0,0,0,0.0,STATUS:harness_limitation:unsupported_type:Node n:isFoldableExpressBlock
Closure,88,CATG,default,1,0,False,error,0,0,False,0,0,0,0,0,0,0.0,"STATUS:ERROR:checkout Closure-88b failed at D:\Lab_SQA\Defects4J_Projects\Closure_88_b: exit=1
Checking out 6a17da87 to D:\Lab_SQA\Defects4J_Projects\Closure_88_b........ OK
Init local repository...................................................... OK
Tag post-fix revision...................................................... OK
Cannot determine how to apply patch!
All attempts failed:
* cd D:\Lab_SQA\Defects4J_Projects\Closure_88_b && git apply -p1 --ignore-whitespace --check D:/Lab_SQA/defects4j/framework/projects/Closure/compile-errors//test-79-105.diff 2>&1
error: test/com/google/javascript/jscomp/DataFlowAnalysisTest.java: No such file or directory
* cd D:\Lab_SQA\Defects4J_Projects\Closure_88_b && git apply -p0 --ignore-whitespace --check D:/Lab_SQA/defects4j/framework/projects/Closure/compile-errors//test-79-105.diff 2>&1
error: a/test/com/google/javascript/jscomp/DataFlowAnalysisTest.java: No such file or directory
* cd D:\Lab_SQA\Defects4J_Projects\Closure_88_b && git apply -p2 --ignore-whitespace --check D:/Lab_SQA/defects4j/framework/projects/Closure/compile-errors//test-79-105.diff 2>&1
error: com/google/javascript/jscomp/DataFlowAnalysisTest.java: No such file or directory
----------------------------------------------------------------------
 at D:/Lab_SQA/defects4j/framework/core/Vcs.pm line 414.
	Vcs::_apply_cmd(Vcs::Git=HASH(0x195f9632950), ""D:\\Lab_SQA\\Defects4J_Projects\\Closure_88_b"", ""D:/Lab_SQA/defects4j/framework/projects/Closure/compile-error""..., undef) called at D:/Lab_SQA/defects4j/framework/core/Vcs.pm line 375
	Vcs::apply_patch(Vcs::Git=HASH(0x195f9632950), ""D:\\Lab_SQA\\Defects4J_Projects\\Closure_88_b"", ""D:/Lab_SQA/defects4j/framework/projects/Closure/compile-error""...) called at D:/Lab_SQA/defects4j/framework/core/Project.pm line 1084
	Project::apply_patch(Project::Closure=HASH(0x195f9637f60), ""D:\\Lab_SQA\\Defects4J_Projects\\Closure_88_b"", ""D:/Lab_SQA/defects4j/framework/projects/Closure/compile-error""...) called at D:/Lab_SQA/defects4j/framework/core/Project/Closure.pm line 82
	Project::Closure::_post_checkout(Project::Closure=HASH(0x195f9637f60), ""6a17da87f9e132bdc147b33223826da040c77a6b"", ""D:\\Lab_SQA\\Defects4J_Projects\\Closure_88_b"") called at D:/Lab_SQA/defects4j/framework/core/Project.pm line 440
	Project::checkout_vid(Project::Closure=HASH(0x195f9637f60), ""88b"") called at D:/Lab_SQA/defects4j/framework/bin/d4j/d4j-checkout line 96
	require D:/Lab_SQA/defects4j/framework/bin/d4j/d4j-checkout called at D:\Lab_SQA\defects4j\framework\bin\defects4j line 195
Compilation failed in require at D:\Lab_SQA\defects4j\framework\bin\defects4j line 195."
Closure,89,CATG,default,1,0,False,error,0,0,False,0,0,0,0,0,0,0.0,"STATUS:ERROR:checkout Closure-89b failed at D:\Lab_SQA\Defects4J_Projects\Closure_89_b: exit=128
Checking out 4b065734 to D:\Lab_SQA\Defects4J_Projects\Closure_89_b........ FAIL
Executed command: git clone D:/Lab_SQA/defects4j/project_repos/closure-compiler.git D:\Lab_SQA\Defects4J_Projects\Closure_89_b 2>&1 && cd D:\Lab_SQA\Defects4J_Projects\Closure_89_b && git checkout 4b065734d8afb5ab0d241ee5da22af0fa9d75ec3 2>&1
Cloning into 'D:\Lab_SQA\Defects4J_Projects\Closure_89_b'...
done.
fatal: unable to read tree (4b065734d8afb5ab0d241ee5da22af0fa9d75ec3)
Cannot checkout program version! at D:/Lab_SQA/defects4j/framework/bin/d4j/d4j-checkout line 96.
Compilation failed in require at D:\Lab_SQA\defects4j\framework\bin\defects4j line 195."
Closure,90,CATG,default,1,0,False,error,0,0,False,0,0,0,0,0,0,0.0,"STATUS:ERROR:checkout Closure-90b failed at D:\Lab_SQA\Defects4J_Projects\Closure_90_b: exit=128
Checking out c5e143f7 to D:\Lab_SQA\Defects4J_Projects\Closure_90_b........ FAIL
Executed command: git clone D:/Lab_SQA/defects4j/project_repos/closure-compiler.git D:\Lab_SQA\Defects4J_Projects\Closure_90_b 2>&1 && cd D:\Lab_SQA\Defects4J_Projects\Closure_90_b && git checkout c5e143f7df0c3d73f6634488cac8ad8e7054fe05 2>&1
Cloning into 'D:\Lab_SQA\Defects4J_Projects\Closure_90_b'...
done.
fatal: unable to read tree (c5e143f7df0c3d73f6634488cac8ad8e7054fe05)
Cannot checkout program version! at D:/Lab_SQA/defects4j/framework/bin/d4j/d4j-checkout line 96.
Compilation failed in require at D:\Lab_SQA\defects4j\framework\bin\defects4j line 195."
Closure,91,CATG,default,1,0,False,error,0,0,False,0,0,0,0,0,0,0.0,"STATUS:ERROR:checkout Closure-91b failed at D:\Lab_SQA\Defects4J_Projects\Closure_91_b: exit=128
Checking out 7eb2d84d to D:\Lab_SQA\Defects4J_Projects\Closure_91_b........ FAIL
Executed command: git clone D:/Lab_SQA/defects4j/project_repos/closure-compiler.git D:\Lab_SQA\Defects4J_Projects\Closure_91_b 2>&1 && cd D:\Lab_SQA\Defects4J_Projects\Closure_91_b && git checkout 7eb2d84de101a125d41d3a1157f4eed789ca4a0d 2>&1
Cloning into 'D:\Lab_SQA\Defects4J_Projects\Closure_91_b'...
done.
fatal: unable to read tree (7eb2d84de101a125d41d3a1157f4eed789ca4a0d)
Cannot checkout program version! at D:/Lab_SQA/defects4j/framework/bin/d4j/d4j-checkout line 96.
Compilation failed in require at D:\Lab_SQA\defects4j\framework\bin\defects4j line 195."
Closure,92,CATG,default,1,0,False,error,0,0,False,0,0,0,0,0,0,0.0,"STATUS:ERROR:checkout Closure-92b failed at D:\Lab_SQA\Defects4J_Projects\Closure_92_b: exit=128
Checking out 8980b600 to D:\Lab_SQA\Defects4J_Projects\Closure_92_b........ FAIL
Executed command: git clone D:/Lab_SQA/defects4j/project_repos/closure-compiler.git D:\Lab_SQA\Defects4J_Projects\Closure_92_b 2>&1 && cd D:\Lab_SQA\Defects4J_Projects\Closure_92_b && git checkout 8980b60033b1c6853cbca593ec89d3d332adf7dc 2>&1
Cloning into 'D:\Lab_SQA\Defects4J_Projects\Closure_92_b'...
done.
fatal: unable to read tree (8980b60033b1c6853cbca593ec89d3d332adf7dc)
Cannot checkout program version! at D:/Lab_SQA/defects4j/framework/bin/d4j/d4j-checkout line 96.
Compilation failed in require at D:\Lab_SQA\defects4j\framework\bin\defects4j line 195."
Closure,94,CATG,default,1,0,False,error,0,0,False,0,0,0,0,0,0,0.0,"STATUS:ERROR:checkout Closure-94b failed at D:\Lab_SQA\Defects4J_Projects\Closure_94_b: exit=128
Checking out 7cc74859 to D:\Lab_SQA\Defects4J_Projects\Closure_94_b........ FAIL
Executed command: git clone D:/Lab_SQA/defects4j/project_repos/closure-compiler.git D:\Lab_SQA\Defects4J_Projects\Closure_94_b 2>&1 && cd D:\Lab_SQA\Defects4J_Projects\Closure_94_b && git checkout 7cc748592670105f9d783b1b85f0f27e938db4ff 2>&1
Cloning into 'D:\Lab_SQA\Defects4J_Projects\Closure_94_b'...
done.
fatal: unable to read tree (7cc748592670105f9d783b1b85f0f27e938db4ff)
Cannot checkout program version! at D:/Lab_SQA/defects4j/framework/bin/d4j/d4j-checkout line 96.
Compilation failed in require at D:\Lab_SQA\defects4j\framework\bin\defects4j line 195."
Closure,95,CATG,default,1,0,False,error,0,0,False,0,0,0,0,0,0,0.0,"STATUS:ERROR:checkout Closure-95b failed at D:\Lab_SQA\Defects4J_Projects\Closure_95_b: exit=128
Checking out f6607996 to D:\Lab_SQA\Defects4J_Projects\Closure_95_b........ FAIL
Executed command: git clone D:/Lab_SQA/defects4j/project_repos/closure-compiler.git D:\Lab_SQA\Defects4J_Projects\Closure_95_b 2>&1 && cd D:\Lab_SQA\Defects4J_Projects\Closure_95_b && git checkout f6607996d6d3bd6820ce3848d147991b27600a12 2>&1
Cloning into 'D:\Lab_SQA\Defects4J_Projects\Closure_95_b'...
done.
fatal: unable to read tree (f6607996d6d3bd6820ce3848d147991b27600a12)
Cannot checkout program version! at D:/Lab_SQA/defects4j/framework/bin/d4j/d4j-checkout line 96.
Compilation failed in require at D:\Lab_SQA\defects4j\framework\bin\defects4j line 195."
Closure,96,CATG,default,1,0,False,error,0,0,False,0,0,0,0,0,0,0.0,"STATUS:ERROR:checkout Closure-96b failed at D:\Lab_SQA\Defects4J_Projects\Closure_96_b: exit=128
Checking out 807aaf25 to D:\Lab_SQA\Defects4J_Projects\Closure_96_b........ FAIL
Executed command: git clone D:/Lab_SQA/defects4j/project_repos/closure-compiler.git D:\Lab_SQA\Defects4J_Projects\Closure_96_b 2>&1 && cd D:\Lab_SQA\Defects4J_Projects\Closure_96_b && git checkout 807aaf2569e9eb09761068c5aeb95654daea30d9 2>&1
Cloning into 'D:\Lab_SQA\Defects4J_Projects\Closure_96_b'...
done.
fatal: unable to read tree (807aaf2569e9eb09761068c5aeb95654daea30d9)
Cannot checkout program version! at D:/Lab_SQA/defects4j/framework/bin/d4j/d4j-checkout line 96.
Compilation failed in require at D:\Lab_SQA\defects4j\framework\bin\defects4j line 195."
Closure,97,CATG,default,1,0,False,error,0,0,False,0,0,0,0,0,0,0.0,"STATUS:ERROR:checkout Closure-97b failed at D:\Lab_SQA\Defects4J_Projects\Closure_97_b: exit=128
Checking out ee749e28 to D:\Lab_SQA\Defects4J_Projects\Closure_97_b........ FAIL
Executed command: git clone D:/Lab_SQA/defects4j/project_repos/closure-compiler.git D:\Lab_SQA\Defects4J_Projects\Closure_97_b 2>&1 && cd D:\Lab_SQA\Defects4J_Projects\Closure_97_b && git checkout ee749e286b477f8d6f53ff5960a38453baf50f31 2>&1
Cloning into 'D:\Lab_SQA\Defects4J_Projects\Closure_97_b'...
done.
fatal: unable to read tree (ee749e286b477f8d6f53ff5960a38453baf50f31)
Cannot checkout program version! at D:/Lab_SQA/defects4j/framework/bin/d4j/d4j-checkout line 96.
Compilation failed in require at D:\Lab_SQA\defects4j\framework\bin\defects4j line 195."
Closure,98,CATG,default,1,0,False,error,0,0,False,0,0,0,0,0,0,0.0,"STATUS:ERROR:checkout Closure-98b failed at D:\Lab_SQA\Defects4J_Projects\Closure_98_b: exit=128
Checking out d1df9704 to D:\Lab_SQA\Defects4J_Projects\Closure_98_b........ FAIL
Executed command: git clone D:/Lab_SQA/defects4j/project_repos/closure-compiler.git D:\Lab_SQA\Defects4J_Projects\Closure_98_b 2>&1 && cd D:\Lab_SQA\Defects4J_Projects\Closure_98_b && git checkout d1df970451b5a18956448097b3afb43f3a82263d 2>&1
Cloning into 'D:\Lab_SQA\Defects4J_Projects\Closure_98_b'...
done.
fatal: unable to read tree (d1df970451b5a18956448097b3afb43f3a82263d)
Cannot checkout program version! at D:/Lab_SQA/defects4j/framework/bin/d4j/d4j-checkout line 96.
Compilation failed in require at D:\Lab_SQA\defects4j\framework\bin\defects4j line 195."
Closure,99,CATG,default,1,0,False,error,0,0,False,0,0,0,0,0,0,0.0,"STATUS:ERROR:checkout Closure-99b failed at D:\Lab_SQA\Defects4J_Projects\Closure_99_b: exit=128
Checking out 8aa879a4 to D:\Lab_SQA\Defects4J_Projects\Closure_99_b........ FAIL
Executed command: git clone D:/Lab_SQA/defects4j/project_repos/closure-compiler.git D:\Lab_SQA\Defects4J_Projects\Closure_99_b 2>&1 && cd D:\Lab_SQA\Defects4J_Projects\Closure_99_b && git checkout 8aa879a4eeb18cfc8d13e6c843a32b7f41ccd516 2>&1
Cloning into 'D:\Lab_SQA\Defects4J_Projects\Closure_99_b'...
done.
fatal: unable to read tree (8aa879a4eeb18cfc8d13e6c843a32b7f41ccd516)
Cannot checkout program version! at D:/Lab_SQA/defects4j/framework/bin/d4j/d4j-checkout line 96.
Compilation failed in require at D:\Lab_SQA\defects4j\framework\bin\defects4j line 195."
Closure,100,CATG,default,1,0,False,error,0,0,False,0,0,0,0,0,0,0.0,"STATUS:ERROR:checkout Closure-100b failed at D:\Lab_SQA\Defects4J_Projects\Closure_100_b: exit=128
Checking out 6d00ac1a to D:\Lab_SQA\Defects4J_Projects\Closure_100_b....... FAIL
Executed command: git clone D:/Lab_SQA/defects4j/project_repos/closure-compiler.git D:\Lab_SQA\Defects4J_Projects\Closure_100_b 2>&1 && cd D:\Lab_SQA\Defects4J_Projects\Closure_100_b && git checkout 6d00ac1a68612aade8a19d7ecc9b180f00ae5234 2>&1
Cloning into 'D:\Lab_SQA\Defects4J_Projects\Closure_100_b'...
done.
fatal: unable to read tree (6d00ac1a68612aade8a19d7ecc9b180f00ae5234)
Cannot checkout program version! at D:/Lab_SQA/defects4j/framework/bin/d4j/d4j-checkout line 96.
Compilation failed in require at D:\Lab_SQA\defects4j\framework\bin\defects4j line 195."
Closure,101,CATG,default,1,0,False,error,0,0,False,0,0,0,0,0,0,0.0,"STATUS:ERROR:checkout Closure-101b failed at D:\Lab_SQA\Defects4J_Projects\Closure_101_b: exit=128
Checking out 369282db to D:\Lab_SQA\Defects4J_Projects\Closure_101_b....... FAIL
Executed command: git clone D:/Lab_SQA/defects4j/project_repos/closure-compiler.git D:\Lab_SQA\Defects4J_Projects\Closure_101_b 2>&1 && cd D:\Lab_SQA\Defects4J_Projects\Closure_101_b && git checkout 369282db85567f1bf2c9635d0c0043d47f114814 2>&1
Cloning into 'D:\Lab_SQA\Defects4J_Projects\Closure_101_b'...
done.
fatal: unable to read tree (369282db85567f1bf2c9635d0c0043d47f114814)
Cannot checkout program version! at D:/Lab_SQA/defects4j/framework/bin/d4j/d4j-checkout line 96.
Compilation failed in require at D:\Lab_SQA\defects4j\framework\bin\defects4j line 195."
Closure,102,CATG,default,1,0,False,error,0,0,False,0,0,0,0,0,0,0.0,"STATUS:ERROR:checkout Closure-102b failed at D:\Lab_SQA\Defects4J_Projects\Closure_102_b: exit=128
Checking out d48c365b to D:\Lab_SQA\Defects4J_Projects\Closure_102_b....... FAIL
Executed command: git clone D:/Lab_SQA/defects4j/project_repos/closure-compiler.git D:\Lab_SQA\Defects4J_Projects\Closure_102_b 2>&1 && cd D:\Lab_SQA\Defects4J_Projects\Closure_102_b && git checkout d48c365ba8251057a71a2e2b7aabff640209e31b 2>&1
Cloning into 'D:\Lab_SQA\Defects4J_Projects\Closure_102_b'...
done.
fatal: unable to read tree (d48c365ba8251057a71a2e2b7aabff640209e31b)
Cannot checkout program version! at D:/Lab_SQA/defects4j/framework/bin/d4j/d4j-checkout line 96.
Compilation failed in require at D:\Lab_SQA\defects4j\framework\bin\defects4j line 195."
Closure,103,CATG,default,1,0,False,error,0,0,False,0,0,0,0,0,0,0.0,"STATUS:ERROR:checkout Closure-103b failed at D:\Lab_SQA\Defects4J_Projects\Closure_103_b: exit=128
Checking out 2f5cb162 to D:\Lab_SQA\Defects4J_Projects\Closure_103_b....... FAIL
Executed command: git clone D:/Lab_SQA/defects4j/project_repos/closure-compiler.git D:\Lab_SQA\Defects4J_Projects\Closure_103_b 2>&1 && cd D:\Lab_SQA\Defects4J_Projects\Closure_103_b && git checkout 2f5cb1622371de540fe20dcbe0411651ec89f952 2>&1
Cloning into 'D:\Lab_SQA\Defects4J_Projects\Closure_103_b'...
done.
fatal: unable to read tree (2f5cb1622371de540fe20dcbe0411651ec89f952)
Cannot checkout program version! at D:/Lab_SQA/defects4j/framework/bin/d4j/d4j-checkout line 96.
Compilation failed in require at D:\Lab_SQA\defects4j\framework\bin\defects4j line 195."
Closure,104,CATG,default,1,0,False,error,0,0,False,0,0,0,0,0,0,0.0,"STATUS:ERROR:checkout Closure-104b failed at D:\Lab_SQA\Defects4J_Projects\Closure_104_b: exit=128
Checking out 67289ae4 to D:\Lab_SQA\Defects4J_Projects\Closure_104_b....... FAIL
Executed command: git clone D:/Lab_SQA/defects4j/project_repos/closure-compiler.git D:\Lab_SQA\Defects4J_Projects\Closure_104_b 2>&1 && cd D:\Lab_SQA\Defects4J_Projects\Closure_104_b && git checkout 67289ae4cbaba3ae70cd2e8fb92f3f2898039dfb 2>&1
Cloning into 'D:\Lab_SQA\Defects4J_Projects\Closure_104_b'...
done.
fatal: unable to read tree (67289ae4cbaba3ae70cd2e8fb92f3f2898039dfb)
Cannot checkout program version! at D:/Lab_SQA/defects4j/framework/bin/d4j/d4j-checkout line 96.
Compilation failed in require at D:\Lab_SQA\defects4j\framework\bin\defects4j line 195."
Closure,105,CATG,default,1,0,False,error,0,0,False,0,0,0,0,0,0,0.0,"STATUS:ERROR:checkout Closure-105b failed at D:\Lab_SQA\Defects4J_Projects\Closure_105_b: exit=128
Checking out 113a08f5 to D:\Lab_SQA\Defects4J_Projects\Closure_105_b....... FAIL
Executed command: git clone D:/Lab_SQA/defects4j/project_repos/closure-compiler.git D:\Lab_SQA\Defects4J_Projects\Closure_105_b 2>&1 && cd D:\Lab_SQA\Defects4J_Projects\Closure_105_b && git checkout 113a08f59e8116fb11a7d4ceb11d5bb09b74ac3c 2>&1
Cloning into 'D:\Lab_SQA\Defects4J_Projects\Closure_105_b'...
done.
fatal: unable to read tree (113a08f59e8116fb11a7d4ceb11d5bb09b74ac3c)
Cannot checkout program version! at D:/Lab_SQA/defects4j/framework/bin/d4j/d4j-checkout line 96.
Compilation failed in require at D:\Lab_SQA\defects4j\framework\bin\defects4j line 195."
Closure,106,CATG,default,1,0,False,error,0,0,False,0,0,0,0,0,0,0.0,"STATUS:ERROR:checkout Closure-106b failed at D:\Lab_SQA\Defects4J_Projects\Closure_106_b: exit=128
Checking out e609670b to D:\Lab_SQA\Defects4J_Projects\Closure_106_b....... FAIL
Executed command: git clone D:/Lab_SQA/defects4j/project_repos/closure-compiler.git D:\Lab_SQA\Defects4J_Projects\Closure_106_b 2>&1 && cd D:\Lab_SQA\Defects4J_Projects\Closure_106_b && git checkout e609670bb56e0c7216c9476a5f6a5594e7f1acdb 2>&1
Cloning into 'D:\Lab_SQA\Defects4J_Projects\Closure_106_b'...
done.
fatal: unable to read tree (e609670bb56e0c7216c9476a5f6a5594e7f1acdb)
Cannot checkout program version! at D:/Lab_SQA/defects4j/framework/bin/d4j/d4j-checkout line 96.
Compilation failed in require at D:\Lab_SQA\defects4j\framework\bin\defects4j line 195."
Closure,107,CATG,default,1,0,False,error,0,0,False,0,0,0,0,0,0,0.0,"STATUS:ERROR:checkout Closure-107b failed at D:\Lab_SQA\Defects4J_Projects\Closure_107_b: exit=128
Checking out 49e9565f to D:\Lab_SQA\Defects4J_Projects\Closure_107_b....... FAIL
Executed command: git clone D:/Lab_SQA/defects4j/project_repos/closure-compiler.git D:\Lab_SQA\Defects4J_Projects\Closure_107_b 2>&1 && cd D:\Lab_SQA\Defects4J_Projects\Closure_107_b && git checkout 49e9565febba904484396e2aef7dbe86f55e9cc5 2>&1
Cloning into 'D:\Lab_SQA\Defects4J_Projects\Closure_107_b'...
done.
fatal: unable to read tree (49e9565febba904484396e2aef7dbe86f55e9cc5)
Cannot checkout program version! at D:/Lab_SQA/defects4j/framework/bin/d4j/d4j-checkout line 96.
Compilation failed in require at D:\Lab_SQA\defects4j\framework\bin\defects4j line 195."
Closure,108,CATG,default,1,0,False,error,0,0,False,0,0,0,0,0,0,0.0,"STATUS:ERROR:checkout Closure-108b failed at D:\Lab_SQA\Defects4J_Projects\Closure_108_b: exit=128
Checking out aae547f4 to D:\Lab_SQA\Defects4J_Projects\Closure_108_b....... FAIL
Executed command: git clone D:/Lab_SQA/defects4j/project_repos/closure-compiler.git D:\Lab_SQA\Defects4J_Projects\Closure_108_b 2>&1 && cd D:\Lab_SQA\Defects4J_Projects\Closure_108_b && git checkout aae547f4d911dfbf42ca5a31aeb401ac83725a14 2>&1
Cloning into 'D:\Lab_SQA\Defects4J_Projects\Closure_108_b'...
done.
fatal: unable to read tree (aae547f4d911dfbf42ca5a31aeb401ac83725a14)
Cannot checkout program version! at D:/Lab_SQA/defects4j/framework/bin/d4j/d4j-checkout line 96.
Compilation failed in require at D:\Lab_SQA\defects4j\framework\bin\defects4j line 195."
Closure,109,CATG,default,1,0,False,error,0,0,False,0,0,0,0,0,0,0.0,"STATUS:ERROR:checkout Closure-109b failed at D:\Lab_SQA\Defects4J_Projects\Closure_109_b: exit=128
Checking out 7d26b7bc to D:\Lab_SQA\Defects4J_Projects\Closure_109_b....... FAIL
Executed command: git clone D:/Lab_SQA/defects4j/project_repos/closure-compiler.git D:\Lab_SQA\Defects4J_Projects\Closure_109_b 2>&1 && cd D:\Lab_SQA\Defects4J_Projects\Closure_109_b && git checkout 7d26b7bcae8311f3c032bae3f1df27b590a4c174 2>&1
Cloning into 'D:\Lab_SQA\Defects4J_Projects\Closure_109_b'...
done.
fatal: unable to read tree (7d26b7bcae8311f3c032bae3f1df27b590a4c174)
Cannot checkout program version! at D:/Lab_SQA/defects4j/framework/bin/d4j/d4j-checkout line 96.
Compilation failed in require at D:\Lab_SQA\defects4j\framework\bin\defects4j line 195."
Closure,110,CATG,default,1,0,False,error,0,0,False,0,0,0,0,0,0,0.0,"STATUS:ERROR:checkout Closure-110b failed at D:\Lab_SQA\Defects4J_Projects\Closure_110_b: exit=128
Checking out 13fb7fcb to D:\Lab_SQA\Defects4J_Projects\Closure_110_b....... FAIL
Executed command: git clone D:/Lab_SQA/defects4j/project_repos/closure-compiler.git D:\Lab_SQA\Defects4J_Projects\Closure_110_b 2>&1 && cd D:\Lab_SQA\Defects4J_Projects\Closure_110_b && git checkout 13fb7fcbcad87f8df63535491627bf7b01471064 2>&1
Cloning into 'D:\Lab_SQA\Defects4J_Projects\Closure_110_b'...
done.
fatal: unable to read tree (13fb7fcbcad87f8df63535491627bf7b01471064)
Cannot checkout program version! at D:/Lab_SQA/defects4j/framework/bin/d4j/d4j-checkout line 96.
Compilation failed in require at D:\Lab_SQA\defects4j\framework\bin\defects4j line 195."
Closure,111,CATG,default,1,0,False,error,0,0,False,0,0,0,0,0,0,0.0,"STATUS:ERROR:checkout Closure-111b failed at D:\Lab_SQA\Defects4J_Projects\Closure_111_b: exit=128
Checking out 6f981f77 to D:\Lab_SQA\Defects4J_Projects\Closure_111_b....... FAIL
Executed command: git clone D:/Lab_SQA/defects4j/project_repos/closure-compiler.git D:\Lab_SQA\Defects4J_Projects\Closure_111_b 2>&1 && cd D:\Lab_SQA\Defects4J_Projects\Closure_111_b && git checkout 6f981f77e5bd9e2eecbd851a2a02933cdb9af0d8 2>&1
Cloning into 'D:\Lab_SQA\Defects4J_Projects\Closure_111_b'...
done.
fatal: unable to read tree (6f981f77e5bd9e2eecbd851a2a02933cdb9af0d8)
Cannot checkout program version! at D:/Lab_SQA/defects4j/framework/bin/d4j/d4j-checkout line 96.
Compilation failed in require at D:\Lab_SQA\defects4j\framework\bin\defects4j line 195."
Closure,112,CATG,default,1,0,False,error,0,0,False,0,0,0,0,0,0,0.0,"STATUS:ERROR:checkout Closure-112b failed at D:\Lab_SQA\Defects4J_Projects\Closure_112_b: exit=128
Checking out b168c882 to D:\Lab_SQA\Defects4J_Projects\Closure_112_b....... FAIL
Executed command: git clone D:/Lab_SQA/defects4j/project_repos/closure-compiler.git D:\Lab_SQA\Defects4J_Projects\Closure_112_b 2>&1 && cd D:\Lab_SQA\Defects4J_Projects\Closure_112_b && git checkout b168c8822b2d3d12515ec6477812674c8805bcf3 2>&1
Cloning into 'D:\Lab_SQA\Defects4J_Projects\Closure_112_b'...
done.
fatal: unable to read tree (b168c8822b2d3d12515ec6477812674c8805bcf3)
Cannot checkout program version! at D:/Lab_SQA/defects4j/framework/bin/d4j/d4j-checkout line 96.
Compilation failed in require at D:\Lab_SQA\defects4j\framework\bin\defects4j line 195."
Closure,113,CATG,default,1,0,False,error,0,0,False,0,0,0,0,0,0,0.0,"STATUS:ERROR:checkout Closure-113b failed at D:\Lab_SQA\Defects4J_Projects\Closure_113_b: exit=128
Checking out 0fb76a81 to D:\Lab_SQA\Defects4J_Projects\Closure_113_b....... FAIL
Executed command: git clone D:/Lab_SQA/defects4j/project_repos/closure-compiler.git D:\Lab_SQA\Defects4J_Projects\Closure_113_b 2>&1 && cd D:\Lab_SQA\Defects4J_Projects\Closure_113_b && git checkout 0fb76a81bbdd8ab84a00b8be2099abfb83c88668 2>&1
Cloning into 'D:\Lab_SQA\Defects4J_Projects\Closure_113_b'...
done.
fatal: unable to read tree (0fb76a81bbdd8ab84a00b8be2099abfb83c88668)
Cannot checkout program version! at D:/Lab_SQA/defects4j/framework/bin/d4j/d4j-checkout line 96.
Compilation failed in require at D:\Lab_SQA\defects4j\framework\bin\defects4j line 195."
Closure,114,CATG,default,1,0,False,error,0,0,False,0,0,0,0,0,0,0.0,"STATUS:ERROR:checkout Closure-114b failed at D:\Lab_SQA\Defects4J_Projects\Closure_114_b: exit=128
Checking out 5f03c681 to D:\Lab_SQA\Defects4J_Projects\Closure_114_b....... FAIL
Executed command: git clone D:/Lab_SQA/defects4j/project_repos/closure-compiler.git D:\Lab_SQA\Defects4J_Projects\Closure_114_b 2>&1 && cd D:\Lab_SQA\Defects4J_Projects\Closure_114_b && git checkout 5f03c6817341d39d8dead76c7511fd6bb0b9009f 2>&1
Cloning into 'D:\Lab_SQA\Defects4J_Projects\Closure_114_b'...
done.
fatal: unable to read tree (5f03c6817341d39d8dead76c7511fd6bb0b9009f)
Cannot checkout program version! at D:/Lab_SQA/defects4j/framework/bin/d4j/d4j-checkout line 96.
Compilation failed in require at D:\Lab_SQA\defects4j\framework\bin\defects4j line 195."
Closure,115,CATG,default,1,0,False,error,0,0,False,0,0,0,0,0,0,0.0,"STATUS:ERROR:checkout Closure-115b failed at D:\Lab_SQA\Defects4J_Projects\Closure_115_b: exit=128
Checking out 4597738e to D:\Lab_SQA\Defects4J_Projects\Closure_115_b....... FAIL
Executed command: git clone D:/Lab_SQA/defects4j/project_repos/closure-compiler.git D:\Lab_SQA\Defects4J_Projects\Closure_115_b 2>&1 && cd D:\Lab_SQA\Defects4J_Projects\Closure_115_b && git checkout 4597738e8898f738c1f969fe90479728be81cc80 2>&1
Cloning into 'D:\Lab_SQA\Defects4J_Projects\Closure_115_b'...
done.
fatal: unable to read tree (4597738e8898f738c1f969fe90479728be81cc80)
Cannot checkout program version! at D:/Lab_SQA/defects4j/framework/bin/d4j/d4j-checkout line 96.
Compilation failed in require at D:\Lab_SQA\defects4j\framework\bin\defects4j line 195."
Closure,116,CATG,default,1,0,False,error,0,0,False,0,0,0,0,0,0,0.0,"STATUS:ERROR:checkout Closure-116b failed at D:\Lab_SQA\Defects4J_Projects\Closure_116_b: exit=128
Checking out b80dfd3b to D:\Lab_SQA\Defects4J_Projects\Closure_116_b....... FAIL
Executed command: git clone D:/Lab_SQA/defects4j/project_repos/closure-compiler.git D:\Lab_SQA\Defects4J_Projects\Closure_116_b 2>&1 && cd D:\Lab_SQA\Defects4J_Projects\Closure_116_b && git checkout b80dfd3b0e5e4b490b7afb469320d18bac4520b4 2>&1
Cloning into 'D:\Lab_SQA\Defects4J_Projects\Closure_116_b'...
done.
fatal: unable to read tree (b80dfd3b0e5e4b490b7afb469320d18bac4520b4)
Cannot checkout program version! at D:/Lab_SQA/defects4j/framework/bin/d4j/d4j-checkout line 96.
Compilation failed in require at D:\Lab_SQA\defects4j\framework\bin\defects4j line 195."
Closure,117,CATG,default,1,0,False,error,0,0,False,0,0,0,0,0,0,0.0,"STATUS:ERROR:checkout Closure-117b failed at D:\Lab_SQA\Defects4J_Projects\Closure_117_b: exit=128
Checking out 871bca1f to D:\Lab_SQA\Defects4J_Projects\Closure_117_b....... FAIL
Executed command: git clone D:/Lab_SQA/defects4j/project_repos/closure-compiler.git D:\Lab_SQA\Defects4J_Projects\Closure_117_b 2>&1 && cd D:\Lab_SQA\Defects4J_Projects\Closure_117_b && git checkout 871bca1f36c5c06aa880ce21429da63a76f8f6e9 2>&1
Cloning into 'D:\Lab_SQA\Defects4J_Projects\Closure_117_b'...
done.
fatal: unable to read tree (871bca1f36c5c06aa880ce21429da63a76f8f6e9)
Cannot checkout program version! at D:/Lab_SQA/defects4j/framework/bin/d4j/d4j-checkout line 96.
Compilation failed in require at D:\Lab_SQA\defects4j\framework\bin\defects4j line 195."
Closure,118,CATG,default,1,0,False,error,0,0,False,0,0,0,0,0,0,0.0,"STATUS:ERROR:checkout Closure-118b failed at D:\Lab_SQA\Defects4J_Projects\Closure_118_b: exit=128
Checking out f17961ae to D:\Lab_SQA\Defects4J_Projects\Closure_118_b....... FAIL
Executed command: git clone D:/Lab_SQA/defects4j/project_repos/closure-compiler.git D:\Lab_SQA\Defects4J_Projects\Closure_118_b 2>&1 && cd D:\Lab_SQA\Defects4J_Projects\Closure_118_b && git checkout f17961ae4d3d7cf5ea291d82804239982d009ef7 2>&1
Cloning into 'D:\Lab_SQA\Defects4J_Projects\Closure_118_b'...
done.
fatal: unable to read tree (f17961ae4d3d7cf5ea291d82804239982d009ef7)
Cannot checkout program version! at D:/Lab_SQA/defects4j/framework/bin/d4j/d4j-checkout line 96.
Compilation failed in require at D:\Lab_SQA\defects4j\framework\bin\defects4j line 195."
Closure,119,CATG,default,1,0,False,error,0,0,False,0,0,0,0,0,0,0.0,"STATUS:ERROR:checkout Closure-119b failed at D:\Lab_SQA\Defects4J_Projects\Closure_119_b: exit=128
Checking out 046e0b22 to D:\Lab_SQA\Defects4J_Projects\Closure_119_b....... FAIL
Executed command: git clone D:/Lab_SQA/defects4j/project_repos/closure-compiler.git D:\Lab_SQA\Defects4J_Projects\Closure_119_b 2>&1 && cd D:\Lab_SQA\Defects4J_Projects\Closure_119_b && git checkout 046e0b226e963bc584c2a6cd3c2b471777c5cc53 2>&1
Cloning into 'D:\Lab_SQA\Defects4J_Projects\Closure_119_b'...
done.
fatal: unable to read tree (046e0b226e963bc584c2a6cd3c2b471777c5cc53)
Cannot checkout program version! at D:/Lab_SQA/defects4j/framework/bin/d4j/d4j-checkout line 96.
Compilation failed in require at D:\Lab_SQA\defects4j\framework\bin\defects4j line 195."
Closure,120,CATG,default,1,0,False,error,0,0,False,0,0,0,0,0,0,0.0,"STATUS:ERROR:checkout Closure-120b failed at D:\Lab_SQA\Defects4J_Projects\Closure_120_b: exit=128
Checking out 0123fd53 to D:\Lab_SQA\Defects4J_Projects\Closure_120_b....... FAIL
Executed command: git clone D:/Lab_SQA/defects4j/project_repos/closure-compiler.git D:\Lab_SQA\Defects4J_Projects\Closure_120_b 2>&1 && cd D:\Lab_SQA\Defects4J_Projects\Closure_120_b && git checkout 0123fd5303c85d0d26add64aa2e19fee33f73aaa 2>&1
Cloning into 'D:\Lab_SQA\Defects4J_Projects\Closure_120_b'...
done.
fatal: unable to read tree (0123fd5303c85d0d26add64aa2e19fee33f73aaa)
Cannot checkout program version! at D:/Lab_SQA/defects4j/framework/bin/d4j/d4j-checkout line 96.
Compilation failed in require at D:\Lab_SQA\defects4j\framework\bin\defects4j line 195."
Closure,121,CATG,default,1,0,False,error,0,0,False,0,0,0,0,0,0,0.0,"STATUS:ERROR:checkout Closure-121b failed at D:\Lab_SQA\Defects4J_Projects\Closure_121_b: exit=128
Checking out 2aee36e6 to D:\Lab_SQA\Defects4J_Projects\Closure_121_b....... FAIL
Executed command: git clone D:/Lab_SQA/defects4j/project_repos/closure-compiler.git D:\Lab_SQA\Defects4J_Projects\Closure_121_b 2>&1 && cd D:\Lab_SQA\Defects4J_Projects\Closure_121_b && git checkout 2aee36e667526ff8b0b5e6dad66506acee920ea6 2>&1
Cloning into 'D:\Lab_SQA\Defects4J_Projects\Closure_121_b'...
done.
fatal: unable to read tree (2aee36e667526ff8b0b5e6dad66506acee920ea6)
Cannot checkout program version! at D:/Lab_SQA/defects4j/framework/bin/d4j/d4j-checkout line 96.
Compilation failed in require at D:\Lab_SQA\defects4j\framework\bin\defects4j line 195."
Closure,122,CATG,default,1,0,False,error,0,0,False,0,0,0,0,0,0,0.0,"STATUS:ERROR:checkout Closure-122b failed at D:\Lab_SQA\Defects4J_Projects\Closure_122_b: exit=128
Checking out a8a456b1 to D:\Lab_SQA\Defects4J_Projects\Closure_122_b....... FAIL
Executed command: git clone D:/Lab_SQA/defects4j/project_repos/closure-compiler.git D:\Lab_SQA\Defects4J_Projects\Closure_122_b 2>&1 && cd D:\Lab_SQA\Defects4J_Projects\Closure_122_b && git checkout a8a456b183c9600658bcb0c72091bae1a30a4fda 2>&1
Cloning into 'D:\Lab_SQA\Defects4J_Projects\Closure_122_b'...
done.
fatal: unable to read tree (a8a456b183c9600658bcb0c72091bae1a30a4fda)
Cannot checkout program version! at D:/Lab_SQA/defects4j/framework/bin/d4j/d4j-checkout line 96.
Compilation failed in require at D:\Lab_SQA\defects4j\framework\bin\defects4j line 195."
Closure,123,CATG,default,1,0,False,error,0,0,False,0,0,0,0,0,0,0.0,"STATUS:ERROR:checkout Closure-123b failed at D:\Lab_SQA\Defects4J_Projects\Closure_123_b: exit=128
Checking out 8d11b8cc to D:\Lab_SQA\Defects4J_Projects\Closure_123_b....... FAIL
Executed command: git clone D:/Lab_SQA/defects4j/project_repos/closure-compiler.git D:\Lab_SQA\Defects4J_Projects\Closure_123_b 2>&1 && cd D:\Lab_SQA\Defects4J_Projects\Closure_123_b && git checkout 8d11b8cc7a6183222b61c9bd398fed5448c59109 2>&1
Cloning into 'D:\Lab_SQA\Defects4J_Projects\Closure_123_b'...
done.
fatal: unable to read tree (8d11b8cc7a6183222b61c9bd398fed5448c59109)
Cannot checkout program version! at D:/Lab_SQA/defects4j/framework/bin/d4j/d4j-checkout line 96.
Compilation failed in require at D:\Lab_SQA\defects4j\framework\bin\defects4j line 195."
Closure,124,CATG,default,1,0,False,error,0,0,False,0,0,0,0,0,0,0.0,"STATUS:ERROR:checkout Closure-124b failed at D:\Lab_SQA\Defects4J_Projects\Closure_124_b: exit=128
Checking out e7f4269d to D:\Lab_SQA\Defects4J_Projects\Closure_124_b....... FAIL
Executed command: git clone D:/Lab_SQA/defects4j/project_repos/closure-compiler.git D:\Lab_SQA\Defects4J_Projects\Closure_124_b 2>&1 && cd D:\Lab_SQA\Defects4J_Projects\Closure_124_b && git checkout e7f4269d0289f4d47217207ec456219db8efe47c 2>&1
Cloning into 'D:\Lab_SQA\Defects4J_Projects\Closure_124_b'...
done.
fatal: unable to read tree (e7f4269d0289f4d47217207ec456219db8efe47c)
Cannot checkout program version! at D:/Lab_SQA/defects4j/framework/bin/d4j/d4j-checkout line 96.
Compilation failed in require at D:\Lab_SQA\defects4j\framework\bin\defects4j line 195."
Closure,125,CATG,default,1,0,False,error,0,0,False,0,0,0,0,0,0,0.0,"STATUS:ERROR:checkout Closure-125b failed at D:\Lab_SQA\Defects4J_Projects\Closure_125_b: exit=128
Checking out 8cef0018 to D:\Lab_SQA\Defects4J_Projects\Closure_125_b....... FAIL
Executed command: git clone D:/Lab_SQA/defects4j/project_repos/closure-compiler.git D:\Lab_SQA\Defects4J_Projects\Closure_125_b 2>&1 && cd D:\Lab_SQA\Defects4J_Projects\Closure_125_b && git checkout 8cef00180a5cf67d047919c89668a6405030dbab 2>&1
Cloning into 'D:\Lab_SQA\Defects4J_Projects\Closure_125_b'...
done.
fatal: unable to read tree (8cef00180a5cf67d047919c89668a6405030dbab)
Cannot checkout program version! at D:/Lab_SQA/defects4j/framework/bin/d4j/d4j-checkout line 96.
Compilation failed in require at D:\Lab_SQA\defects4j\framework\bin\defects4j line 195."
Closure,126,CATG,default,1,0,False,error,0,0,False,0,0,0,0,0,0,0.0,"STATUS:ERROR:checkout Closure-126b failed at D:\Lab_SQA\Defects4J_Projects\Closure_126_b: exit=128
Checking out bd2803b6 to D:\Lab_SQA\Defects4J_Projects\Closure_126_b....... FAIL
Executed command: git clone D:/Lab_SQA/defects4j/project_repos/closure-compiler.git D:\Lab_SQA\Defects4J_Projects\Closure_126_b 2>&1 && cd D:\Lab_SQA\Defects4J_Projects\Closure_126_b && git checkout bd2803b6d9ab600906b262ae51cb3591160b5f3c 2>&1
Cloning into 'D:\Lab_SQA\Defects4J_Projects\Closure_126_b'...
done.
fatal: unable to read tree (bd2803b6d9ab600906b262ae51cb3591160b5f3c)
Cannot checkout program version! at D:/Lab_SQA/defects4j/framework/bin/d4j/d4j-checkout line 96.
Compilation failed in require at D:\Lab_SQA\defects4j\framework\bin\defects4j line 195."
Closure,127,CATG,default,1,0,False,error,0,0,False,0,0,0,0,0,0,0.0,"STATUS:ERROR:checkout Closure-127b failed at D:\Lab_SQA\Defects4J_Projects\Closure_127_b: exit=128
Checking out 211dc016 to D:\Lab_SQA\Defects4J_Projects\Closure_127_b....... FAIL
Executed command: git clone D:/Lab_SQA/defects4j/project_repos/closure-compiler.git D:\Lab_SQA\Defects4J_Projects\Closure_127_b 2>&1 && cd D:\Lab_SQA\Defects4J_Projects\Closure_127_b && git checkout 211dc0161ae737f59cac22f30b048d56a059d14b 2>&1
Cloning into 'D:\Lab_SQA\Defects4J_Projects\Closure_127_b'...
done.
fatal: unable to read tree (211dc0161ae737f59cac22f30b048d56a059d14b)
Cannot checkout program version! at D:/Lab_SQA/defects4j/framework/bin/d4j/d4j-checkout line 96.
Compilation failed in require at D:\Lab_SQA\defects4j\framework\bin\defects4j line 195."
Closure,128,CATG,default,1,0,False,error,0,0,False,0,0,0,0,0,0,0.0,"STATUS:ERROR:checkout Closure-128b failed at D:\Lab_SQA\Defects4J_Projects\Closure_128_b: exit=128
Checking out d82fb38b to D:\Lab_SQA\Defects4J_Projects\Closure_128_b....... FAIL
Executed command: git clone D:/Lab_SQA/defects4j/project_repos/closure-compiler.git D:\Lab_SQA\Defects4J_Projects\Closure_128_b 2>&1 && cd D:\Lab_SQA\Defects4J_Projects\Closure_128_b && git checkout d82fb38b0121bf690cea58df293185c7e91ded9c 2>&1
Cloning into 'D:\Lab_SQA\Defects4J_Projects\Closure_128_b'...
done.
fatal: unable to read tree (d82fb38b0121bf690cea58df293185c7e91ded9c)
Cannot checkout program version! at D:/Lab_SQA/defects4j/framework/bin/d4j/d4j-checkout line 96.
Compilation failed in require at D:\Lab_SQA\defects4j\framework\bin\defects4j line 195."
Closure,129,CATG,default,1,0,False,error,0,0,False,0,0,0,0,0,0,0.0,"STATUS:ERROR:checkout Closure-129b failed at D:\Lab_SQA\Defects4J_Projects\Closure_129_b: exit=128
Checking out 79a89065 to D:\Lab_SQA\Defects4J_Projects\Closure_129_b....... FAIL
Executed command: git clone D:/Lab_SQA/defects4j/project_repos/closure-compiler.git D:\Lab_SQA\Defects4J_Projects\Closure_129_b 2>&1 && cd D:\Lab_SQA\Defects4J_Projects\Closure_129_b && git checkout 79a8906570f44e5f519282bd32595985ed089aed 2>&1
Cloning into 'D:\Lab_SQA\Defects4J_Projects\Closure_129_b'...
done.
fatal: unable to read tree (79a8906570f44e5f519282bd32595985ed089aed)
Cannot checkout program version! at D:/Lab_SQA/defects4j/framework/bin/d4j/d4j-checkout line 96.
Compilation failed in require at D:\Lab_SQA\defects4j\framework\bin\defects4j line 195."
Closure,130,CATG,default,1,0,False,error,0,0,False,0,0,0,0,0,0,0.0,"STATUS:ERROR:checkout Closure-130b failed at D:\Lab_SQA\Defects4J_Projects\Closure_130_b: exit=128
Checking out 9fac3ccd to D:\Lab_SQA\Defects4J_Projects\Closure_130_b....... FAIL
Executed command: git clone D:/Lab_SQA/defects4j/project_repos/closure-compiler.git D:\Lab_SQA\Defects4J_Projects\Closure_130_b 2>&1 && cd D:\Lab_SQA\Defects4J_Projects\Closure_130_b && git checkout 9fac3ccd2fa9e6137584f079db1a6f5962a65cf4 2>&1
Cloning into 'D:\Lab_SQA\Defects4J_Projects\Closure_130_b'...
done.
fatal: unable to read tree (9fac3ccd2fa9e6137584f079db1a6f5962a65cf4)
Cannot checkout program version! at D:/Lab_SQA/defects4j/framework/bin/d4j/d4j-checkout line 96.
Compilation failed in require at D:\Lab_SQA\defects4j\framework\bin\defects4j line 195."
Closure,131,CATG,default,1,0,False,error,0,0,False,0,0,0,0,0,0,0.0,"STATUS:ERROR:checkout Closure-131b failed at D:\Lab_SQA\Defects4J_Projects\Closure_131_b: exit=128
Checking out 7f6700e2 to D:\Lab_SQA\Defects4J_Projects\Closure_131_b....... FAIL
Executed command: git clone D:/Lab_SQA/defects4j/project_repos/closure-compiler.git D:\Lab_SQA\Defects4J_Projects\Closure_131_b 2>&1 && cd D:\Lab_SQA\Defects4J_Projects\Closure_131_b && git checkout 7f6700e2b54af3af409f3e8851a0d98a72beef4b 2>&1
Cloning into 'D:\Lab_SQA\Defects4J_Projects\Closure_131_b'...
done.
fatal: unable to read tree (7f6700e2b54af3af409f3e8851a0d98a72beef4b)
Cannot checkout program version! at D:/Lab_SQA/defects4j/framework/bin/d4j/d4j-checkout line 96.
Compilation failed in require at D:\Lab_SQA\defects4j\framework\bin\defects4j line 195."
Closure,132,CATG,default,1,0,False,error,0,0,False,0,0,0,0,0,0,0.0,"STATUS:ERROR:checkout Closure-132b failed at D:\Lab_SQA\Defects4J_Projects\Closure_132_b: exit=128
Checking out 5b948590 to D:\Lab_SQA\Defects4J_Projects\Closure_132_b....... FAIL
Executed command: git clone D:/Lab_SQA/defects4j/project_repos/closure-compiler.git D:\Lab_SQA\Defects4J_Projects\Closure_132_b 2>&1 && cd D:\Lab_SQA\Defects4J_Projects\Closure_132_b && git checkout 5b9485903b5e7d926f49dc91b915a256df92591c 2>&1
Cloning into 'D:\Lab_SQA\Defects4J_Projects\Closure_132_b'...
done.
fatal: unable to read tree (5b9485903b5e7d926f49dc91b915a256df92591c)
Cannot checkout program version! at D:/Lab_SQA/defects4j/framework/bin/d4j/d4j-checkout line 96.
Compilation failed in require at D:\Lab_SQA\defects4j\framework\bin\defects4j line 195."
Closure,133,CATG,default,1,0,False,error,0,0,False,0,0,0,0,0,0,0.0,"STATUS:ERROR:checkout Closure-133b failed at D:\Lab_SQA\Defects4J_Projects\Closure_133_b: exit=128
Checking out 4fbbc47c to D:\Lab_SQA\Defects4J_Projects\Closure_133_b....... FAIL
Executed command: git clone D:/Lab_SQA/defects4j/project_repos/closure-compiler.git D:\Lab_SQA\Defects4J_Projects\Closure_133_b 2>&1 && cd D:\Lab_SQA\Defects4J_Projects\Closure_133_b && git checkout 4fbbc47cb18f241b23dd2d4bf9c15d45b2473523 2>&1
Cloning into 'D:\Lab_SQA\Defects4J_Projects\Closure_133_b'...
done.
fatal: unable to read tree (4fbbc47cb18f241b23dd2d4bf9c15d45b2473523)
Cannot checkout program version! at D:/Lab_SQA/defects4j/framework/bin/d4j/d4j-checkout line 96.
Compilation failed in require at D:\Lab_SQA\defects4j\framework\bin\defects4j line 195."
Closure,134,CATG,default,1,0,False,error,0,0,False,0,0,0,0,0,0,0.0,"STATUS:ERROR:checkout Closure-134b failed at D:\Lab_SQA\Defects4J_Projects\Closure_134_b: exit=128
Checking out 6d374c3e to D:\Lab_SQA\Defects4J_Projects\Closure_134_b....... OK
Init local repository...................................................... OK
Tag post-fix revision...................................................... OK
Apply patch................................................................ OK
Run post-checkout hook..................................................... OK
Excluding broken/flaky tests............................................... OK
Excluding broken/flaky tests............................................... OK
Initialize fixed program version........................................... OK
Apply patch................................................................ OK
Initialize buggy program version........................................... OK
Diff 6d374c3e:86860111..................................................... OK
Cannot determine how to apply patch!
All attempts failed:
* cd D:\Lab_SQA\Defects4J_Projects\Closure_134_b && git apply -p1 --ignore-whitespace --check D:\Lab_SQA\Defects4J_Projects\Closure_134_b/.defects4j.diff 2>&1
error: git diff header lacks filename information when removing 1 leading pathname component (line 330)
* cd D:\Lab_SQA\Defects4J_Projects\Closure_134_b && git apply -p0 --ignore-whitespace --check D:\Lab_SQA\Defects4J_Projects\Closure_134_b/.defects4j.diff 2>&1
error: git diff header lacks filename information when removing 0 leading pathname components (line 330)
* cd D:\Lab_SQA\Defects4J_Projects\Closure_134_b && git apply -p2 --ignore-whitespace --check D:\Lab_SQA\Defects4J_Projects\Closure_134_b/.defects4j.diff 2>&1
error: git diff header lacks filename information when removing 2 leading pathname components (line 330)
----------------------------------------------------------------------
 at D:/Lab_SQA/defects4j/framework/core/Vcs.pm line 414.
	Vcs::_apply_cmd(Vcs::Git=HASH(0x2e0656d3660), ""D:\\Lab_SQA\\Defects4J_Projects\\Closure_134_b"", ""D:\\Lab_SQA\\Defects4J_Projects\\Closure_134_b/.defects4j.diff"", undef) called at D:/Lab_SQA/defects4j/framework/core/Vcs.pm line 375
	Vcs::apply_patch(Vcs::Git=HASH(0x2e0656d3660), ""D:\\Lab_SQA\\Defects4J_Projects\\Closure_134_b"", ""D:\\Lab_SQA\\Defects4J_Projects\\Closure_134_b/.defects4j.diff"") called at D:/Lab_SQA/defects4j/framework/core/Project.pm line 507
	Project::checkout_vid(Project::Closure=HASH(0x2e0656c47b0), ""134b"") called at D:/Lab_SQA/defects4j/framework/bin/d4j/d4j-checkout line 96
	require D:/Lab_SQA/defects4j/framework/bin/d4j/d4j-checkout called at D:\Lab_SQA\defects4j\framework\bin\defects4j line 195
Compilation failed in require at D:\Lab_SQA\defects4j\framework\bin\defects4j line 195."
Closure,135,CATG,default,1,0,False,error,0,0,False,0,0,0,0,0,0,0.0,STATUS:ERROR:[WinError 145] The directory is not empty: 'D:\\Lab_SQA\\Defects4J_Projects\\Closure_135_b\\.git\\logs'
Closure,136,CATG,default,1,0,False,unsupported,0,0,False,0,0,0,0,0,0,0.0,STATUS:harness_limitation:unsupported_type:Node node:addPossibleSignature
Closure,137,CATG,default,1,0,False,error,0,0,False,0,0,0,0,0,0,0.0,"STATUS:ERROR:checkout Closure-137b failed at D:\Lab_SQA\Defects4J_Projects\Closure_137_b: exit=128
Checking out da30f170 to D:\Lab_SQA\Defects4J_Projects\Closure_137_b....... OK
Init local repository...................................................... OK
Tag post-fix revision...................................................... OK
Apply patch................................................................ OK
Run post-checkout hook..................................................... OK
Excluding broken/flaky tests............................................... OK
Excluding broken/flaky tests............................................... OK
Initialize fixed program version........................................... OK
Apply patch................................................................ OK
Initialize buggy program version........................................... OK
Diff da30f170:e185090c..................................................... OK
Cannot determine how to apply patch!
All attempts failed:
* cd D:\Lab_SQA\Defects4J_Projects\Closure_137_b && git apply -p1 --ignore-whitespace --check D:\Lab_SQA\Defects4J_Projects\Closure_137_b/.defects4j.diff 2>&1
error: git diff header lacks filename information when removing 1 leading pathname component (line 3)
* cd D:\Lab_SQA\Defects4J_Projects\Closure_137_b && git apply -p0 --ignore-whitespace --check D:\Lab_SQA\Defects4J_Projects\Closure_137_b/.defects4j.diff 2>&1
error: git diff header lacks filename information when removing 0 leading pathname components (line 3)
* cd D:\Lab_SQA\Defects4J_Projects\Closure_137_b && git apply -p2 --ignore-whitespace --check D:\Lab_SQA\Defects4J_Projects\Closure_137_b/.defects4j.diff 2>&1
error: git diff header lacks filename information when removing 2 leading pathname components (line 3)
----------------------------------------------------------------------
 at D:/Lab_SQA/defects4j/framework/core/Vcs.pm line 414.
	Vcs::_apply_cmd(Vcs::Git=HASH(0x17a5c45f940), ""D:\\Lab_SQA\\Defects4J_Projects\\Closure_137_b"", ""D:\\Lab_SQA\\Defects4J_Projects\\Closure_137_b/.defects4j.diff"", undef) called at D:/Lab_SQA/defects4j/framework/core/Vcs.pm line 375
	Vcs::apply_patch(Vcs::Git=HASH(0x17a5c45f940), ""D:\\Lab_SQA\\Defects4J_Projects\\Closure_137_b"", ""D:\\Lab_SQA\\Defects4J_Projects\\Closure_137_b/.defects4j.diff"") called at D:/Lab_SQA/defects4j/framework/core/Project.pm line 507
	Project::checkout_vid(Project::Closure=HASH(0x17a5c459f58), ""137b"") called at D:/Lab_SQA/defects4j/framework/bin/d4j/d4j-checkout line 96
	require D:/Lab_SQA/defects4j/framework/bin/d4j/d4j-checkout called at D:\Lab_SQA\defects4j\framework\bin\defects4j line 195
Compilation failed in require at D:\Lab_SQA\defects4j\framework\bin\defects4j line 195."
Closure,138,CATG,default,1,0,False,unsupported,0,0,False,0,0,0,0,0,0,0.0,STATUS:harness_limitation:unsupported_type:Node n:traverseName
Closure,139,CATG,default,1,0,False,error,0,0,False,0,0,0,0,0,0,0.0,"STATUS:ERROR:checkout Closure-139b failed at D:\Lab_SQA\Defects4J_Projects\Closure_139_b: exit=128
Checking out b347ce3a to D:\Lab_SQA\Defects4J_Projects\Closure_139_b....... OK
Init local repository...................................................... OK
Tag post-fix revision...................................................... OK
Apply patch................................................................ OK
Run post-checkout hook..................................................... OK
Excluding broken/flaky tests............................................... OK
Excluding broken/flaky tests............................................... OK
Initialize fixed program version........................................... OK
Apply patch................................................................ OK
Initialize buggy program version........................................... OK
Diff b347ce3a:6f2539ac..................................................... OK
Cannot determine how to apply patch!
All attempts failed:
* cd D:\Lab_SQA\Defects4J_Projects\Closure_139_b && git apply -p1 --ignore-whitespace --check D:\Lab_SQA\Defects4J_Projects\Closure_139_b/.defects4j.diff 2>&1
error: git diff header lacks filename information when removing 1 leading pathname component (line 217)
* cd D:\Lab_SQA\Defects4J_Projects\Closure_139_b && git apply -p0 --ignore-whitespace --check D:\Lab_SQA\Defects4J_Projects\Closure_139_b/.defects4j.diff 2>&1
error: git diff header lacks filename information when removing 0 leading pathname components (line 217)
* cd D:\Lab_SQA\Defects4J_Projects\Closure_139_b && git apply -p2 --ignore-whitespace --check D:\Lab_SQA\Defects4J_Projects\Closure_139_b/.defects4j.diff 2>&1
error: git diff header lacks filename information when removing 2 leading pathname components (line 217)
----------------------------------------------------------------------
 at D:/Lab_SQA/defects4j/framework/core/Vcs.pm line 414.
	Vcs::_apply_cmd(Vcs::Git=HASH(0x2118f850b60), ""D:\\Lab_SQA\\Defects4J_Projects\\Closure_139_b"", ""D:\\Lab_SQA\\Defects4J_Projects\\Closure_139_b/.defects4j.diff"", undef) called at D:/Lab_SQA/defects4j/framework/core/Vcs.pm line 375
	Vcs::apply_patch(Vcs::Git=HASH(0x2118f850b60), ""D:\\Lab_SQA\\Defects4J_Projects\\Closure_139_b"", ""D:\\Lab_SQA\\Defects4J_Projects\\Closure_139_b/.defects4j.diff"") called at D:/Lab_SQA/defects4j/framework/core/Project.pm line 507
	Project::checkout_vid(Project::Closure=HASH(0x2118f77fcd8), ""139b"") called at D:/Lab_SQA/defects4j/framework/bin/d4j/d4j-checkout line 96
	require D:/Lab_SQA/defects4j/framework/bin/d4j/d4j-checkout called at D:\Lab_SQA\defects4j\framework\bin\defects4j line 195
Compilation failed in require at D:\Lab_SQA\defects4j\framework\bin\defects4j line 195."
Closure,140,CATG,default,1,0,False,error,0,0,False,0,0,0,0,0,0,0.0,"STATUS:ERROR:checkout Closure-140b failed at D:\Lab_SQA\Defects4J_Projects\Closure_140_b: exit=128
Checking out a70a7c59 to D:\Lab_SQA\Defects4J_Projects\Closure_140_b....... OK
Init local repository...................................................... OK
Tag post-fix revision...................................................... OK
Apply patch................................................................ OK
Run post-checkout hook..................................................... OK
Excluding broken/flaky tests............................................... OK
Excluding broken/flaky tests............................................... OK
Initialize fixed program version........................................... OK
Apply patch................................................................ OK
Initialize buggy program version........................................... OK
Diff a70a7c59:b347ce3a..................................................... OK
Cannot determine how to apply patch!
All attempts failed:
* cd D:\Lab_SQA\Defects4J_Projects\Closure_140_b && git apply -p1 --ignore-whitespace --check D:\Lab_SQA\Defects4J_Projects\Closure_140_b/.defects4j.diff 2>&1
error: git diff header lacks filename information when removing 1 leading pathname component (line 224)
* cd D:\Lab_SQA\Defects4J_Projects\Closure_140_b && git apply -p0 --ignore-whitespace --check D:\Lab_SQA\Defects4J_Projects\Closure_140_b/.defects4j.diff 2>&1
error: git diff header lacks filename information when removing 0 leading pathname components (line 224)
* cd D:\Lab_SQA\Defects4J_Projects\Closure_140_b && git apply -p2 --ignore-whitespace --check D:\Lab_SQA\Defects4J_Projects\Closure_140_b/.defects4j.diff 2>&1
error: git diff header lacks filename information when removing 2 leading pathname components (line 224)
----------------------------------------------------------------------
 at D:/Lab_SQA/defects4j/framework/core/Vcs.pm line 414.
	Vcs::_apply_cmd(Vcs::Git=HASH(0x213a2550d90), ""D:\\Lab_SQA\\Defects4J_Projects\\Closure_140_b"", ""D:\\Lab_SQA\\Defects4J_Projects\\Closure_140_b/.defects4j.diff"", undef) called at D:/Lab_SQA/defects4j/framework/core/Vcs.pm line 375
	Vcs::apply_patch(Vcs::Git=HASH(0x213a2550d90), ""D:\\Lab_SQA\\Defects4J_Projects\\Closure_140_b"", ""D:\\Lab_SQA\\Defects4J_Projects\\Closure_140_b/.defects4j.diff"") called at D:/Lab_SQA/defects4j/framework/core/Project.pm line 507
	Project::checkout_vid(Project::Closure=HASH(0x213a25475c8), ""140b"") called at D:/Lab_SQA/defects4j/framework/bin/d4j/d4j-checkout line 96
	require D:/Lab_SQA/defects4j/framework/bin/d4j/d4j-checkout called at D:\Lab_SQA\defects4j\framework\bin\defects4j line 195
Compilation failed in require at D:\Lab_SQA\defects4j\framework\bin\defects4j line 195."
Closure,141,CATG,default,1,0,False,error,0,0,False,0,0,0,0,0,0,0.0,"STATUS:ERROR:checkout Closure-141b failed at D:\Lab_SQA\Defects4J_Projects\Closure_141_b: exit=128
Checking out 3ce47168 to D:\Lab_SQA\Defects4J_Projects\Closure_141_b....... OK
Init local repository...................................................... OK
Tag post-fix revision...................................................... OK
Apply patch................................................................ OK
Run post-checkout hook..................................................... OK
Excluding broken/flaky tests............................................... OK
Excluding broken/flaky tests............................................... OK
Initialize fixed program version........................................... OK
Apply patch................................................................ OK
Initialize buggy program version........................................... OK
Diff 3ce47168:8ff053c7..................................................... OK
Apply patch................................................................ OK
Tag pre-fix revision....................................................... FAIL
Executed command: cd D:\Lab_SQA\Defects4J_Projects\Closure_141_b && git add -A 2>&1 && git commit -a -m ""D4J_Closure_141_PRE_FIX_REVISION"" 2>&1 && git tag --no-sign D4J_Closure_141_PRE_FIX_REVISION 2>&1
error: invalid object 100644 14b0e4c83dae2e4f5cc0bec342d8043634555cc5 for 'externs/fileapi.js'
fatal: unable to read tree (236761a4d0f0454d32f3586cbfda7b33cf482a79)
Couldn't tag pre-fix revision! at D:/Lab_SQA/defects4j/framework/core/Project.pm line 518.
	Project::checkout_vid(Project::Closure=HASH(0x2767be1fbb8), ""141b"") called at D:/Lab_SQA/defects4j/framework/bin/d4j/d4j-checkout line 96
	require D:/Lab_SQA/defects4j/framework/bin/d4j/d4j-checkout called at D:\Lab_SQA\defects4j\framework\bin\defects4j line 195
Compilation failed in require at D:\Lab_SQA\defects4j\framework\bin\defects4j line 195."
Closure,142,CATG,default,1,0,False,error,0,0,False,0,0,0,0,0,0,0.0,"STATUS:ERROR:checkout Closure-142b failed at D:\Lab_SQA\Defects4J_Projects\Closure_142_b: exit=128
Checking out c25df7ec to D:\Lab_SQA\Defects4J_Projects\Closure_142_b....... OK
Init local repository...................................................... OK
Tag post-fix revision...................................................... OK
Apply patch................................................................ OK
Run post-checkout hook..................................................... OK
Excluding broken/flaky tests............................................... OK
Excluding broken/flaky tests............................................... OK
Initialize fixed program version........................................... OK
Apply patch................................................................ OK
Initialize buggy program version........................................... OK
Diff c25df7ec:222eafd3..................................................... OK
Cannot determine how to apply patch!
All attempts failed:
* cd D:\Lab_SQA\Defects4J_Projects\Closure_142_b && git apply -p1 --ignore-whitespace --check D:\Lab_SQA\Defects4J_Projects\Closure_142_b/.defects4j.diff 2>&1
error: git diff header lacks filename information when removing 1 leading pathname component (line 814)
* cd D:\Lab_SQA\Defects4J_Projects\Closure_142_b && git apply -p0 --ignore-whitespace --check D:\Lab_SQA\Defects4J_Projects\Closure_142_b/.defects4j.diff 2>&1
error: git diff header lacks filename information when removing 0 leading pathname components (line 814)
* cd D:\Lab_SQA\Defects4J_Projects\Closure_142_b && git apply -p2 --ignore-whitespace --check D:\Lab_SQA\Defects4J_Projects\Closure_142_b/.defects4j.diff 2>&1
error: git diff header lacks filename information when removing 2 leading pathname components (line 814)
----------------------------------------------------------------------
 at D:/Lab_SQA/defects4j/framework/core/Vcs.pm line 414.
	Vcs::_apply_cmd(Vcs::Git=HASH(0x277cba3e150), ""D:\\Lab_SQA\\Defects4J_Projects\\Closure_142_b"", ""D:\\Lab_SQA\\Defects4J_Projects\\Closure_142_b/.defects4j.diff"", undef) called at D:/Lab_SQA/defects4j/framework/core/Vcs.pm line 375
	Vcs::apply_patch(Vcs::Git=HASH(0x277cba3e150), ""D:\\Lab_SQA\\Defects4J_Projects\\Closure_142_b"", ""D:\\Lab_SQA\\Defects4J_Projects\\Closure_142_b/.defects4j.diff"") called at D:/Lab_SQA/defects4j/framework/core/Project.pm line 507
	Project::checkout_vid(Project::Closure=HASH(0x277cba432f8), ""142b"") called at D:/Lab_SQA/defects4j/framework/bin/d4j/d4j-checkout line 96
	require D:/Lab_SQA/defects4j/framework/bin/d4j/d4j-checkout called at D:\Lab_SQA\defects4j\framework\bin\defects4j line 195
Compilation failed in require at D:\Lab_SQA\defects4j\framework\bin\defects4j line 195."
Closure,143,CATG,default,1,0,False,error,0,0,False,0,0,0,0,0,0,0.0,"STATUS:ERROR:compile D:\Lab_SQA\Defects4J_Projects\Closure_143_b failed:

Running ant (compile)...................................................... FAIL
Executed command:  cd D:\Lab_SQA\Defects4J_Projects\Closure_143_b && D:/Lab_SQA/defects4j/major/bin/ant.cmd -f D:/Lab_SQA/defects4j/framework/projects/defects4j.build.xml -Dd4j.home=D:/Lab_SQA/defects4j -Dd4j.dir.projects=D:/Lab_SQA/defects4j/framework/projects -Dbasedir=D:\Lab_SQA\Defects4J_Projects\Closure_143_b  compile 2>&1
Picked up JAVA_TOOL_OPTIONS: -Dfile.encoding=UTF-8
Buildfile: D:\Lab_SQA\defects4j\framework\projects\defects4j.build.xml

BUILD FAILED
D:\Lab_SQA\defects4j\framework\projects\defects4j.build.xml:34: Directory D:/Lab_SQA/Defects4J_Projects/Closure_143_b is not a Defects4J working directory!

Total time: 0 seconds
Cannot compile sources! at D:/Lab_SQA/defects4j/framework/bin/d4j/d4j-compile line 82.
Compilation failed in require at D:\Lab_SQA\defects4j\framework\bin\defects4j line 195.
"
Closure,144,CATG,default,1,0,False,error,0,0,False,0,0,0,0,0,0,0.0,"STATUS:ERROR:checkout Closure-144b failed at D:\Lab_SQA\Defects4J_Projects\Closure_144_b: exit=128
Checking out 465282f1 to D:\Lab_SQA\Defects4J_Projects\Closure_144_b....... FAIL
Executed command: git clone D:/Lab_SQA/defects4j/project_repos/closure-compiler.git D:\Lab_SQA\Defects4J_Projects\Closure_144_b 2>&1 && cd D:\Lab_SQA\Defects4J_Projects\Closure_144_b && git checkout 465282f1ca28a208b06c47b55fd292d4631c55da 2>&1
Cloning into 'D:\Lab_SQA\Defects4J_Projects\Closure_144_b'...
done.
fatal: unable to read tree (465282f1ca28a208b06c47b55fd292d4631c55da)
Cannot checkout program version! at D:/Lab_SQA/defects4j/framework/bin/d4j/d4j-checkout line 96.
Compilation failed in require at D:\Lab_SQA\defects4j\framework\bin\defects4j line 195."
Closure,145,CATG,default,1,0,False,error,0,0,False,0,0,0,0,0,0,0.0,"STATUS:ERROR:checkout Closure-145b failed at D:\Lab_SQA\Defects4J_Projects\Closure_145_b: exit=128
Checking out dff6e011 to D:\Lab_SQA\Defects4J_Projects\Closure_145_b....... FAIL
Executed command: git clone D:/Lab_SQA/defects4j/project_repos/closure-compiler.git D:\Lab_SQA\Defects4J_Projects\Closure_145_b 2>&1 && cd D:\Lab_SQA\Defects4J_Projects\Closure_145_b && git checkout dff6e0114f19c20aeb63393d67aa0880ff5745b5 2>&1
Cloning into 'D:\Lab_SQA\Defects4J_Projects\Closure_145_b'...
done.
fatal: unable to read tree (dff6e0114f19c20aeb63393d67aa0880ff5745b5)
Cannot checkout program version! at D:/Lab_SQA/defects4j/framework/bin/d4j/d4j-checkout line 96.
Compilation failed in require at D:\Lab_SQA\defects4j\framework\bin\defects4j line 195."
Closure,146,CATG,default,1,0,False,error,0,0,False,0,0,0,0,0,0,0.0,"STATUS:ERROR:checkout Closure-146b failed at D:\Lab_SQA\Defects4J_Projects\Closure_146_b: exit=128
Checking out 35d56dd1 to D:\Lab_SQA\Defects4J_Projects\Closure_146_b....... FAIL
Executed command: git clone D:/Lab_SQA/defects4j/project_repos/closure-compiler.git D:\Lab_SQA\Defects4J_Projects\Closure_146_b 2>&1 && cd D:\Lab_SQA\Defects4J_Projects\Closure_146_b && git checkout 35d56dd1fadec0ed50797d222de4e05f78bbf1c9 2>&1
Cloning into 'D:\Lab_SQA\Defects4J_Projects\Closure_146_b'...
done.
fatal: unable to read tree (35d56dd1fadec0ed50797d222de4e05f78bbf1c9)
Cannot checkout program version! at D:/Lab_SQA/defects4j/framework/bin/d4j/d4j-checkout line 96.
Compilation failed in require at D:\Lab_SQA\defects4j\framework\bin\defects4j line 195."
Closure,147,CATG,default,1,0,False,error,0,0,False,0,0,0,0,0,0,0.0,"STATUS:ERROR:checkout Closure-147b failed at D:\Lab_SQA\Defects4J_Projects\Closure_147_b: exit=128
Checking out 82a9956c to D:\Lab_SQA\Defects4J_Projects\Closure_147_b....... FAIL
Executed command: git clone D:/Lab_SQA/defects4j/project_repos/closure-compiler.git D:\Lab_SQA\Defects4J_Projects\Closure_147_b 2>&1 && cd D:\Lab_SQA\Defects4J_Projects\Closure_147_b && git checkout 82a9956c6337d2f5d4a94ebe624d64faa54d9182 2>&1
Cloning into 'D:\Lab_SQA\Defects4J_Projects\Closure_147_b'...
done.
fatal: unable to read tree (82a9956c6337d2f5d4a94ebe624d64faa54d9182)
Cannot checkout program version! at D:/Lab_SQA/defects4j/framework/bin/d4j/d4j-checkout line 96.
Compilation failed in require at D:\Lab_SQA\defects4j\framework\bin\defects4j line 195."
Closure,148,CATG,default,1,0,False,error,0,0,False,0,0,0,0,0,0,0.0,"STATUS:ERROR:checkout Closure-148b failed at D:\Lab_SQA\Defects4J_Projects\Closure_148_b: exit=128
Checking out f86b8929 to D:\Lab_SQA\Defects4J_Projects\Closure_148_b....... FAIL
Executed command: git clone D:/Lab_SQA/defects4j/project_repos/closure-compiler.git D:\Lab_SQA\Defects4J_Projects\Closure_148_b 2>&1 && cd D:\Lab_SQA\Defects4J_Projects\Closure_148_b && git checkout f86b8929454da31fbc59cbf95293c7138e0b8200 2>&1
Cloning into 'D:\Lab_SQA\Defects4J_Projects\Closure_148_b'...
done.
fatal: unable to read tree (f86b8929454da31fbc59cbf95293c7138e0b8200)
Cannot checkout program version! at D:/Lab_SQA/defects4j/framework/bin/d4j/d4j-checkout line 96.
Compilation failed in require at D:\Lab_SQA\defects4j\framework\bin\defects4j line 195."
Closure,149,CATG,default,1,0,False,error,0,0,False,0,0,0,0,0,0,0.0,"STATUS:ERROR:checkout Closure-149b failed at D:\Lab_SQA\Defects4J_Projects\Closure_149_b: exit=128
Checking out 053636cb to D:\Lab_SQA\Defects4J_Projects\Closure_149_b....... FAIL
Executed command: git clone D:/Lab_SQA/defects4j/project_repos/closure-compiler.git D:\Lab_SQA\Defects4J_Projects\Closure_149_b 2>&1 && cd D:\Lab_SQA\Defects4J_Projects\Closure_149_b && git checkout 053636cbd1a8fb97e55b4f82bc4b5bee8beaf47e 2>&1
Cloning into 'D:\Lab_SQA\Defects4J_Projects\Closure_149_b'...
done.
fatal: unable to read tree (053636cbd1a8fb97e55b4f82bc4b5bee8beaf47e)
Cannot checkout program version! at D:/Lab_SQA/defects4j/framework/bin/d4j/d4j-checkout line 96.
Compilation failed in require at D:\Lab_SQA\defects4j\framework\bin\defects4j line 195."
Closure,150,CATG,default,1,0,False,error,0,0,False,0,0,0,0,0,0,0.0,"STATUS:ERROR:checkout Closure-150b failed at D:\Lab_SQA\Defects4J_Projects\Closure_150_b: exit=128
Checking out bf8fc453 to D:\Lab_SQA\Defects4J_Projects\Closure_150_b....... FAIL
Executed command: git clone D:/Lab_SQA/defects4j/project_repos/closure-compiler.git D:\Lab_SQA\Defects4J_Projects\Closure_150_b 2>&1 && cd D:\Lab_SQA\Defects4J_Projects\Closure_150_b && git checkout bf8fc4533884f914182f861576808e71c18410cc 2>&1
Cloning into 'D:\Lab_SQA\Defects4J_Projects\Closure_150_b'...
done.
fatal: unable to read tree (bf8fc4533884f914182f861576808e71c18410cc)
Cannot checkout program version! at D:/Lab_SQA/defects4j/framework/bin/d4j/d4j-checkout line 96.
Compilation failed in require at D:\Lab_SQA\defects4j\framework\bin\defects4j line 195."
Closure,151,CATG,default,1,0,False,error,0,0,False,0,0,0,0,0,0,0.0,"STATUS:ERROR:checkout Closure-151b failed at D:\Lab_SQA\Defects4J_Projects\Closure_151_b: exit=128
Checking out fe58a5d1 to D:\Lab_SQA\Defects4J_Projects\Closure_151_b....... FAIL
Executed command: git clone D:/Lab_SQA/defects4j/project_repos/closure-compiler.git D:\Lab_SQA\Defects4J_Projects\Closure_151_b 2>&1 && cd D:\Lab_SQA\Defects4J_Projects\Closure_151_b && git checkout fe58a5d1750bab2c5d1d0ef16102c1000e761bd8 2>&1
Cloning into 'D:\Lab_SQA\Defects4J_Projects\Closure_151_b'...
done.
fatal: unable to read tree (fe58a5d1750bab2c5d1d0ef16102c1000e761bd8)
Cannot checkout program version! at D:/Lab_SQA/defects4j/framework/bin/d4j/d4j-checkout line 96.
Compilation failed in require at D:\Lab_SQA\defects4j\framework\bin\defects4j line 195."
Closure,152,CATG,default,1,0,False,error,0,0,False,0,0,0,0,0,0,0.0,"STATUS:ERROR:checkout Closure-152b failed at D:\Lab_SQA\Defects4J_Projects\Closure_152_b: exit=128
Checking out de491e70 to D:\Lab_SQA\Defects4J_Projects\Closure_152_b....... FAIL
Executed command: git clone D:/Lab_SQA/defects4j/project_repos/closure-compiler.git D:\Lab_SQA\Defects4J_Projects\Closure_152_b 2>&1 && cd D:\Lab_SQA\Defects4J_Projects\Closure_152_b && git checkout de491e70b971caca03f07531c2caf97b878cd1ff 2>&1
Cloning into 'D:\Lab_SQA\Defects4J_Projects\Closure_152_b'...
done.
fatal: unable to read tree (de491e70b971caca03f07531c2caf97b878cd1ff)
Cannot checkout program version! at D:/Lab_SQA/defects4j/framework/bin/d4j/d4j-checkout line 96.
Compilation failed in require at D:\Lab_SQA\defects4j\framework\bin\defects4j line 195."
Closure,153,CATG,default,1,0,False,error,0,0,False,0,0,0,0,0,0,0.0,"STATUS:ERROR:checkout Closure-153b failed at D:\Lab_SQA\Defects4J_Projects\Closure_153_b: exit=128
Checking out 86caf52b to D:\Lab_SQA\Defects4J_Projects\Closure_153_b....... FAIL
Executed command: git clone D:/Lab_SQA/defects4j/project_repos/closure-compiler.git D:\Lab_SQA\Defects4J_Projects\Closure_153_b 2>&1 && cd D:\Lab_SQA\Defects4J_Projects\Closure_153_b && git checkout 86caf52b53f53d8b83e9c1092f4b15ddeb6ca5bb 2>&1
Cloning into 'D:\Lab_SQA\Defects4J_Projects\Closure_153_b'...
done.
fatal: unable to read tree (86caf52b53f53d8b83e9c1092f4b15ddeb6ca5bb)
Cannot checkout program version! at D:/Lab_SQA/defects4j/framework/bin/d4j/d4j-checkout line 96.
Compilation failed in require at D:\Lab_SQA\defects4j\framework\bin\defects4j line 195."
Closure,154,CATG,default,1,0,False,error,0,0,False,0,0,0,0,0,0,0.0,"STATUS:ERROR:checkout Closure-154b failed at D:\Lab_SQA\Defects4J_Projects\Closure_154_b: exit=128
Checking out 09ed5563 to D:\Lab_SQA\Defects4J_Projects\Closure_154_b....... FAIL
Executed command: git clone D:/Lab_SQA/defects4j/project_repos/closure-compiler.git D:\Lab_SQA\Defects4J_Projects\Closure_154_b 2>&1 && cd D:\Lab_SQA\Defects4J_Projects\Closure_154_b && git checkout 09ed556367fbe81b3003881dfacad643939664c0 2>&1
Cloning into 'D:\Lab_SQA\Defects4J_Projects\Closure_154_b'...
done.
fatal: unable to read tree (09ed556367fbe81b3003881dfacad643939664c0)
Cannot checkout program version! at D:/Lab_SQA/defects4j/framework/bin/d4j/d4j-checkout line 96.
Compilation failed in require at D:\Lab_SQA\defects4j\framework\bin\defects4j line 195."
Closure,155,CATG,default,1,0,False,error,0,0,False,0,0,0,0,0,0,0.0,"STATUS:ERROR:checkout Closure-155b failed at D:\Lab_SQA\Defects4J_Projects\Closure_155_b: exit=128
Checking out ba011971 to D:\Lab_SQA\Defects4J_Projects\Closure_155_b....... FAIL
Executed command: git clone D:/Lab_SQA/defects4j/project_repos/closure-compiler.git D:\Lab_SQA\Defects4J_Projects\Closure_155_b 2>&1 && cd D:\Lab_SQA\Defects4J_Projects\Closure_155_b && git checkout ba0119710233a1be87c10c5e71424dc5922cc627 2>&1
Cloning into 'D:\Lab_SQA\Defects4J_Projects\Closure_155_b'...
done.
fatal: unable to read tree (ba0119710233a1be87c10c5e71424dc5922cc627)
Cannot checkout program version! at D:/Lab_SQA/defects4j/framework/bin/d4j/d4j-checkout line 96.
Compilation failed in require at D:\Lab_SQA\defects4j\framework\bin\defects4j line 195."
Closure,156,CATG,default,1,0,False,error,0,0,False,0,0,0,0,0,0,0.0,"STATUS:ERROR:checkout Closure-156b failed at D:\Lab_SQA\Defects4J_Projects\Closure_156_b: exit=128
Checking out f39bbdd3 to D:\Lab_SQA\Defects4J_Projects\Closure_156_b....... FAIL
Executed command: git clone D:/Lab_SQA/defects4j/project_repos/closure-compiler.git D:\Lab_SQA\Defects4J_Projects\Closure_156_b 2>&1 && cd D:\Lab_SQA\Defects4J_Projects\Closure_156_b && git checkout f39bbdd39c9ec2136f0a58a677bd2fdae77075a2 2>&1
Cloning into 'D:\Lab_SQA\Defects4J_Projects\Closure_156_b'...
done.
fatal: unable to read tree (f39bbdd39c9ec2136f0a58a677bd2fdae77075a2)
Cannot checkout program version! at D:/Lab_SQA/defects4j/framework/bin/d4j/d4j-checkout line 96.
Compilation failed in require at D:\Lab_SQA\defects4j\framework\bin\defects4j line 195."
Closure,157,CATG,default,1,0,False,error,0,0,False,0,0,0,0,0,0,0.0,"STATUS:ERROR:checkout Closure-157b failed at D:\Lab_SQA\Defects4J_Projects\Closure_157_b: exit=128
Checking out 41acde3e to D:\Lab_SQA\Defects4J_Projects\Closure_157_b....... FAIL
Executed command: git clone D:/Lab_SQA/defects4j/project_repos/closure-compiler.git D:\Lab_SQA\Defects4J_Projects\Closure_157_b 2>&1 && cd D:\Lab_SQA\Defects4J_Projects\Closure_157_b && git checkout 41acde3e8e5e8d37ade765b41d9fd29861f03e5e 2>&1
Cloning into 'D:\Lab_SQA\Defects4J_Projects\Closure_157_b'...
done.
fatal: unable to read tree (41acde3e8e5e8d37ade765b41d9fd29861f03e5e)
Cannot checkout program version! at D:/Lab_SQA/defects4j/framework/bin/d4j/d4j-checkout line 96.
Compilation failed in require at D:\Lab_SQA\defects4j\framework\bin\defects4j line 195."
Closure,158,CATG,default,1,0,False,error,0,0,False,0,0,0,0,0,0,2.52,"STATUS:ERROR:CATG failed with exit 1:
Now testing catg.generated.CatgHarness_2a055c1e48

========== Input 1 ==========
WARNING: 
java.lang.LinkageError: loader (instance of  sun/misc/Launcher$AppClassLoader): attempted  duplicate class definition for name: ""com/google/common/collect/RegularImmutableList""
	at java.lang.ClassLoader.defineClass1(Native Method)
	at java.lang.ClassLoader.defineClass(ClassLoader.java:756)
	at java.security.SecureClassLoader.defineClass(SecureClassLoader.java:142)
	at java.net.URLClassLoader.defineClass(URLClassLoader.java:473)
	at java.net.URLClassLoader.access$100(URLClassLoader.java:74)
	at java.net.URLClassLoader$1.run(URLClassLoader.java:369)
	at java.net.URLClassLoader$1.run(URLClassLoader.java:363)
	at java.security.AccessController.doPrivileged(Native Method)
	at java.net.URLClassLoader.findClass(URLClassLoader.java:362)
	at java.lang.ClassLoader.loadClass(ClassLoader.java:418)
	at sun.misc.Launcher$AppClassLoader.loadClass(Launcher.java:352)
	at java.lang.ClassLoader.loadClass(ClassLoader.java:351)
	at java.lang.ClassLoader.defineClass1(Native Method)
	at java.lang.ClassLoader.defineClass(ClassLoader.java:756)
	at java.security.SecureClassLoader.defineClass(SecureClassLoader.java:142)
	at java.net.URLClassLoader.defineClass(URLClassLoader.java:473)
	at java.net.URLClassLoader.access$100(URLClassLoader.java:74)
	at java.net.URLClassLoader$1.run(URLClassLoader.java:369)
	at java.net.URLClassLoader$1.run(URLClassLoader.java:363)
	at java.security.AccessController.doPrivileged(Native Method)
	at java.net.URLClassLoader.findClass(URLClassLoader.java:362)
	at java.lang.ClassLoader.loadClass(ClassLoader.java:418)
	at sun.misc.Launcher$AppClassLoader.loadClass(Launcher.java:352)
	at java.lang.ClassLoader.loadClass(ClassLoader.java:351)
	at com.google.javascript.jscomp.CommandLineRunner.<clinit>(CommandLineRunner.java:608)
	at java.lang.Class.forName0(Native Method)
	at java.lang.Class.forName(Class.java:264)
	at catg.generated.CatgHarness_2a055c1e48.main(CatgHarness_2a055c1e48.java:12)
Java exited with status 1"
Closure,159,CATG,default,1,0,False,unsupported,0,0,False,0,0,0,0,0,0,0.0,STATUS:harness_limitation:unsupported_type:Node node:findCalledFunctions
Closure,160,CATG,default,1,0,False,error,0,0,False,0,0,0,0,0,0,0.0,"STATUS:ERROR:checkout Closure-160b failed at D:\Lab_SQA\Defects4J_Projects\Closure_160_b: exit=1
Checking out 29312d9f to D:\Lab_SQA\Defects4J_Projects\Closure_160_b....... OK
Init local repository...................................................... OK
Tag post-fix revision...................................................... FAIL
Executed command: cd D:\Lab_SQA\Defects4J_Projects\Closure_160_b && git init 2>&1 && echo "".svn"" > .gitignore && git add -A 2>&1 && git commit -a -m D4J_Closure_160_POST_FIX_REVISION 2>&1 && git tag --no-sign D4J_Closure_160_POST_FIX_REVISION 2>&1
Reinitialized existing Git repository in D:/Lab_SQA/Defects4J_Projects/Closure_160_b/.git/
error: invalid object 100644 046c9d509252619fb0955dd9764b6020f46fc726 for 'src/com/google/debugging/sourcemap/SourceMapConsumerV1.java'
error: invalid object 100644 046c9d509252619fb0955dd9764b6020f46fc726 for 'src/com/google/debugging/sourcemap/SourceMapConsumerV1.java'
error: Error building trees
Couldn't tag post-fix revision! at D:/Lab_SQA/defects4j/framework/core/Project.pm line 434.
	Project::checkout_vid(Project::Closure=HASH(0x2742e12fc48), ""160b"") called at D:/Lab_SQA/defects4j/framework/bin/d4j/d4j-checkout line 96
	require D:/Lab_SQA/defects4j/framework/bin/d4j/d4j-checkout called at D:\Lab_SQA\defects4j\framework\bin\defects4j line 195
Compilation failed in require at D:\Lab_SQA\defects4j\framework\bin\defects4j line 195."
Closure,161,CATG,default,1,0,False,error,0,0,False,0,0,0,0,0,0,0.0,"STATUS:ERROR:checkout Closure-161b failed at D:\Lab_SQA\Defects4J_Projects\Closure_161_b: exit=128
Checking out 89441fcc to D:\Lab_SQA\Defects4J_Projects\Closure_161_b....... OK
Init local repository...................................................... OK
Tag post-fix revision...................................................... FAIL
Executed command: cd D:\Lab_SQA\Defects4J_Projects\Closure_161_b && git init 2>&1 && echo "".svn"" > .gitignore && git add -A 2>&1 && git commit -a -m D4J_Closure_161_POST_FIX_REVISION 2>&1 && git tag --no-sign D4J_Closure_161_POST_FIX_REVISION 2>&1
Reinitialized existing Git repository in D:/Lab_SQA/Defects4J_Projects/Closure_161_b/.git/
fatal: could not parse HEAD
Couldn't tag post-fix revision! at D:/Lab_SQA/defects4j/framework/core/Project.pm line 434.
	Project::checkout_vid(Project::Closure=HASH(0x1c1dfd5dbf8), ""161b"") called at D:/Lab_SQA/defects4j/framework/bin/d4j/d4j-checkout line 96
	require D:/Lab_SQA/defects4j/framework/bin/d4j/d4j-checkout called at D:\Lab_SQA\defects4j\framework\bin\defects4j line 195
Compilation failed in require at D:\Lab_SQA\defects4j\framework\bin\defects4j line 195."
Closure,162,CATG,default,1,0,False,error,0,0,False,0,0,0,0,0,0,0.0,STATUS:ERROR:[WinError 145] The directory is not empty: 'D:\\Lab_SQA\\Defects4J_Projects\\Closure_162_b\\.git'
Closure,163,CATG,default,1,1,True,completed,0,0,False,323,1,0.31,173,0,0.0,4.62,modified=com.google.javascript.jscomp.AnalyzePrototypeProperties;com.google.javascript.jscomp.CrossModuleMethodMotion;target=com.google.javascript.jscomp.AnalyzePrototypeProperties$LiteralProperty::getValue;params=;catg_cases=1
Closure,164,CATG,default,1,0,False,unsupported,0,0,False,0,0,0,0,0,0,0.0,STATUS:harness_limitation:unsupported_type:JSType other:isSubtype
Closure,165,CATG,default,1,0,False,error,0,0,False,0,0,0,0,0,0,7.3,"STATUS:ERROR:CATG failed with exit 1:
Now testing catg.generated.CatgHarness_e1a46ae7f2

========== Input 1 ==========
WARNING: 
java.lang.LinkageError: loader (instance of  sun/misc/Launcher$AppClassLoader): attempted  duplicate class definition for name: ""com/google/javascript/rhino/jstype/PrototypeObjectType""
	at java.lang.ClassLoader.defineClass1(Native Method)
	at java.lang.ClassLoader.defineClass(ClassLoader.java:756)
	at java.security.SecureClassLoader.defineClass(SecureClassLoader.java:142)
	at java.net.URLClassLoader.defineClass(URLClassLoader.java:473)
	at java.net.URLClassLoader.access$100(URLClassLoader.java:74)
	at java.net.URLClassLoader$1.run(URLClassLoader.java:369)
	at java.net.URLClassLoader$1.run(URLClassLoader.java:363)
	at java.security.AccessController.doPrivileged(Native Method)
	at java.net.URLClassLoader.findClass(URLClassLoader.java:362)
	at java.lang.ClassLoader.loadClass(ClassLoader.java:418)
	at sun.misc.Launcher$AppClassLoader.loadClass(Launcher.java:352)
	at java.lang.ClassLoader.loadClass(ClassLoader.java:351)
	at java.lang.ClassLoader.defineClass1(Native Method)
	at java.lang.ClassLoader.defineClass(ClassLoader.java:756)
	at java.security.SecureClassLoader.defineClass(SecureClassLoader.java:142)
	at java.net.URLClassLoader.defineClass(URLClassLoader.java:473)
	at java.net.URLClassLoader.access$100(URLClassLoader.java:74)
	at java.net.URLClassLoader$1.run(URLClassLoader.java:369)
	at java.net.URLClassLoader$1.run(URLClassLoader.java:363)
	at java.security.AccessController.doPrivileged(Native Method)
	at java.net.URLClassLoader.findClass(URLClassLoader.java:362)
	at java.lang.ClassLoader.loadClass(ClassLoader.java:418)
	at sun.misc.Launcher$AppClassLoader.loadClass(Launcher.java:352)
	at java.lang.ClassLoader.loadClass(ClassLoader.java:351)
	at java.lang.Class.forName0(Native Method)
	at java.lang.Class.forName(Class.java:264)
	at catg.generated.CatgHarness_e1a46ae7f2.main(CatgHarness_e1a46ae7f2.java:12)
Java exited with status 1"
Closure,166,CATG,default,1,0,False,unsupported,0,0,False,0,0,0,0,0,0,0.0,STATUS:harness_limitation:unsupported_type:ObjectType constraintObj:matchRecordTypeConstraint
Closure,167,CATG,default,1,0,False,unsupported,0,0,False,0,0,0,0,0,0,0.0,STATUS:harness_limitation:unsupported_type:Node name:caseNameOrGetProp
Closure,168,CATG,default,1,0,False,error,0,0,False,0,0,0,0,0,0,0.0,"STATUS:ERROR:checkout Closure-168b failed at D:\Lab_SQA\Defects4J_Projects\Closure_168_b: exit=1
Checking out b675d1da to D:\Lab_SQA\Defects4J_Projects\Closure_168_b....... OK
Init local repository...................................................... OK
Tag post-fix revision...................................................... OK
Run post-checkout hook..................................................... OK
Excluding broken/flaky tests............................................... OK
Excluding broken/flaky tests............................................... OK
Initialize fixed program version........................................... FAIL
Executed command: cd D:\Lab_SQA\Defects4J_Projects\Closure_168_b && git add -A 2>&1 && git commit -a -m ""D4J_Closure_168_FIXED_VERSION"" 2>&1 && git tag --no-sign D4J_Closure_168_FIXED_VERSION 2>&1
HEAD detached from b675d1da9
nothing to commit, working tree clean
Couldn't tag fixed program version! at D:/Lab_SQA/defects4j/framework/core/Project.pm line 478.
	Project::checkout_vid(Project::Closure=HASH(0x2a29f4f0050), ""168b"") called at D:/Lab_SQA/defects4j/framework/bin/d4j/d4j-checkout line 96
	require D:/Lab_SQA/defects4j/framework/bin/d4j/d4j-checkout called at D:\Lab_SQA\defects4j\framework\bin\defects4j line 195
Compilation failed in require at D:\Lab_SQA\defects4j\framework\bin\defects4j line 195."
Closure,169,CATG,default,1,0,False,error,0,0,False,0,0,0,0,0,0,0.0,"STATUS:ERROR:checkout Closure-169b failed at D:\Lab_SQA\Defects4J_Projects\Closure_169_b: exit=1
Checking out ac239c7c to D:\Lab_SQA\Defects4J_Projects\Closure_169_b....... OK
Init local repository...................................................... OK
Tag post-fix revision...................................................... OK
Run post-checkout hook..................................................... OK
Excluding broken/flaky tests............................................... OK
Excluding broken/flaky tests............................................... OK
Initialize fixed program version........................................... FAIL
Executed command: cd D:\Lab_SQA\Defects4J_Projects\Closure_169_b && git add -A 2>&1 && git commit -a -m ""D4J_Closure_169_FIXED_VERSION"" 2>&1 && git tag --no-sign D4J_Closure_169_FIXED_VERSION 2>&1
HEAD detached from ac239c7c5
nothing to commit, working tree clean
Couldn't tag fixed program version! at D:/Lab_SQA/defects4j/framework/core/Project.pm line 478.
	Project::checkout_vid(Project::Closure=HASH(0x247cb9d1aa0), ""169b"") called at D:/Lab_SQA/defects4j/framework/bin/d4j/d4j-checkout line 96
	require D:/Lab_SQA/defects4j/framework/bin/d4j/d4j-checkout called at D:\Lab_SQA\defects4j\framework\bin\defects4j line 195
Compilation failed in require at D:\Lab_SQA\defects4j\framework\bin\defects4j line 195."
Closure,170,CATG,default,1,0,False,error,0,0,False,0,0,0,0,0,0,6.74,"STATUS:ERROR:CATG failed with exit 1:
Now testing catg.generated.CatgHarness_1a6e8029de

========== Input 1 ==========
WARNING: 
java.lang.NoSuchMethodException: com.google.javascript.jscomp.FlowSensitiveInlineVariables$Candidate.AbstractCfgNodeTraversalCallback()
	at java.lang.Class.getDeclaredMethod(Class.java:2130)
	at catg.generated.CatgHarness_1a6e8029de.main(CatgHarness_1a6e8029de.java:14)
Java exited with status 1"
Closure,171,CATG,default,1,0,False,unsupported,0,0,False,0,0,0,0,0,0,0.0,STATUS:harness_limitation:unsupported_type:Node n:traverseObjectLiteral
Closure,172,CATG,default,1,0,False,error,0,0,False,0,0,0,0,0,0,0.0,"STATUS:ERROR:checkout Closure-172b failed at D:\Lab_SQA\Defects4J_Projects\Closure_172_b: exit=1
Checking out ce86cc8e to D:\Lab_SQA\Defects4J_Projects\Closure_172_b....... OK
Init local repository...................................................... OK
Tag post-fix revision...................................................... OK
Run post-checkout hook..................................................... OK
Excluding broken/flaky tests............................................... OK
Excluding broken/flaky tests............................................... OK
Initialize fixed program version........................................... FAIL
Executed command: cd D:\Lab_SQA\Defects4J_Projects\Closure_172_b && git add -A 2>&1 && git commit -a -m ""D4J_Closure_172_FIXED_VERSION"" 2>&1 && git tag --no-sign D4J_Closure_172_FIXED_VERSION 2>&1
HEAD detached from ce86cc8e4
nothing to commit, working tree clean
Couldn't tag fixed program version! at D:/Lab_SQA/defects4j/framework/core/Project.pm line 478.
	Project::checkout_vid(Project::Closure=HASH(0x1caf95a2a38), ""172b"") called at D:/Lab_SQA/defects4j/framework/bin/d4j/d4j-checkout line 96
	require D:/Lab_SQA/defects4j/framework/bin/d4j/d4j-checkout called at D:\Lab_SQA\defects4j\framework\bin\defects4j line 195
Compilation failed in require at D:\Lab_SQA\defects4j\framework\bin\defects4j line 195."
Closure,173,CATG,default,1,0,False,error,0,0,False,0,0,0,0,0,0,0.0,"STATUS:ERROR:checkout Closure-173b failed at D:\Lab_SQA\Defects4J_Projects\Closure_173_b: exit=1
Checking out e96ce395 to D:\Lab_SQA\Defects4J_Projects\Closure_173_b....... OK
Init local repository...................................................... OK
Tag post-fix revision...................................................... OK
Run post-checkout hook..................................................... OK
Excluding broken/flaky tests............................................... OK
Excluding broken/flaky tests............................................... OK
Initialize fixed program version........................................... FAIL
Executed command: cd D:\Lab_SQA\Defects4J_Projects\Closure_173_b && git add -A 2>&1 && git commit -a -m ""D4J_Closure_173_FIXED_VERSION"" 2>&1 && git tag --no-sign D4J_Closure_173_FIXED_VERSION 2>&1
HEAD detached from e96ce3959
nothing to commit, working tree clean
Couldn't tag fixed program version! at D:/Lab_SQA/defects4j/framework/core/Project.pm line 478.
	Project::checkout_vid(Project::Closure=HASH(0x1baac259bd8), ""173b"") called at D:/Lab_SQA/defects4j/framework/bin/d4j/d4j-checkout line 96
	require D:/Lab_SQA/defects4j/framework/bin/d4j/d4j-checkout called at D:\Lab_SQA\defects4j\framework\bin\defects4j line 195
Compilation failed in require at D:\Lab_SQA\defects4j\framework\bin\defects4j line 195."
Closure,174,CATG,default,1,0,False,unsupported,0,0,False,0,0,0,0,0,0,0.0,STATUS:harness_limitation:unsupported_type:NodeTraversal t:findAliases
Closure,175,CATG,default,1,0,False,error,0,0,False,0,0,0,0,0,0,0.0,"STATUS:ERROR:checkout Closure-175b failed at D:\Lab_SQA\Defects4J_Projects\Closure_175_b: exit=128
Checking out 038da211 to D:\Lab_SQA\Defects4J_Projects\Closure_175_b....... OK
Init local repository...................................................... OK
Tag post-fix revision...................................................... OK
Cannot determine how to apply patch!
All attempts failed:
* cd D:\Lab_SQA\Defects4J_Projects\Closure_175_b && git apply -p1 --ignore-whitespace --check D:/Lab_SQA/defects4j/framework/projects/Closure/compile-errors//test-175-176.diff 2>&1
error: corrupt patch at line 6
* cd D:\Lab_SQA\Defects4J_Projects\Closure_175_b && git apply -p0 --ignore-whitespace --check D:/Lab_SQA/defects4j/framework/projects/Closure/compile-errors//test-175-176.diff 2>&1
error: corrupt patch at line 6
* cd D:\Lab_SQA\Defects4J_Projects\Closure_175_b && git apply -p2 --ignore-whitespace --check D:/Lab_SQA/defects4j/framework/projects/Closure/compile-errors//test-175-176.diff 2>&1
error: corrupt patch at line 6
----------------------------------------------------------------------
 at D:/Lab_SQA/defects4j/framework/core/Vcs.pm line 414.
	Vcs::_apply_cmd(Vcs::Git=HASH(0x2585b500960), ""D:\\Lab_SQA\\Defects4J_Projects\\Closure_175_b"", ""D:/Lab_SQA/defects4j/framework/projects/Closure/compile-error""..., undef) called at D:/Lab_SQA/defects4j/framework/core/Vcs.pm line 375
	Vcs::apply_patch(Vcs::Git=HASH(0x2585b500960), ""D:\\Lab_SQA\\Defects4J_Projects\\Closure_175_b"", ""D:/Lab_SQA/defects4j/framework/projects/Closure/compile-error""...) called at D:/Lab_SQA/defects4j/framework/core/Project.pm line 1084
	Project::apply_patch(Project::Closure=HASH(0x2585b4f9250), ""D:\\Lab_SQA\\Defects4J_Projects\\Closure_175_b"", ""D:/Lab_SQA/defects4j/framework/projects/Closure/compile-error""...) called at D:/Lab_SQA/defects4j/framework/core/Project/Closure.pm line 82
	Project::Closure::_post_checkout(Project::Closure=HASH(0x2585b4f9250), ""038da2119223818ee1c56eaf600a583f755f9b30"", ""D:\\Lab_SQA\\Defects4J_Projects\\Closure_175_b"") called at D:/Lab_SQA/defects4j/framework/core/Project.pm line 440
	Project::checkout_vid(Project::Closure=HASH(0x2585b4f9250), ""175b"") called at D:/Lab_SQA/defects4j/framework/bin/d4j/d4j-checkout line 96
	require D:/Lab_SQA/defects4j/framework/bin/d4j/d4j-checkout called at D:\Lab_SQA\defects4j\framework\bin\defects4j line 195
Compilation failed in require at D:\Lab_SQA\defects4j\framework\bin\defects4j line 195."
Closure,176,CATG,default,1,0,False,error,0,0,False,0,0,0,0,0,0,0.0,"STATUS:ERROR:checkout Closure-176b failed at D:\Lab_SQA\Defects4J_Projects\Closure_176_b: exit=128
Checking out aeed47f4 to D:\Lab_SQA\Defects4J_Projects\Closure_176_b....... OK
Init local repository...................................................... OK
Tag post-fix revision...................................................... OK
Cannot determine how to apply patch!
All attempts failed:
* cd D:\Lab_SQA\Defects4J_Projects\Closure_176_b && git apply -p1 --ignore-whitespace --check D:/Lab_SQA/defects4j/framework/projects/Closure/compile-errors//test-175-176.diff 2>&1
error: corrupt patch at line 6
* cd D:\Lab_SQA\Defects4J_Projects\Closure_176_b && git apply -p0 --ignore-whitespace --check D:/Lab_SQA/defects4j/framework/projects/Closure/compile-errors//test-175-176.diff 2>&1
error: corrupt patch at line 6
* cd D:\Lab_SQA\Defects4J_Projects\Closure_176_b && git apply -p2 --ignore-whitespace --check D:/Lab_SQA/defects4j/framework/projects/Closure/compile-errors//test-175-176.diff 2>&1
error: corrupt patch at line 6
----------------------------------------------------------------------
 at D:/Lab_SQA/defects4j/framework/core/Vcs.pm line 414.
	Vcs::_apply_cmd(Vcs::Git=HASH(0x1401e6cb3e8), ""D:\\Lab_SQA\\Defects4J_Projects\\Closure_176_b"", ""D:/Lab_SQA/defects4j/framework/projects/Closure/compile-error""..., undef) called at D:/Lab_SQA/defects4j/framework/core/Vcs.pm line 375
	Vcs::apply_patch(Vcs::Git=HASH(0x1401e6cb3e8), ""D:\\Lab_SQA\\Defects4J_Projects\\Closure_176_b"", ""D:/Lab_SQA/defects4j/framework/projects/Closure/compile-error""...) called at D:/Lab_SQA/defects4j/framework/core/Project.pm line 1084
	Project::apply_patch(Project::Closure=HASH(0x1401e6ca158), ""D:\\Lab_SQA\\Defects4J_Projects\\Closure_176_b"", ""D:/Lab_SQA/defects4j/framework/projects/Closure/compile-error""...) called at D:/Lab_SQA/defects4j/framework/core/Project/Closure.pm line 82
	Project::Closure::_post_checkout(Project::Closure=HASH(0x1401e6ca158), ""aeed47f424d93d9ff82e0782fca53259829362b1"", ""D:\\Lab_SQA\\Defects4J_Projects\\Closure_176_b"") called at D:/Lab_SQA/defects4j/framework/core/Project.pm line 440
	Project::checkout_vid(Project::Closure=HASH(0x1401e6ca158), ""176b"") called at D:/Lab_SQA/defects4j/framework/bin/d4j/d4j-checkout line 96
	require D:/Lab_SQA/defects4j/framework/bin/d4j/d4j-checkout called at D:\Lab_SQA\defects4j\framework\bin\defects4j line 195
Compilation failed in require at D:\Lab_SQA\defects4j\framework\bin\defects4j line 195."
Codec,1,CATG,default,1,5,True,completed,0,0,False,256,29,11.33,184,18,9.78,6.04,modified=org.apache.commons.codec.language.Caverphone;org.apache.commons.codec.language.Metaphone;org.apache.commons.codec.language.SoundexUtils;target=org.apache.commons.codec.language.Metaphone::metaphone;params=java.lang.String;catg_cases=5
Codec,2,CATG,default,1,0,False,unsupported,0,0,False,0,0,0,0,0,0,0.0,STATUS:harness_limitation:unsupported_type:byte[] in:encode
Codec,3,CATG,default,1,0,False,unsupported,0,0,False,0,0,0,0,0,0,0.0,STATUS:harness_limitation:unsupported_type:DoubleMetaphoneResult result:handleG
Codec,4,CATG,default,1,0,False,unsupported,0,0,False,0,0,0,0,0,0,0.0,STATUS:target_discovery:no_source_method
Codec,5,CATG,default,1,0,False,unsupported,0,0,False,0,0,0,0,0,0,0.0,STATUS:harness_limitation:unsupported_type:byte[] in:decode
Codec,6,CATG,default,1,0,False,unsupported,0,0,False,0,0,0,0,0,0,0.0,STATUS:harness_limitation:unsupported_type:byte b[]:read
Codec,7,CATG,default,1,0,False,unsupported,0,0,False,0,0,0,0,0,0,0.0,STATUS:harness_limitation:unsupported_type:byte[] binaryData:encodeBase64String
Codec,8,CATG,default,1,0,False,unsupported,0,0,False,0,0,0,0,0,0,0.0,STATUS:harness_limitation:unsupported_type:byte[] out:setInitialBuffer
Codec,9,CATG,default,1,0,False,error,0,0,False,0,0,0,0,0,0,0.0,"STATUS:ERROR:checkout Codec-9b failed at D:\Lab_SQA\Defects4J_Projects\Codec_9_b: exit=128
Checking out c5291ab1 to D:\Lab_SQA\Defects4J_Projects\Codec_9_b........... OK
Init local repository...................................................... OK
Tag post-fix revision...................................................... OK
Run post-checkout hook..................................................... OK
Initialize fixed program version........................................... OK
Apply patch................................................................ OK
Initialize buggy program version........................................... OK
Diff c5291ab1:b396c535..................................................... OK
Apply patch................................................................ FAIL
Executed command: cd D:\Lab_SQA\Defects4J_Projects\Codec_9_b && git apply -p1 --ignore-whitespace D:\Lab_SQA\Defects4J_Projects\Codec_9_b/.defects4j.diff 2>&1
error: can't open patch 'D:/Lab_SQA/Defects4J_Projects/Codec_9_b/.defects4j.diff': No such file or directory
rm: cannot remove 'D:\Lab_SQA\Defects4J_Projects\Codec_9_b/.defects4j.diff': No such file or directory
Tag pre-fix revision....................................................... FAIL
Executed command: cd D:\Lab_SQA\Defects4J_Projects\Codec_9_b && git add -A 2>&1 && git commit -a -m ""D4J_Codec_9_PRE_FIX_REVISION"" 2>&1 && git tag --no-sign D4J_Codec_9_PRE_FIX_REVISION 2>&1
warning: adding embedded git repository: CATG
hint: You've added another git repository inside your current repository.
hint: Clones of the outer repository will not contain the contents of
hint: the embedded repository and will not know how to obtain it.
hint: If you meant to add a submodule, use:
hint:
hint: 	git submodule add <url> CATG
hint:
hint: If you added this path by mistake, you can remove it from the
hint: index with:
hint:
hint: 	git rm --cached CATG
hint:
hint: See ""git help submodule"" for more information.
hint: Disable this message with ""git config set advice.addEmbeddedRepo false""
warning: adding embedded git repository: Defects4J_Projects/Chart_10_b
warning: adding embedded git repository: Defects4J_Projects/Chart_10_f
warning: adding embedded git repository: Defects4J_Projects/Chart_11_b
warning: adding embedded git repository: Defects4J_Projects/Chart_12_b
warning: adding embedded git repository: Defects4J_Projects/Chart_13_b
warning: adding embedded git repository: Defects4J_Projects/Chart_14_b
warning: adding embedded git repository: Defects4J_Projects/Chart_15_b
warning: adding embedded git repository: Defects4J_Projects/Chart_16_b
warning: adding embedded git repository: Defects4J_Projects/Chart_17_b
warning: adding embedded git repository: Defects4J_Projects/Chart_17_f
warning: adding embedded git repository: Defects4J_Projects/Chart_18_b
warning: adding embedded git repository: Defects4J_Projects/Chart_19_b
warning: adding embedded git repository: Defects4J_Projects/Chart_1_b
warning: adding embedded git repository: Defects4J_Projects/Chart_1_f
warning: adding embedded git repository: Defects4J_Projects/Chart_20_b
warning: adding embedded git repository: Defects4J_Projects/Chart_21_b
warning: adding embedded git repository: Defects4J_Projects/Chart_22_b
warning: adding embedded git repository: Defects4J_Projects/Chart_23_b
warning: adding embedded git repository: Defects4J_Projects/Chart_24_b
warning: adding embedded git repository: Defects4J_Projects/Chart_25_b
warning: adding embedded git repository: Defects4J_Projects/Chart_26_b
warning: adding embedded git repository: Defects4J_Projects/Chart_2_b
warning: adding embedded git repository: Defects4J_Projects/Chart_3_b
warning: adding embedded git repository: Defects4J_Projects/Chart_4_b
warning: adding embedded git repository: Defects4J_Projects/Chart_5_b
warning: adding embedded git repository: Defects4J_Projects/Chart_6_b
warning: adding embedded git repository: Defects4J_Projects/Chart_7_b
warning: adding embedded git repository: Defects4J_Projects/Chart_8_b
warning: adding embedded git repository: Defects4J_Projects/Chart_9_b
warning: adding embedded git repository: Defects4J_Projects/Cli_10_b
warning: adding embedded git repository: Defects4J_Projects/Cli_11_b
warning: adding embedded git repository: Defects4J_Projects/Cli_12_b
warning: adding embedded git repository: Defects4J_Projects/Cli_13_b
warning: adding embedded git repository: Defects4J_Projects/Cli_14_b
warning: adding embedded git repository: Defects4J_Projects/Cli_15_b
warning: adding embedded git repository: Defects4J_Projects/Cli_16_b
warning: adding embedded git repository: Defects4J_Projects/Cli_17_b
warning: adding embedded git repository: Defects4J_Projects/Cli_17_f
warning: adding embedded git repository: Defects4J_Projects/Cli_18_b
warning: adding embedded git repository: Defects4J_Projects/Cli_18_f
warning: adding embedded git repository: Defects4J_Projects/Cli_19_b
warning: adding embedded git repository: Defects4J_Projects/Cli_19_f
warning: adding embedded git repository: Defects4J_Projects/Cli_1_b
warning: adding embedded git repository: Defects4J_Projects/Cli_1_f
warning: adding embedded git repository: Defects4J_Projects/Cli_20_b
warning: adding embedded git repository: Defects4J_Projects/Cli_21_b
warning: adding embedded git repository: Defects4J_Projects/Cli_22_b
warning: adding embedded git repository: Defects4J_Projects/Cli_22_f
warning: adding embedded git repository: Defects4J_Projects/Cli_23_b
warning: adding embedded git repository: Defects4J_Projects/Cli_24_b
warning: adding embedded git repository: Defects4J_Projects/Cli_25_b
warning: adding embedded git repository: Defects4J_Projects/Cli_26_b
warning: adding embedded git repository: Defects4J_Projects/Cli_26_f
warning: adding embedded git repository: Defects4J_Projects/Cli_27_b
warning: adding embedded git repository: Defects4J_Projects/Cli_28_b
warning: adding embedded git repository: Defects4J_Projects/Cli_29_b
warning: adding embedded git repository: Defects4J_Projects/Cli_29_f
warning: adding embedded git repository: Defects4J_Projects/Cli_2_b
warning: adding embedded git repository: Defects4J_Projects/Cli_2_f
warning: adding embedded git repository: Defects4J_Projects/Cli_30_b
warning: adding embedded git repository: Defects4J_Projects/Cli_31_b
warning: adding embedded git repository: Defects4J_Projects/Cli_31_f
warning: adding embedded git repository: Defects4J_Projects/Cli_32_b
warning: adding embedded git repository: Defects4J_Projects/Cli_33_b
warning: adding embedded git repository: Defects4J_Projects/Cli_34_b
warning: adding embedded git repository: Defects4J_Projects/Cli_34_f
warning: adding embedded git repository: Defects4J_Projects/Cli_35_b
warning: adding embedded git repository: Defects4J_Projects/Cli_35_f
warning: adding embedded git repository: Defects4J_Projects/Cli_36_b
warning: adding embedded git repository: Defects4J_Projects/Cli_37_b
warning: adding embedded git repository: Defects4J_Projects/Cli_38_b
warning: adding embedded git repository: Defects4J_Projects/Cli_39_b
warning: adding embedded git repository: Defects4J_Projects/Cli_3_b
warning: adding embedded git repository: Defects4J_Projects/Cli_3_f
warning: adding embedded git repository: Defects4J_Projects/Cli_40_b
warning: adding embedded git repository: Defects4J_Projects/Cli_4_b
warning: adding embedded git repository: Defects4J_Projects/Cli_5_b
warning: adding embedded git repository: Defects4J_Projects/Cli_5_f
warning: adding embedded git repository: Defects4J_Projects/Cli_7_b
warning: adding embedded git repository: Defects4J_Projects/Cli_8_b
warning: adding embedded git repository: Defects4J_Projects/Cli_9_b
warning: adding embedded git repository: Defects4J_Projects/Closure_10_b
warning: adding embedded git repository: Defects4J_Projects/Closure_11_b
warning: adding embedded git repository: Defects4J_Projects/Closure_12_b
warning: adding embedded git repository: Defects4J_Projects/Closure_134_b
warning: adding embedded git repository: Defects4J_Projects/Closure_135_b
warning: adding embedded git repository: Defects4J_Projects/Closure_136_b
warning: adding embedded git repository: Defects4J_Projects/Closure_137_b
warning: adding embedded git repository: Defects4J_Projects/Closure_138_b
warning: adding embedded git repository: Defects4J_Projects/Closure_139_b
warning: adding embedded git repository: Defects4J_Projects/Closure_13_b
warning: adding embedded git repository: Defects4J_Projects/Closure_140_b
warning: adding embedded git repository: Defects4J_Projects/Closure_141_b
warning: adding embedded git repository: Defects4J_Projects/Closure_142_b
warning: adding embedded git repository: Defects4J_Projects/Closure_143_b
warning: adding embedded git repository: Defects4J_Projects/Closure_14_b
warning: adding embedded git repository: Defects4J_Projects/Closure_158_b
warning: adding embedded git repository: Defects4J_Projects/Closure_159_b
warning: adding embedded git repository: Defects4J_Projects/Closure_15_b
warning: adding embedded git repository: Defects4J_Projects/Closure_160_b
warning: adding embedded git repository: Defects4J_Projects/Closure_161_b
warning: adding embedded git repository: Defects4J_Projects/Closure_163_b
warning: adding embedded git repository: Defects4J_Projects/Closure_163_f
warning: adding embedded git repository: Defects4J_Projects/Closure_164_b
warning: adding embedded git repository: Defects4J_Projects/Closure_165_b
warning: adding embedded git repository: Defects4J_Projects/Closure_166_b
warning: adding embedded git repository: Defects4J_Projects/Closure_167_b
warning: adding embedded git repository: Defects4J_Projects/Closure_168_b
warning: adding embedded git repository: Defects4J_Projects/Closure_169_b
warning: adding embedded git repository: Defects4J_Projects/Closure_16_b
warning: adding embedded git repository: Defects4J_Projects/Closure_170_b
warning: adding embedded git repository: Defects4J_Projects/Closure_171_b
warning: adding embedded git repository: Defects4J_Projects/Closure_172_b
warning: adding embedded git repository: Defects4J_Projects/Closure_173_b
warning: adding embedded git repository: Defects4J_Projects/Closure_174_b
warning: adding embedded git repository: Defects4J_Projects/Closure_175_b
warning: adding embedded git repository: Defects4J_Projects/Closure_176_b
warning: adding embedded git repository: Defects4J_Projects/Closure_17_b
warning: adding embedded git repository: Defects4J_Projects/Closure_18_b
warning: adding embedded git repository: Defects4J_Projects/Closure_19_b
warning: adding embedded git repository: Defects4J_Projects/Closure_1_b
warning: adding embedded git repository: Defects4J_Projects/Closure_20_b
warning: adding embedded git repository: Defects4J_Projects/Closure_21_b
warning: adding embedded git repository: Defects4J_Projects/Closure_22_b
warning: adding embedded git repository: Defects4J_Projects/Closure_23_b
warning: adding embedded git repository: Defects4J_Projects/Closure_24_b
warning: adding embedded git repository: Defects4J_Projects/Closure_25_b
warning: adding embedded git repository: Defects4J_Projects/Closure_26_b
warning: adding embedded git repository: Defects4J_Projects/Closure_27_b
warning: adding embedded git repository: Defects4J_Projects/Closure_28_b
warning: adding embedded git repository: Defects4J_Projects/Closure_29_b
warning: adding embedded git repository: Defects4J_Projects/Closure_2_b
warning: adding embedded git repository: Defects4J_Projects/Closure_30_b
warning: adding embedded git repository: Defects4J_Projects/Closure_31_b
warning: adding embedded git repository: Defects4J_Projects/Closure_32_b
warning: adding embedded git repository: Defects4J_Projects/Closure_33_b
warning: adding embedded git repository: Defects4J_Projects/Closure_34_b
warning: adding embedded git repository: Defects4J_Projects/Closure_35_b
warning: adding embedded git repository: Defects4J_Projects/Closure_36_b
warning: adding embedded git repository: Defects4J_Projects/Closure_37_b
warning: adding embedded git repository: Defects4J_Projects/Closure_38_b
warning: adding embedded git repository: Defects4J_Projects/Closure_39_b
warning: adding embedded git repository: Defects4J_Projects/Closure_3_b
warning: adding embedded git repository: Defects4J_Projects/Closure_3_f
warning: adding embedded git repository: Defects4J_Projects/Closure_40_b
warning: adding embedded git repository: Defects4J_Projects/Closure_41_b
warning: adding embedded git repository: Defects4J_Projects/Closure_42_b
warning: adding embedded git repository: Defects4J_Projects/Closure_43_b
warning: adding embedded git repository: Defects4J_Projects/Closure_44_b
warning: adding embedded git repository: Defects4J_Projects/Closure_45_b
warning: adding embedded git repository: Defects4J_Projects/Closure_45_f
warning: adding embedded git repository: Defects4J_Projects/Closure_46_b
warning: adding embedded git repository: Defects4J_Projects/Closure_47_b
warning: adding embedded git repository: Defects4J_Projects/Closure_48_b
warning: adding embedded git repository: Defects4J_Projects/Closure_49_b
warning: adding embedded git repository: Defects4J_Projects/Closure_4_b
warning: adding embedded git repository: Defects4J_Projects/Closure_50_b
warning: adding embedded git repository: Defects4J_Projects/Closure_51_b
warning: adding embedded git repository: Defects4J_Projects/Closure_52_b
warning: adding embedded git repository: Defects4J_Projects/Closure_53_b
warning: adding embedded git repository: Defects4J_Projects/Closure_54_b
warning: adding embedded git repository: Defects4J_Projects/Closure_55_b
warning: adding embedded git repository: Defects4J_Projects/Closure_56_b
warning: adding embedded git repository: Defects4J_Projects/Closure_57_b
warning: adding embedded git repository: Defects4J_Projects/Closure_58_b
warning: adding embedded git repository: Defects4J_Projects/Closure_59_b
warning: adding embedded git repository: Defects4J_Projects/Closure_5_b
warning: adding embedded git repository: Defects4J_Projects/Closure_60_b
warning: adding embedded git repository: Defects4J_Projects/Closure_61_b
warning: adding embedded git repository: Defects4J_Projects/Closure_62_b
warning: adding embedded git repository: Defects4J_Projects/Closure_64_b
warning: adding embedded git repository: Defects4J_Projects/Closure_65_b
warning: adding embedded git repository: Defects4J_Projects/Closure_66_b
warning: adding embedded git repository: Defects4J_Projects/Closure_67_b
warning: adding embedded git repository: Defects4J_Projects/Closure_68_b
warning: adding embedded git repository: Defects4J_Projects/Closure_69_b
warning: adding embedded git repository: Defects4J_Projects/Closure_6_b
warning: adding embedded git repository: Defects4J_Projects/Closure_70_b
warning: adding embedded git repository: Defects4J_Projects/Closure_71_b
warning: adding embedded git repository: Defects4J_Projects/Closure_72_b
warning: adding embedded git repository: Defects4J_Projects/Closure_73_b
warning: adding embedded git repository: Defects4J_Projects/Closure_74_b
warning: adding embedded git repository: Defects4J_Projects/Closure_75_b
warning: adding embedded git repository: Defects4J_Projects/Closure_76_b
warning: adding embedded git repository: Defects4J_Projects/Closure_77_b
warning: adding embedded git repository: Defects4J_Projects/Closure_78_b
warning: adding embedded git repository: Defects4J_Projects/Closure_79_b
warning: adding embedded git repository: Defects4J_Projects/Closure_7_b
warning: adding embedded git repository: Defects4J_Projects/Closure_80_b
warning: adding embedded git repository: Defects4J_Projects/Closure_81_b
warning: adding embedded git repository: Defects4J_Projects/Closure_82_b
warning: adding embedded git repository: Defects4J_Projects/Closure_83_b
warning: adding embedded git repository: Defects4J_Projects/Closure_84_b
warning: adding embedded git repository: Defects4J_Projects/Closure_86_b
warning: adding embedded git repository: Defects4J_Projects/Closure_87_b
warning: adding embedded git repository: Defects4J_Projects/Closure_88_b
warning: adding embedded git repository: Defects4J_Projects/Closure_8_b
warning: adding embedded git repository: Defects4J_Projects/Closure_8_f
warning: adding embedded git repository: Defects4J_Projects/Closure_9_b
warning: adding embedded git repository: Defects4J_Projects/Closure_9_f
warning: adding embedded git repository: Defects4J_Projects/Codec_1_b
warning: adding embedded git repository: Defects4J_Projects/Codec_1_f
warning: adding embedded git repository: Defects4J_Projects/Codec_2_b
warning: adding embedded git repository: Defects4J_Projects/Codec_3_b
warning: adding embedded git repository: Defects4J_Projects/Codec_4_b
warning: adding embedded git repository: Defects4J_Projects/Codec_5_b
warning: adding embedded git repository: Defects4J_Projects/Codec_6_b
warning: adding embedded git repository: Defects4J_Projects/Codec_7_b
warning: adding embedded git repository: Defects4J_Projects/Codec_8_b
warning: adding embedded git repository: Defects4J_Projects/Collections_1_b
warning: adding embedded git repository: Defects4J_Projects/Compress_1_b
warning: adding embedded git repository: Defects4J_Projects/Compress_1_f
warning: adding embedded git repository: Defects4J_Projects/Csv_1_b
warning: adding embedded git repository: Defects4J_Projects/Csv_1_f
warning: adding embedded git repository: Defects4J_Projects/Gson_1_b
warning: adding embedded git repository: Defects4J_Projects/Lang_1_b
warning: adding embedded git repository: Defects4J_Projects/Lang_1_f
warning: adding embedded git repository: Defects4J_Projects/Lang_3_b
warning: adding embedded git repository: Defects4J_Projects/Lang_3_f
warning: adding embedded git repository: Defects4J_Projects/Math_test_shell
warning: adding embedded git repository: Java-Pacman-Game
warning: adding embedded git repository: Lab11_Insurance
warning: adding embedded git repository: Lab13/Java-Pacman-Game
warning: adding embedded git repository: Lab4_BVT
warning: adding embedded git repository: Lab5_EC
warning: adding embedded git repository: Lab6_DT
warning: adding embedded git repository: Lab9_TestDouble
warning: adding embedded git repository: LabDemo/Lab8_IntegrationTesting
warning: in the working copy of 'LabDemo/Lab9_TestDouble/mockito-junit-labdemo/target/surefire-reports/TEST-sqa.lab.demo.SimpleUnitTest.xml', LF will be replaced by CRLF the next time Git touches it
warning: in the working copy of 'LabDemo/Lab9_TestDouble/mockito-junit-labdemo/target/surefire-reports/TEST-sqa.lab.demo.service.BookCatalogueImplMockitoTest.xml', LF will be replaced by CRLF the next time Git touches it
warning: in the working copy of 'LabDemo/Lab9_TestDouble/mockito-junit-labdemo/target/surefire-reports/TEST-sqa.lab.demo.service.BookCatalogueImplTest.xml', LF will be replaced by CRLF the next time Git touches it
warning: adding embedded git repository: SQA
warning: adding embedded git repository: SQA_Project_Group9
warning: in the working copy of 'WebDemo-master/.gitignore', LF will be replaced by CRLF the next time Git touches it
warning: in the working copy of 'WebDemo-master/BUILD.rst', LF will be replaced by CRLF the next time Git touches it
warning: in the working copy of 'WebDemo-master/README.rst', LF will be replaced by CRLF the next time Git touches it
warning: in the working copy of 'WebDemo-master/demoapp/html/demo.css', LF will be replaced by CRLF the next time Git touches it
warning: in the working copy of 'WebDemo-master/demoapp/html/error.html', LF will be replaced by CRLF the next time Git touches it
warning: in the working copy of 'WebDemo-master/demoapp/html/index.html', LF will be replaced by CRLF the next time Git touches it
warning: in the working copy of 'WebDemo-master/demoapp/html/welcome.html', LF will be replaced by CRLF the next time Git touches it
warning: in the working copy of 'WebDemo-master/demoapp/server.py', LF will be replaced by CRLF the next time Git touches it
warning: in the working copy of 'WebDemo-master/docs/extra.css', LF will be replaced by CRLF the next time Git touches it
warning: in the working copy of 'WebDemo-master/docs/index.html', LF will be replaced by CRLF the next time Git touches it
warning: in the working copy of 'WebDemo-master/docs/style.css', LF will be replaced by CRLF the next time Git touches it
warning: in the working copy of 'WebDemo-master/login_tests/gherkin_login.robot', LF will be replaced by CRLF the next time Git touches it
warning: in the working copy of 'WebDemo-master/login_tests/invalid_login.robot', LF will be replaced by CRLF the next time Git touches it
warning: in the working copy of 'WebDemo-master/login_tests/resource.robot', LF will be replaced by CRLF the next time Git touches it
warning: in the working copy of 'WebDemo-master/login_tests/valid_login.robot', LF will be replaced by CRLF the next time Git touches it
warning: in the working copy of 'WebDemo-master/requirements.txt', LF will be replaced by CRLF the next time Git touches it
warning: in the working copy of 'WebDemo-master/tasks.py', LF will be replaced by CRLF the next time Git touches it
warning: adding embedded git repository: defects4j
warning: in the working copy of 'eclipse-workspace-sqa/.gitignore', LF will be replaced by CRLF the next time Git touches it
warning: in the working copy of 'results/geckodriver-1.log', LF will be replaced by CRLF the next time Git touches it
warning: in the working copy of 'tools/gradle-4.10.3/LICENSE', LF will be replaced by CRLF the next time Git touches it
warning: in the working copy of 'tools/gradle-4.10.3/NOTICE', LF will be replaced by CRLF the next time Git touches it
warning: in the working copy of 'tools/gradle-4.10.3/bin/gradle', LF will be replaced by CRLF the next time Git touches it
warning: in the working copy of 'tools/gradle-4.10.3/getting-started.html', LF will be replaced by CRLF the next time Git touches it
fatal: bad object HEAD
fatal: 'git status --porcelain=2' failed in submodule Defects4J_Projects/Closure_135_b
Couldn't tag pre-fix revision! at D:/Lab_SQA/defects4j/framework/core/Project.pm line 518.
	Project::checkout_vid(Project::Codec=HASH(0x1775dc24e18), ""9b"") called at D:/Lab_SQA/defects4j/framework/bin/d4j/d4j-checkout line 96
	require D:/Lab_SQA/defects4j/framework/bin/d4j/d4j-checkout called at D:\Lab_SQA\defects4j\framework\bin\defects4j line 195
Compilation failed in require at D:\Lab_SQA\defects4j\framework\bin\defects4j line 195."
Codec,10,CATG,default,1,5,True,completed,0,0,False,69,4,5.8,6,2,33.33,4.99,modified=org.apache.commons.codec.language.Caverphone;target=org.apache.commons.codec.language.Caverphone::caverphone;params=java.lang.String;catg_cases=5
Codec,11,CATG,default,1,0,False,unsupported,0,0,False,0,0,0,0,0,0,0.0,STATUS:harness_limitation:unsupported_type:BitSet printable:encodeQuotedPrintable
Codec,12,CATG,default,1,0,False,unsupported,0,0,False,0,0,0,0,0,0,0.0,STATUS:target_discovery:no_source_method
Codec,13,CATG,default,1,0,False,unsupported,0,0,False,0,0,0,0,0,0,3.66,STATUS:catg_runtime_interpreter:ClassCastException
Codec,14,CATG,default,1,0,False,error,0,0,False,0,0,0,0,0,0,3.13,"STATUS:ERROR:CATG failed with exit 1:
Now testing catg.generated.CatgHarness_4a9e9e8617

========== Input 1 ==========
WARNING: 
java.lang.LinkageError: loader (instance of  sun/misc/Launcher$AppClassLoader): attempted  duplicate class definition for name: ""org/apache/commons/codec/language/bm/Languages$LanguageSet""
	at java.lang.ClassLoader.defineClass1(Native Method)
	at java.lang.ClassLoader.defineClass(ClassLoader.java:756)
	at java.security.SecureClassLoader.defineClass(SecureClassLoader.java:142)
	at java.net.URLClassLoader.defineClass(URLClassLoader.java:473)
	at java.net.URLClassLoader.access$100(URLClassLoader.java:74)
	at java.net.URLClassLoader$1.run(URLClassLoader.java:369)
	at java.net.URLClassLoader$1.run(URLClassLoader.java:363)
	at java.security.AccessController.doPrivileged(Native Method)
	at java.net.URLClassLoader.findClass(URLClassLoader.java:362)
	at java.lang.ClassLoader.loadClass(ClassLoader.java:418)
	at sun.misc.Launcher$AppClassLoader.loadClass(Launcher.java:352)
	at java.lang.ClassLoader.loadClass(ClassLoader.java:351)
	at java.lang.Class.getDeclaredMethods0(Native Method)
	at java.lang.Class.privateGetDeclaredMethods(Class.java:2701)
	at java.lang.Class.getDeclaredMethod(Class.java:2128)
	at catg.generated.CatgHarness_4a9e9e8617.main(CatgHarness_4a9e9e8617.java:14)
Java exited with status 1"
Codec,15,CATG,default,1,0,False,unsupported,0,0,False,0,0,0,0,0,0,2.93,STATUS:catg_runtime_interpreter:ClassCastException
Codec,16,CATG,default,1,0,False,unsupported,0,0,False,0,0,0,0,0,0,0.0,STATUS:target_discovery:no_source_method
Codec,17,CATG,default,1,0,False,unsupported,0,0,False,0,0,0,0,0,0,0.0,STATUS:harness_limitation:unsupported_type:final byte[] bytes:newStringIso8859_1
Codec,18,CATG,default,1,0,False,unsupported,0,0,False,0,0,0,0,0,0,0.0,STATUS:harness_limitation:unsupported_type:final CharSequence cs1:equals
Collections,1,CATG,default,1,0,False,unsupported,0,0,False,0,0,0,0,0,0,0.0,STATUS:harness_limitation:unsupported_type:Object value:setValue
Collections,2,CATG,default,1,0,False,error,0,0,False,0,0,0,0,0,0,0.0,"STATUS:ERROR:checkout Collections-2b failed at D:\Lab_SQA\Defects4J_Projects\Collections_2_b: exit=128
Checking out 3f09772b to D:\Lab_SQA\Defects4J_Projects\Collections_2_b..... FAIL
Executed command: git clone D:/Lab_SQA/defects4j/project_repos/commons-collections.git D:\Lab_SQA\Defects4J_Projects\Collections_2_b 2>&1 && cd D:\Lab_SQA\Defects4J_Projects\Collections_2_b && git checkout 3f09772b742d7886c5a18427c9838fb267cc335b 2>&1
Cloning into 'D:\Lab_SQA\Defects4J_Projects\Collections_2_b'...
done.
fatal: unable to read tree (3f09772b742d7886c5a18427c9838fb267cc335b)
Cannot checkout program version! at D:/Lab_SQA/defects4j/framework/bin/d4j/d4j-checkout line 96.
Compilation failed in require at D:\Lab_SQA\defects4j\framework\bin\defects4j line 195."
Collections,3,CATG,default,1,0,False,unsupported,0,0,False,0,0,0,0,0,0,0.0,STATUS:harness_limitation:unsupported_type:Collection collection:removeAll
Collections,4,CATG,default,1,0,False,unsupported,0,0,False,0,0,0,0,0,0,0.0,STATUS:harness_limitation:unsupported_type:Object key:putAll
Collections,5,CATG,default,1,0,False,error,0,0,False,0,0,0,0,0,0,0.0,"STATUS:ERROR:checkout Collections-5b failed at D:\Lab_SQA\Defects4J_Projects\Collections_5_b: exit=1
Checking out f43e0a53 to D:\Lab_SQA\Defects4J_Projects\Collections_5_b..... OK
Init local repository...................................................... OK
Tag post-fix revision...................................................... OK
Cannot determine how to apply patch!
All attempts failed:
* cd D:\Lab_SQA\Defects4J_Projects\Collections_5_b && git apply -p1 --ignore-whitespace --check D:/Lab_SQA/defects4j/framework/projects/Collections/compile-errors//compile-4-9.diff 2>&1
error: src/java/org/apache/commons/collections/MultiHashMap.java: No such file or directory
error: src/java/org/apache/commons/collections/MultiMap.java: No such file or directory
error: src/java/org/apache/commons/collections/map/MultiKeyMap.java: No such file or directory
error: src/java/org/apache/commons/collections/map/MultiValueMap.java: No such file or directory
error: src/test/org/apache/commons/collections/TestMultiHashMap.java: No such file or directory
error: src/test/org/apache/commons/collections/collection/AbstractTestCollection.java: No such file or directory
error: src/test/org/apache/commons/collections/map/TestMultiKeyMap.java: No such file or directory
error: src/test/org/apache/commons/collections/map/TestMultiValueMap.java: No such file or directory
* cd D:\Lab_SQA\Defects4J_Projects\Collections_5_b && git apply -p0 --ignore-whitespace --check D:/Lab_SQA/defects4j/framework/projects/Collections/compile-errors//compile-4-9.diff 2>&1
error: a/src/java/org/apache/commons/collections/MultiHashMap.java: No such file or directory
error: a/src/java/org/apache/commons/collections/MultiMap.java: No such file or directory
error: a/src/java/org/apache/commons/collections/map/MultiKeyMap.java: No such file or directory
error: a/src/java/org/apache/commons/collections/map/MultiValueMap.java: No such file or directory
error: a/src/test/org/apache/commons/collections/TestMultiHashMap.java: No such file or directory
error: a/src/test/org/apache/commons/collections/collection/AbstractTestCollection.java: No such file or directory
error: a/src/test/org/apache/commons/collections/map/TestMultiKeyMap.java: No such file or directory
error: a/src/test/org/apache/commons/collections/map/TestMultiValueMap.java: No such file or directory
* cd D:\Lab_SQA\Defects4J_Projects\Collections_5_b && git apply -p2 --ignore-whitespace --check D:/Lab_SQA/defects4j/framework/projects/Collections/compile-errors//compile-4-9.diff 2>&1
error: java/org/apache/commons/collections/MultiHashMap.java: No such file or directory
error: java/org/apache/commons/collections/MultiMap.java: No such file or directory
error: java/org/apache/commons/collections/map/MultiKeyMap.java: No such file or directory
error: java/org/apache/commons/collections/map/MultiValueMap.java: No such file or directory
error: test/org/apache/commons/collections/TestMultiHashMap.java: No such file or directory
error: test/org/apache/commons/collections/collection/AbstractTestCollection.java: No such file or directory
error: test/org/apache/commons/collections/map/TestMultiKeyMap.java: No such file or directory
error: test/org/apache/commons/collections/map/TestMultiValueMap.java: No such file or directory
----------------------------------------------------------------------
 at D:/Lab_SQA/defects4j/framework/core/Vcs.pm line 414.
	Vcs::_apply_cmd(Vcs::Git=HASH(0x172ea9818a0), ""D:\\Lab_SQA\\Defects4J_Projects\\Collections_5_b"", ""D:/Lab_SQA/defects4j/framework/projects/Collections/compile-e""..., undef) called at D:/Lab_SQA/defects4j/framework/core/Vcs.pm line 375
	Vcs::apply_patch(Vcs::Git=HASH(0x172ea9818a0), ""D:\\Lab_SQA\\Defects4J_Projects\\Collections_5_b"", ""D:/Lab_SQA/defects4j/framework/projects/Collections/compile-e""...) called at D:/Lab_SQA/defects4j/framework/core/Project.pm line 1084
	Project::apply_patch(Project::Collections=HASH(0x172ea987588), ""D:\\Lab_SQA\\Defects4J_Projects\\Collections_5_b"", ""D:/Lab_SQA/defects4j/framework/projects/Collections/compile-e""...) called at D:/Lab_SQA/defects4j/framework/core/Project/Collections.pm line 99
	Project::Collections::_post_checkout(Project::Collections=HASH(0x172ea987588), ""f43e0a53c1f4d3335e720131973dfc8e1103f5f9"", ""D:\\Lab_SQA\\Defects4J_Projects\\Collections_5_b"") called at D:/Lab_SQA/defects4j/framework/core/Project.pm line 440
	Project::checkout_vid(Project::Collections=HASH(0x172ea987588), ""5b"") called at D:/Lab_SQA/defects4j/framework/bin/d4j/d4j-checkout line 96
	require D:/Lab_SQA/defects4j/framework/bin/d4j/d4j-checkout called at D:\Lab_SQA\defects4j\framework\bin\defects4j line 195
Compilation failed in require at D:\Lab_SQA\defects4j\framework\bin\defects4j line 195."
Collections,6,CATG,default,1,0,False,error,0,0,False,0,0,0,0,0,0,0.0,"STATUS:ERROR:checkout Collections-6b failed at D:\Lab_SQA\Defects4J_Projects\Collections_6_b: exit=128
Checking out 1d561052 to D:\Lab_SQA\Defects4J_Projects\Collections_6_b..... FAIL
Executed command: git clone D:/Lab_SQA/defects4j/project_repos/commons-collections.git D:\Lab_SQA\Defects4J_Projects\Collections_6_b 2>&1 && cd D:\Lab_SQA\Defects4J_Projects\Collections_6_b && git checkout 1d5610521f5846c1d6f7d0a65f93c384dbf33e8d 2>&1
Cloning into 'D:\Lab_SQA\Defects4J_Projects\Collections_6_b'...
done.
fatal: unable to read tree (1d5610521f5846c1d6f7d0a65f93c384dbf33e8d)
Cannot checkout program version! at D:/Lab_SQA/defects4j/framework/bin/d4j/d4j-checkout line 96.
Compilation failed in require at D:\Lab_SQA\defects4j\framework\bin\defects4j line 195."
Collections,7,CATG,default,1,1,True,completed,0,0,False,483,11,2.28,280,2,0.71,3.31,modified=org.apache.commons.collections.ExtendedProperties;target=org.apache.commons.collections.ExtendedProperties::getProperty;params=java.lang.String;catg_cases=1
Collections,8,CATG,default,1,0,False,unsupported,0,0,False,0,0,0,0,0,0,0.0,STATUS:harness_limitation:unsupported_type:ObjectInputStream in:readObject
Collections,9,CATG,default,1,0,False,unsupported,0,0,False,0,0,0,0,0,0,0.0,STATUS:harness_limitation:unsupported_type:ExtendedProperties props:combine
Collections,10,CATG,default,1,0,False,error,0,0,False,0,0,0,0,0,0,0.0,"STATUS:ERROR:checkout Collections-10b failed at D:\Lab_SQA\Defects4J_Projects\Collections_10_b: exit=128
Checking out e6d4f465 to D:\Lab_SQA\Defects4J_Projects\Collections_10_b.... OK
Init local repository...................................................... OK
Tag post-fix revision...................................................... OK
Apply patch................................................................ OK
Run post-checkout hook..................................................... OK
Excluding broken/flaky tests............................................... OK
Backing up build file: D:\Lab_SQA\Defects4J_Projects\Collections_10_b/proje OK
Initialize fixed program version........................................... OK
Apply patch................................................................ OK
Initialize buggy program version........................................... OK
Diff e6d4f465:c1351569..................................................... OK
Cannot determine how to apply patch!
All attempts failed:
* cd D:\Lab_SQA\Defects4J_Projects\Collections_10_b && git apply -p1 --ignore-whitespace --check D:\Lab_SQA\Defects4J_Projects\Collections_10_b/.defects4j.diff 2>&1
error: git diff header lacks filename information when removing 1 leading pathname component (line 4)
* cd D:\Lab_SQA\Defects4J_Projects\Collections_10_b && git apply -p0 --ignore-whitespace --check D:\Lab_SQA\Defects4J_Projects\Collections_10_b/.defects4j.diff 2>&1
error: git diff header lacks filename information when removing 0 leading pathname components (line 4)
* cd D:\Lab_SQA\Defects4J_Projects\Collections_10_b && git apply -p2 --ignore-whitespace --check D:\Lab_SQA\Defects4J_Projects\Collections_10_b/.defects4j.diff 2>&1
error: git diff header lacks filename information when removing 2 leading pathname components (line 4)
----------------------------------------------------------------------
 at D:/Lab_SQA/defects4j/framework/core/Vcs.pm line 414.
	Vcs::_apply_cmd(Vcs::Git=HASH(0x2c5facc6ce8), ""D:\\Lab_SQA\\Defects4J_Projects\\Collections_10_b"", ""D:\\Lab_SQA\\Defects4J_Projects\\Collections_10_b/.defects4j.diff"", undef) called at D:/Lab_SQA/defects4j/framework/core/Vcs.pm line 375
	Vcs::apply_patch(Vcs::Git=HASH(0x2c5facc6ce8), ""D:\\Lab_SQA\\Defects4J_Projects\\Collections_10_b"", ""D:\\Lab_SQA\\Defects4J_Projects\\Collections_10_b/.defects4j.diff"") called at D:/Lab_SQA/defects4j/framework/core/Project.pm line 507
	Project::checkout_vid(Project::Collections=HASH(0x2c5facd2820), ""10b"") called at D:/Lab_SQA/defects4j/framework/bin/d4j/d4j-checkout line 96
	require D:/Lab_SQA/defects4j/framework/bin/d4j/d4j-checkout called at D:\Lab_SQA\defects4j\framework\bin\defects4j line 195
Compilation failed in require at D:\Lab_SQA\defects4j\framework\bin\defects4j line 195."
Collections,11,CATG,default,1,0,False,unsupported,0,0,False,0,0,0,0,0,0,0.0,STATUS:target_discovery:no_source_method
Collections,12,CATG,default,1,0,False,unsupported,0,0,False,0,0,0,0,0,0,0.0,STATUS:harness_limitation:unsupported_type:ExtendedProperties props:combine
Collections,13,CATG,default,1,0,False,error,0,0,False,0,0,0,0,0,0,0.0,"STATUS:ERROR:checkout Collections-13b failed at D:\Lab_SQA\Defects4J_Projects\Collections_13_b: exit=1
Checking out f3eaf2ce to D:\Lab_SQA\Defects4J_Projects\Collections_13_b.... OK
Init local repository...................................................... OK
Tag post-fix revision...................................................... OK
Apply patch................................................................ OK
Run post-checkout hook..................................................... OK
Excluding broken/flaky tests............................................... OK
Initialize fixed program version........................................... FAIL
Executed command: cd D:\Lab_SQA\Defects4J_Projects\Collections_13_b && git add -A 2>&1 && git commit -a -m ""D4J_Collections_13_FIXED_VERSION"" 2>&1 && git tag --no-sign D4J_Collections_13_FIXED_VERSION 2>&1
HEAD detached from f3eaf2ce
nothing to commit, working tree clean
Couldn't tag fixed program version! at D:/Lab_SQA/defects4j/framework/core/Project.pm line 478.
	Project::checkout_vid(Project::Collections=HASH(0x220f7d21988), ""13b"") called at D:/Lab_SQA/defects4j/framework/bin/d4j/d4j-checkout line 96
	require D:/Lab_SQA/defects4j/framework/bin/d4j/d4j-checkout called at D:\Lab_SQA\defects4j\framework\bin\defects4j line 195
Compilation failed in require at D:\Lab_SQA\defects4j\framework\bin\defects4j line 195."
Collections,14,CATG,default,1,0,False,error,0,0,False,0,0,0,0,0,0,0.0,"STATUS:ERROR:checkout Collections-14b failed at D:\Lab_SQA\Defects4J_Projects\Collections_14_b: exit=1
Checking out 0725e476 to D:\Lab_SQA\Defects4J_Projects\Collections_14_b.... OK
Init local repository...................................................... OK
Tag post-fix revision...................................................... OK
Apply patch................................................................ OK
Run post-checkout hook..................................................... OK
Excluding broken/flaky tests............................................... OK
Initialize fixed program version........................................... FAIL
Executed command: cd D:\Lab_SQA\Defects4J_Projects\Collections_14_b && git add -A 2>&1 && git commit -a -m ""D4J_Collections_14_FIXED_VERSION"" 2>&1 && git tag --no-sign D4J_Collections_14_FIXED_VERSION 2>&1
HEAD detached from 0725e476
nothing to commit, working tree clean
Couldn't tag fixed program version! at D:/Lab_SQA/defects4j/framework/core/Project.pm line 478.
	Project::checkout_vid(Project::Collections=HASH(0x205fbb1e118), ""14b"") called at D:/Lab_SQA/defects4j/framework/bin/d4j/d4j-checkout line 96
	require D:/Lab_SQA/defects4j/framework/bin/d4j/d4j-checkout called at D:\Lab_SQA\defects4j\framework\bin\defects4j line 195
Compilation failed in require at D:\Lab_SQA\defects4j\framework\bin\defects4j line 195."
Collections,15,CATG,default,1,0,False,error,0,0,False,0,0,0,0,0,0,0.0,"STATUS:ERROR:checkout Collections-15b failed at D:\Lab_SQA\Defects4J_Projects\Collections_15_b: exit=1
Checking out 0122245f to D:\Lab_SQA\Defects4J_Projects\Collections_15_b.... OK
Init local repository...................................................... OK
Tag post-fix revision...................................................... OK
Apply patch................................................................ OK
Run post-checkout hook..................................................... OK
Excluding broken/flaky tests............................................... OK
Initialize fixed program version........................................... FAIL
Executed command: cd D:\Lab_SQA\Defects4J_Projects\Collections_15_b && git add -A 2>&1 && git commit -a -m ""D4J_Collections_15_FIXED_VERSION"" 2>&1 && git tag --no-sign D4J_Collections_15_FIXED_VERSION 2>&1
HEAD detached from 0122245f
nothing to commit, working tree clean
Couldn't tag fixed program version! at D:/Lab_SQA/defects4j/framework/core/Project.pm line 478.
	Project::checkout_vid(Project::Collections=HASH(0x188a3caf1b0), ""15b"") called at D:/Lab_SQA/defects4j/framework/bin/d4j/d4j-checkout line 96
	require D:/Lab_SQA/defects4j/framework/bin/d4j/d4j-checkout called at D:\Lab_SQA\defects4j\framework\bin\defects4j line 195
Compilation failed in require at D:\Lab_SQA\defects4j\framework\bin\defects4j line 195."
Collections,16,CATG,default,1,1,True,completed,0,0,False,86,1,1.16,22,0,0.0,7.4,modified=org.apache.commons.collections.list.SetUniqueList;target=org.apache.commons.collections.list.SetUniqueList$SetListIterator::next;params=;catg_cases=1
Collections,17,CATG,default,1,0,False,unsupported,0,0,False,0,0,0,0,0,0,0.0,STATUS:harness_limitation:unsupported_type:T object:evaluate
Collections,18,CATG,default,1,1,True,completed,0,0,False,93,4,4.3,36,0,0.0,3.14,modified=org.apache.commons.collections.set.ListOrderedSet;target=org.apache.commons.collections.set.ListOrderedSet::toArray;params=;catg_cases=1
Collections,19,CATG,default,1,0,False,unsupported,0,0,False,0,0,0,0,0,0,0.0,STATUS:harness_limitation:unsupported_type:final E object:set
Collections,20,CATG,default,1,0,False,error,0,0,False,0,0,0,0,0,0,0.0,"STATUS:ERROR:generated Java compilation failed:
Picked up JAVA_TOOL_OPTIONS: -Dfile.encoding=UTF-8
error: error reading D:\Lab_SQA\SQA_Project_Group9\CATG\Result_Round2\enhanced\Collections_20\CatgHarness_9cd033cbcd.java; D:\Lab_SQA\SQA_Project_Group9\CATG\Result_Round2\enhanced\Collections_20\CatgHarness_9cd033cbcd.java (The system cannot find the file specified)
1 error"
Collections,21,CATG,default,1,0,False,unsupported,0,0,False,0,0,0,0,0,0,2.77,STATUS:catg_runtime_interpreter:ClassCastException
Collections,22,CATG,default,1,0,False,unsupported,0,0,False,0,0,0,0,0,0,0.0,"STATUS:harness_limitation:unsupported_type:final Map<? extends K, ? extends V> map:putAll"
Collections,23,CATG,default,1,0,False,unsupported,0,0,False,0,0,0,0,0,0,0.0,"STATUS:harness_limitation:unsupported_type:final Trie<K, ? extends V> trie:unmodifiableTrie"
Collections,24,CATG,default,1,0,False,unsupported,0,0,False,0,0,0,0,0,0,0.0,STATUS:harness_limitation:unsupported_type:final BoundedCollection<? extends E> coll:unmodifiableBoundedCollection
Collections,25,CATG,default,1,0,False,unsupported,0,0,False,0,0,0,0,0,0,0.0,STATUS:harness_limitation:unsupported_type:final Comparator<? super E> comparator:collatedIterator
Collections,26,CATG,default,1,0,False,error,0,0,False,0,0,0,0,0,0,0.0,"STATUS:ERROR:checkout Collections-26b failed at D:\Lab_SQA\Defects4J_Projects\Collections_26_b: exit=1
Checking out f8bd75d3 to D:\Lab_SQA\Defects4J_Projects\Collections_26_b.... OK
Init local repository...................................................... OK
Tag post-fix revision...................................................... OK
Cannot determine how to apply patch!
All attempts failed:
* cd D:\Lab_SQA\Defects4J_Projects\Collections_26_b && git apply -p1 --ignore-whitespace --check D:/Lab_SQA/defects4j/framework/projects/Collections/compile-errors//compile-26-27.diff 2>&1
error: src/test/java/org/apache/commons/collections4/FluentIterableTest.java: No such file or directory
error: src/test/java/org/apache/commons/collections4/collection/AbstractCollectionTest.java: No such file or directory
* cd D:\Lab_SQA\Defects4J_Projects\Collections_26_b && git apply -p0 --ignore-whitespace --check D:/Lab_SQA/defects4j/framework/projects/Collections/compile-errors//compile-26-27.diff 2>&1
error: a/src/test/java/org/apache/commons/collections4/FluentIterableTest.java: No such file or directory
error: a/src/test/java/org/apache/commons/collections4/collection/AbstractCollectionTest.java: No such file or directory
* cd D:\Lab_SQA\Defects4J_Projects\Collections_26_b && git apply -p2 --ignore-whitespace --check D:/Lab_SQA/defects4j/framework/projects/Collections/compile-errors//compile-26-27.diff 2>&1
error: test/java/org/apache/commons/collections4/FluentIterableTest.java: No such file or directory
error: test/java/org/apache/commons/collections4/collection/AbstractCollectionTest.java: No such file or directory
----------------------------------------------------------------------
 at D:/Lab_SQA/defects4j/framework/core/Vcs.pm line 414.
	Vcs::_apply_cmd(Vcs::Git=HASH(0x1daf32b28c8), ""D:\\Lab_SQA\\Defects4J_Projects\\Collections_26_b"", ""D:/Lab_SQA/defects4j/framework/projects/Collections/compile-e""..., undef) called at D:/Lab_SQA/defects4j/framework/core/Vcs.pm line 375
	Vcs::apply_patch(Vcs::Git=HASH(0x1daf32b28c8), ""D:\\Lab_SQA\\Defects4J_Projects\\Collections_26_b"", ""D:/Lab_SQA/defects4j/framework/projects/Collections/compile-e""...) called at D:/Lab_SQA/defects4j/framework/core/Project.pm line 1084
	Project::apply_patch(Project::Collections=HASH(0x1daf32b2898), ""D:\\Lab_SQA\\Defects4J_Projects\\Collections_26_b"", ""D:/Lab_SQA/defects4j/framework/projects/Collections/compile-e""...) called at D:/Lab_SQA/defects4j/framework/core/Project/Collections.pm line 99
	Project::Collections::_post_checkout(Project::Collections=HASH(0x1daf32b2898), ""f8bd75d37ca12c5d49c1b628c33c0b45e2d082eb"", ""D:\\Lab_SQA\\Defects4J_Projects\\Collections_26_b"") called at D:/Lab_SQA/defects4j/framework/core/Project.pm line 440
	Project::checkout_vid(Project::Collections=HASH(0x1daf32b2898), ""26b"") called at D:/Lab_SQA/defects4j/framework/bin/d4j/d4j-checkout line 96
	require D:/Lab_SQA/defects4j/framework/bin/d4j/d4j-checkout called at D:\Lab_SQA\defects4j\framework\bin\defects4j line 195
Compilation failed in require at D:\Lab_SQA\defects4j\framework\bin\defects4j line 195."
Collections,27,CATG,default,1,0,False,unsupported,0,0,False,0,0,0,0,0,0,0.0,STATUS:target_discovery:no_source_method
Collections,28,CATG,default,1,0,False,unsupported,0,0,False,0,0,0,0,0,0,0.0,STATUS:target_discovery:no_source_method
Compress,1,CATG,default,1,1,True,completed,1,0,True,164,4,2.44,59,1,1.69,3.51,modified=org.apache.commons.compress.archivers.cpio.CpioArchiveOutputStream;target=org.apache.commons.compress.archivers.cpio.CpioArchiveOutputStream::close;params=;catg_cases=1
Compress,2,CATG,default,1,1,True,completed,0,0,False,73,7,9.59,42,1,2.38,4.17,modified=org.apache.commons.compress.archivers.ar.ArArchiveInputStream;target=org.apache.commons.compress.archivers.ar.ArArchiveInputStream::getNextArEntry;params=;catg_cases=1
Compress,3,CATG,default,1,0,False,error,0,0,False,0,0,0,0,0,0,0.0,"STATUS:ERROR:checkout Compress-3b failed at D:\Lab_SQA\Defects4J_Projects\Compress_3_b: exit=128
Checking out d170f34f to D:\Lab_SQA\Defects4J_Projects\Compress_3_b........ FAIL
Executed command: git clone D:/Lab_SQA/defects4j/project_repos/commons-compress.git D:\Lab_SQA\Defects4J_Projects\Compress_3_b 2>&1 && cd D:\Lab_SQA\Defects4J_Projects\Compress_3_b && git checkout d170f34fa65e19b604f5a9e04e6ed5f81d35658c 2>&1
Cloning into 'D:\Lab_SQA\Defects4J_Projects\Compress_3_b'...
done.
fatal: update_ref failed for ref 'HEAD': cannot update ref 'refs/heads/master': trying to write ref 'refs/heads/master' with nonexistent object 0516cc6a9c00fc20ca0a81f4f406b6ccc424b749
Cannot checkout program version! at D:/Lab_SQA/defects4j/framework/bin/d4j/d4j-checkout line 96.
Compilation failed in require at D:\Lab_SQA\defects4j\framework\bin\defects4j line 195."
Compress,4,CATG,default,1,1,True,completed,1,0,True,616,8,1.3,253,4,1.58,3.1,modified=org.apache.commons.compress.archivers.cpio.CpioArchiveOutputStream;org.apache.commons.compress.archivers.tar.TarArchiveOutputStream;org.apache.commons.compress.archivers.zip.ZipArchiveOutputStream;org.apache.commons.compress.changes.ChangeSetPerformer;target=org.apache.commons.compress.archivers.cpio.CpioArchiveOutputStream::close;params=;catg_cases=1
Compress,5,CATG,default,1,0,False,error,0,0,False,0,0,0,0,0,0,0.0,"STATUS:ERROR:checkout Compress-5b failed at D:\Lab_SQA\Defects4J_Projects\Compress_5_b: exit=128
Checking out dc3fc470 to D:\Lab_SQA\Defects4J_Projects\Compress_5_b........ OK
Init local repository...................................................... OK
Tag post-fix revision...................................................... OK
Copy generated Ant build file.............................................. OK
Run post-checkout hook..................................................... OK
Excluding broken/flaky tests............................................... OK
Backing up build file: D:\Lab_SQA\Defects4J_Projects\Compress_5_b/maven-bui OK
Initialize fixed program version........................................... OK
Apply patch................................................................ OK
Initialize buggy program version........................................... OK
Diff dc3fc470:c520d00b..................................................... OK
Cannot determine how to apply patch!
All attempts failed:
* cd D:\Lab_SQA\Defects4J_Projects\Compress_5_b && git apply -p1 --ignore-whitespace --check D:\Lab_SQA\Defects4J_Projects\Compress_5_b/.defects4j.diff 2>&1
error: git diff header lacks filename information when removing 1 leading pathname component (line 174)
* cd D:\Lab_SQA\Defects4J_Projects\Compress_5_b && git apply -p0 --ignore-whitespace --check D:\Lab_SQA\Defects4J_Projects\Compress_5_b/.defects4j.diff 2>&1
error: git diff header lacks filename information when removing 0 leading pathname components (line 174)
* cd D:\Lab_SQA\Defects4J_Projects\Compress_5_b && git apply -p2 --ignore-whitespace --check D:\Lab_SQA\Defects4J_Projects\Compress_5_b/.defects4j.diff 2>&1
error: git diff header lacks filename information when removing 2 leading pathname components (line 174)
----------------------------------------------------------------------
 at D:/Lab_SQA/defects4j/framework/core/Vcs.pm line 414.
	Vcs::_apply_cmd(Vcs::Git=HASH(0x1a707df1a50), ""D:\\Lab_SQA\\Defects4J_Projects\\Compress_5_b"", ""D:\\Lab_SQA\\Defects4J_Projects\\Compress_5_b/.defects4j.diff"", undef) called at D:/Lab_SQA/defects4j/framework/core/Vcs.pm line 375
	Vcs::apply_patch(Vcs::Git=HASH(0x1a707df1a50), ""D:\\Lab_SQA\\Defects4J_Projects\\Compress_5_b"", ""D:\\Lab_SQA\\Defects4J_Projects\\Compress_5_b/.defects4j.diff"") called at D:/Lab_SQA/defects4j/framework/core/Project.pm line 507
	Project::checkout_vid(Project::Compress=HASH(0x1a707df19d8), ""5b"") called at D:/Lab_SQA/defects4j/framework/bin/d4j/d4j-checkout line 96
	require D:/Lab_SQA/defects4j/framework/bin/d4j/d4j-checkout called at D:\Lab_SQA\defects4j\framework\bin\defects4j line 195
Compilation failed in require at D:\Lab_SQA\defects4j\framework\bin\defects4j line 195."
Compress,6,CATG,default,1,0,False,unsupported,0,0,False,0,0,0,0,0,0,0.0,STATUS:harness_limitation:unsupported_type:Object obj:equals
Compress,7,CATG,default,1,0,False,unsupported,0,0,False,0,0,0,0,0,0,0.0,STATUS:harness_limitation:unsupported_type:byte[] buffer:parseName
Compress,8,CATG,default,1,0,False,unsupported,0,0,False,0,0,0,0,0,0,0.0,STATUS:harness_limitation:unsupported_type:final byte[] buffer:parseOctal
Compress,9,CATG,default,1,0,False,unsupported,0,0,False,0,0,0,0,0,0,0.0,STATUS:harness_limitation:unsupported_type:byte[] wBuf:write
Compress,10,CATG,default,1,0,False,unsupported,0,0,False,0,0,0,0,0,0,0.0,"STATUS:harness_limitation:unsupported_type:Map<ZipArchiveEntry, NameAndComment>
                                            entriesWithoutUTF8Flag:resolveLocalFileHeaderData"
Compress,11,CATG,default,1,0,False,error,0,0,False,0,0,0,0,0,0,0.0,STATUS:ERROR:worker_exit_without_result
Compress,12,CATG,default,1,0,False,error,0,0,False,0,0,0,0,0,0,0.0,"STATUS:ERROR:checkout Compress-12b failed at D:\Lab_SQA\Defects4J_Projects\Compress_12_b: exit=128
Checking out bc84d208 to D:\Lab_SQA\Defects4J_Projects\Compress_12_b....... OK
Init local repository...................................................... OK
Tag post-fix revision...................................................... OK
Copy generated Ant build file.............................................. OK
Run post-checkout hook..................................................... OK
Excluding broken/flaky tests............................................... OK
Backing up build file: D:\Lab_SQA\Defects4J_Projects\Compress_12_b/maven-bu OK
Initialize fixed program version........................................... OK
Apply patch................................................................ OK
Initialize buggy program version........................................... OK
Diff bc84d208:b23b5c85..................................................... OK
Cannot determine how to apply patch!
All attempts failed:
* cd D:\Lab_SQA\Defects4J_Projects\Compress_12_b && git apply -p1 --ignore-whitespace --check D:\Lab_SQA\Defects4J_Projects\Compress_12_b/.defects4j.diff 2>&1
error: git diff header lacks filename information when removing 1 leading pathname component (line 61)
* cd D:\Lab_SQA\Defects4J_Projects\Compress_12_b && git apply -p0 --ignore-whitespace --check D:\Lab_SQA\Defects4J_Projects\Compress_12_b/.defects4j.diff 2>&1
error: git diff header lacks filename information when removing 0 leading pathname components (line 61)
* cd D:\Lab_SQA\Defects4J_Projects\Compress_12_b && git apply -p2 --ignore-whitespace --check D:\Lab_SQA\Defects4J_Projects\Compress_12_b/.defects4j.diff 2>&1
error: git diff header lacks filename information when removing 2 leading pathname components (line 61)
----------------------------------------------------------------------
 at D:/Lab_SQA/defects4j/framework/core/Vcs.pm line 414.
	Vcs::_apply_cmd(Vcs::Git=HASH(0x20adb5f6cd0), ""D:\\Lab_SQA\\Defects4J_Projects\\Compress_12_b"", ""D:\\Lab_SQA\\Defects4J_Projects\\Compress_12_b/.defects4j.diff"", undef) called at D:/Lab_SQA/defects4j/framework/core/Vcs.pm line 375
	Vcs::apply_patch(Vcs::Git=HASH(0x20adb5f6cd0), ""D:\\Lab_SQA\\Defects4J_Projects\\Compress_12_b"", ""D:\\Lab_SQA\\Defects4J_Projects\\Compress_12_b/.defects4j.diff"") called at D:/Lab_SQA/defects4j/framework/core/Project.pm line 507
	Project::checkout_vid(Project::Compress=HASH(0x20adb5e7748), ""12b"") called at D:/Lab_SQA/defects4j/framework/bin/d4j/d4j-checkout line 96
	require D:/Lab_SQA/defects4j/framework/bin/d4j/d4j-checkout called at D:\Lab_SQA\defects4j\framework\bin\defects4j line 195
Compilation failed in require at D:\Lab_SQA\defects4j\framework\bin\defects4j line 195."
Compress,13,CATG,default,1,0,False,error,0,0,False,0,0,0,0,0,0,0.0,"STATUS:ERROR:checkout Compress-13b failed at D:\Lab_SQA\Defects4J_Projects\Compress_13_b: exit=128
Checking out c75c10fa to D:\Lab_SQA\Defects4J_Projects\Compress_13_b....... OK
Init local repository...................................................... OK
Tag post-fix revision...................................................... OK
Copy generated Ant build file.............................................. OK
Run post-checkout hook..................................................... OK
Excluding broken/flaky tests............................................... OK
Backing up build file: D:\Lab_SQA\Defects4J_Projects\Compress_13_b/maven-bu OK
Initialize fixed program version........................................... OK
Apply patch................................................................ OK
Initialize buggy program version........................................... OK
Diff c75c10fa:576bd034..................................................... OK
Cannot determine how to apply patch!
All attempts failed:
* cd D:\Lab_SQA\Defects4J_Projects\Compress_13_b && git apply -p1 --ignore-whitespace --check D:\Lab_SQA\Defects4J_Projects\Compress_13_b/.defects4j.diff 2>&1
error: git diff header lacks filename information when removing 1 leading pathname component (line 113)
* cd D:\Lab_SQA\Defects4J_Projects\Compress_13_b && git apply -p0 --ignore-whitespace --check D:\Lab_SQA\Defects4J_Projects\Compress_13_b/.defects4j.diff 2>&1
error: can't open patch 'D:/Lab_SQA/Defects4J_Projects/Compress_13_b/.defects4j.diff': No such file or directory
* cd D:\Lab_SQA\Defects4J_Projects\Compress_13_b && git apply -p2 --ignore-whitespace --check D:\Lab_SQA\Defects4J_Projects\Compress_13_b/.defects4j.diff 2>&1
error: can't open patch 'D:/Lab_SQA/Defects4J_Projects/Compress_13_b/.defects4j.diff': No such file or directory
----------------------------------------------------------------------
 at D:/Lab_SQA/defects4j/framework/core/Vcs.pm line 414.
	Vcs::_apply_cmd(Vcs::Git=HASH(0x24c1abcae18), ""D:\\Lab_SQA\\Defects4J_Projects\\Compress_13_b"", ""D:\\Lab_SQA\\Defects4J_Projects\\Compress_13_b/.defects4j.diff"", undef) called at D:/Lab_SQA/defects4j/framework/core/Vcs.pm line 375
	Vcs::apply_patch(Vcs::Git=HASH(0x24c1abcae18), ""D:\\Lab_SQA\\Defects4J_Projects\\Compress_13_b"", ""D:\\Lab_SQA\\Defects4J_Projects\\Compress_13_b/.defects4j.diff"") called at D:/Lab_SQA/defects4j/framework/core/Project.pm line 507
	Project::checkout_vid(Project::Compress=HASH(0x24c1ab5f510), ""13b"") called at D:/Lab_SQA/defects4j/framework/bin/d4j/d4j-checkout line 96
	require D:/Lab_SQA/defects4j/framework/bin/d4j/d4j-checkout called at D:\Lab_SQA\defects4j\framework\bin\defects4j line 195
Compilation failed in require at D:\Lab_SQA\defects4j\framework\bin\defects4j line 195."
Compress,14,CATG,default,1,0,False,error,0,0,False,0,0,0,0,0,0,0.0,"STATUS:ERROR:checkout Compress-14b failed at D:\Lab_SQA\Defects4J_Projects\Compress_14_b: exit=128
Checking out 40f2e638 to D:\Lab_SQA\Defects4J_Projects\Compress_14_b....... OK
Init local repository...................................................... OK
Tag post-fix revision...................................................... OK
Copy generated Ant build file.............................................. OK
Run post-checkout hook..................................................... OK
Excluding broken/flaky tests............................................... OK
Backing up build file: D:\Lab_SQA\Defects4J_Projects\Compress_14_b/maven-bu OK
Initialize fixed program version........................................... OK
Apply patch................................................................ OK
Initialize buggy program version........................................... OK
Diff 40f2e638:d39ba76c..................................................... OK
Cannot determine how to apply patch!
All attempts failed:
* cd D:\Lab_SQA\Defects4J_Projects\Compress_14_b && git apply -p1 --ignore-whitespace --check D:\Lab_SQA\Defects4J_Projects\Compress_14_b/.defects4j.diff 2>&1
error: git diff header lacks filename information when removing 1 leading pathname component (line 124)
* cd D:\Lab_SQA\Defects4J_Projects\Compress_14_b && git apply -p0 --ignore-whitespace --check D:\Lab_SQA\Defects4J_Projects\Compress_14_b/.defects4j.diff 2>&1
error: git diff header lacks filename information when removing 0 leading pathname components (line 124)
* cd D:\Lab_SQA\Defects4J_Projects\Compress_14_b && git apply -p2 --ignore-whitespace --check D:\Lab_SQA\Defects4J_Projects\Compress_14_b/.defects4j.diff 2>&1
error: git diff header lacks filename information when removing 2 leading pathname components (line 124)
----------------------------------------------------------------------
 at D:/Lab_SQA/defects4j/framework/core/Vcs.pm line 414.
	Vcs::_apply_cmd(Vcs::Git=HASH(0x2c36c0ffbb8), ""D:\\Lab_SQA\\Defects4J_Projects\\Compress_14_b"", ""D:\\Lab_SQA\\Defects4J_Projects\\Compress_14_b/.defects4j.diff"", undef) called at D:/Lab_SQA/defects4j/framework/core/Vcs.pm line 375
	Vcs::apply_patch(Vcs::Git=HASH(0x2c36c0ffbb8), ""D:\\Lab_SQA\\Defects4J_Projects\\Compress_14_b"", ""D:\\Lab_SQA\\Defects4J_Projects\\Compress_14_b/.defects4j.diff"") called at D:/Lab_SQA/defects4j/framework/core/Project.pm line 507
	Project::checkout_vid(Project::Compress=HASH(0x2c36c106cf8), ""14b"") called at D:/Lab_SQA/defects4j/framework/bin/d4j/d4j-checkout line 96
	require D:/Lab_SQA/defects4j/framework/bin/d4j/d4j-checkout called at D:\Lab_SQA\defects4j\framework\bin\defects4j line 195
Compilation failed in require at D:\Lab_SQA\defects4j\framework\bin\defects4j line 195."
Compress,15,CATG,default,1,0,False,unsupported,0,0,False,0,0,0,0,0,0,0.0,STATUS:harness_limitation:unsupported_type:Object obj:equals
Compress,16,CATG,default,1,0,False,error,0,0,False,0,0,0,0,0,0,0.0,STATUS:ERROR:worker_exit_without_result
Compress,17,CATG,default,1,0,False,error,0,0,False,0,0,0,0,0,0,0.0,"STATUS:ERROR:checkout Compress-17b failed at D:\Lab_SQA\Defects4J_Projects\Compress_17_b: exit=128
Checking out ab456436 to D:\Lab_SQA\Defects4J_Projects\Compress_17_b....... OK
Init local repository...................................................... OK
Tag post-fix revision...................................................... OK
Copy generated Ant build file.............................................. OK
Run post-checkout hook..................................................... OK
Excluding broken/flaky tests............................................... OK
Backing up build file: D:\Lab_SQA\Defects4J_Projects\Compress_17_b/maven-bu OK
Initialize fixed program version........................................... OK
Apply patch................................................................ OK
Initialize buggy program version........................................... OK
Diff ab456436:db6dda34..................................................... OK
Cannot determine how to apply patch!
All attempts failed:
* cd D:\Lab_SQA\Defects4J_Projects\Compress_17_b && git apply -p1 --ignore-whitespace --check D:\Lab_SQA\Defects4J_Projects\Compress_17_b/.defects4j.diff 2>&1
error: git diff header lacks filename information when removing 1 leading pathname component (line 66)
* cd D:\Lab_SQA\Defects4J_Projects\Compress_17_b && git apply -p0 --ignore-whitespace --check D:\Lab_SQA\Defects4J_Projects\Compress_17_b/.defects4j.diff 2>&1
error: git diff header lacks filename information when removing 0 leading pathname components (line 66)
* cd D:\Lab_SQA\Defects4J_Projects\Compress_17_b && git apply -p2 --ignore-whitespace --check D:\Lab_SQA\Defects4J_Projects\Compress_17_b/.defects4j.diff 2>&1
error: git diff header lacks filename information when removing 2 leading pathname components (line 66)
----------------------------------------------------------------------
 at D:/Lab_SQA/defects4j/framework/core/Vcs.pm line 414.
	Vcs::_apply_cmd(Vcs::Git=HASH(0x2df0e0861e8), ""D:\\Lab_SQA\\Defects4J_Projects\\Compress_17_b"", ""D:\\Lab_SQA\\Defects4J_Projects\\Compress_17_b/.defects4j.diff"", undef) called at D:/Lab_SQA/defects4j/framework/core/Vcs.pm line 375
	Vcs::apply_patch(Vcs::Git=HASH(0x2df0e0861e8), ""D:\\Lab_SQA\\Defects4J_Projects\\Compress_17_b"", ""D:\\Lab_SQA\\Defects4J_Projects\\Compress_17_b/.defects4j.diff"") called at D:/Lab_SQA/defects4j/framework/core/Project.pm line 507
	Project::checkout_vid(Project::Compress=HASH(0x2df0dfedd40), ""17b"") called at D:/Lab_SQA/defects4j/framework/bin/d4j/d4j-checkout line 96
	require D:/Lab_SQA/defects4j/framework/bin/d4j/d4j-checkout called at D:\Lab_SQA\defects4j\framework\bin\defects4j line 195
Compilation failed in require at D:\Lab_SQA\defects4j\framework\bin\defects4j line 195."
Compress,18,CATG,default,1,0,False,error,0,0,False,0,0,0,0,0,0,0.0,STATUS:ERROR:[WinError 145] The directory is not empty: 'D:\\Lab_SQA\\Defects4J_Projects\\Compress_18_b\\.git\\objects\\10'
Compress,19,CATG,default,1,0,False,error,0,0,False,0,0,0,0,0,0,0.0,"STATUS:ERROR:checkout Compress-19b failed at D:\Lab_SQA\Defects4J_Projects\Compress_19_b: exit=128
Checking out e860d2f3 to D:\Lab_SQA\Defects4J_Projects\Compress_19_b....... OK
Init local repository...................................................... OK
Tag post-fix revision...................................................... OK
Copy generated Ant build file.............................................. OK
Run post-checkout hook..................................................... OK
Excluding broken/flaky tests............................................... OK
Excluding broken/flaky tests............................................... OK
Backing up build file: D:\Lab_SQA\Defects4J_Projects\Compress_19_b/maven-bu OK
Initialize fixed program version........................................... OK
Apply patch................................................................ OK
Initialize buggy program version........................................... OK
Diff e860d2f3:ed534048..................................................... OK
Cannot determine how to apply patch!
All attempts failed:
* cd D:\Lab_SQA\Defects4J_Projects\Compress_19_b && git apply -p1 --ignore-whitespace --check D:\Lab_SQA\Defects4J_Projects\Compress_19_b/.defects4j.diff 2>&1
error: git diff header lacks filename information when removing 1 leading pathname component (line 65)
* cd D:\Lab_SQA\Defects4J_Projects\Compress_19_b && git apply -p0 --ignore-whitespace --check D:\Lab_SQA\Defects4J_Projects\Compress_19_b/.defects4j.diff 2>&1
error: git diff header lacks filename information when removing 0 leading pathname components (line 65)
* cd D:\Lab_SQA\Defects4J_Projects\Compress_19_b && git apply -p2 --ignore-whitespace --check D:\Lab_SQA\Defects4J_Projects\Compress_19_b/.defects4j.diff 2>&1
error: git diff header lacks filename information when removing 2 leading pathname components (line 65)
----------------------------------------------------------------------
 at D:/Lab_SQA/defects4j/framework/core/Vcs.pm line 414.
	Vcs::_apply_cmd(Vcs::Git=HASH(0x224d207c728), ""D:\\Lab_SQA\\Defects4J_Projects\\Compress_19_b"", ""D:\\Lab_SQA\\Defects4J_Projects\\Compress_19_b/.defects4j.diff"", undef) called at D:/Lab_SQA/defects4j/framework/core/Vcs.pm line 375
	Vcs::apply_patch(Vcs::Git=HASH(0x224d207c728), ""D:\\Lab_SQA\\Defects4J_Projects\\Compress_19_b"", ""D:\\Lab_SQA\\Defects4J_Projects\\Compress_19_b/.defects4j.diff"") called at D:/Lab_SQA/defects4j/framework/core/Project.pm line 507
	Project::checkout_vid(Project::Compress=HASH(0x224d1fcf3a8), ""19b"") called at D:/Lab_SQA/defects4j/framework/bin/d4j/d4j-checkout line 96
	require D:/Lab_SQA/defects4j/framework/bin/d4j/d4j-checkout called at D:\Lab_SQA\defects4j\framework\bin\defects4j line 195
Compilation failed in require at D:\Lab_SQA\defects4j\framework\bin\defects4j line 195."
Compress,20,CATG,default,1,0,False,error,0,0,False,0,0,0,0,0,0,0.0,"STATUS:ERROR:checkout Compress-20b failed at D:\Lab_SQA\Defects4J_Projects\Compress_20_b: exit=128
Checking out 040e42d0 to D:\Lab_SQA\Defects4J_Projects\Compress_20_b....... OK
Init local repository...................................................... OK
Tag post-fix revision...................................................... OK
Copy generated Ant build file.............................................. OK
Run post-checkout hook..................................................... OK
Excluding broken/flaky tests............................................... OK
Excluding broken/flaky tests............................................... OK
Backing up build file: D:\Lab_SQA\Defects4J_Projects\Compress_20_b/maven-bu OK
Initialize fixed program version........................................... OK
Apply patch................................................................ OK
Initialize buggy program version........................................... OK
Diff 040e42d0:a671a703..................................................... OK
Cannot determine how to apply patch!
All attempts failed:
* cd D:\Lab_SQA\Defects4J_Projects\Compress_20_b && git apply -p1 --ignore-whitespace --check D:\Lab_SQA\Defects4J_Projects\Compress_20_b/.defects4j.diff 2>&1
error: git diff header lacks filename information when removing 1 leading pathname component (line 202)
* cd D:\Lab_SQA\Defects4J_Projects\Compress_20_b && git apply -p0 --ignore-whitespace --check D:\Lab_SQA\Defects4J_Projects\Compress_20_b/.defects4j.diff 2>&1
error: git diff header lacks filename information when removing 0 leading pathname components (line 202)
* cd D:\Lab_SQA\Defects4J_Projects\Compress_20_b && git apply -p2 --ignore-whitespace --check D:\Lab_SQA\Defects4J_Projects\Compress_20_b/.defects4j.diff 2>&1
error: can't open patch 'D:/Lab_SQA/Defects4J_Projects/Compress_20_b/.defects4j.diff': No such file or directory
----------------------------------------------------------------------
 at D:/Lab_SQA/defects4j/framework/core/Vcs.pm line 414.
	Vcs::_apply_cmd(Vcs::Git=HASH(0x10e972fd2b0), ""D:\\Lab_SQA\\Defects4J_Projects\\Compress_20_b"", ""D:\\Lab_SQA\\Defects4J_Projects\\Compress_20_b/.defects4j.diff"", undef) called at D:/Lab_SQA/defects4j/framework/core/Vcs.pm line 375
	Vcs::apply_patch(Vcs::Git=HASH(0x10e972fd2b0), ""D:\\Lab_SQA\\Defects4J_Projects\\Compress_20_b"", ""D:\\Lab_SQA\\Defects4J_Projects\\Compress_20_b/.defects4j.diff"") called at D:/Lab_SQA/defects4j/framework/core/Project.pm line 507
	Project::checkout_vid(Project::Compress=HASH(0x10e972fd298), ""20b"") called at D:/Lab_SQA/defects4j/framework/bin/d4j/d4j-checkout line 96
	require D:/Lab_SQA/defects4j/framework/bin/d4j/d4j-checkout called at D:\Lab_SQA\defects4j\framework\bin\defects4j line 195
Compilation failed in require at D:\Lab_SQA\defects4j\framework\bin\defects4j line 195."
Compress,21,CATG,default,1,0,False,unsupported,0,0,False,0,0,0,0,0,0,0.0,STATUS:harness_limitation:unsupported_type:final DataOutput header:writeBits
Compress,22,CATG,default,1,0,False,unsupported,0,0,False,0,0,0,0,0,0,1.29,STATUS:catg_runtime_interpreter:ClassCastException
Compress,23,CATG,default,1,0,False,error,0,0,False,0,0,0,0,0,0,0.0,"STATUS:ERROR:checkout Compress-23b failed at D:\Lab_SQA\Defects4J_Projects\Compress_23_b: exit=128
Checking out cbb5a1ad to D:\Lab_SQA\Defects4J_Projects\Compress_23_b....... OK
Init local repository...................................................... OK
Tag post-fix revision...................................................... OK
Copy generated Ant build file.............................................. OK
fatal: bad object HEAD
fatal: 'git status --porcelain=2' failed in submodule Defects4J_Projects/Closure_135_b
Excluding broken/flaky tests............................................... OK
Excluding broken/flaky tests............................................... OK
Backing up build file: D:\Lab_SQA\Defects4J_Projects\Compress_23_b/maven-bu OK
Initialize fixed program version........................................... FAIL
Executed command: cd D:\Lab_SQA\Defects4J_Projects\Compress_23_b && git add -A 2>&1 && git commit -a -m ""D4J_Compress_23_FIXED_VERSION"" 2>&1 && git tag --no-sign D4J_Compress_23_FIXED_VERSION 2>&1
fatal: bad object HEAD
fatal: 'git status --porcelain=2' failed in submodule Defects4J_Projects/Closure_135_b
Couldn't tag fixed program version! at D:/Lab_SQA/defects4j/framework/core/Project.pm line 478.
	Project::checkout_vid(Project::Compress=HASH(0x22668b0d438), ""23b"") called at D:/Lab_SQA/defects4j/framework/bin/d4j/d4j-checkout line 96
	require D:/Lab_SQA/defects4j/framework/bin/d4j/d4j-checkout called at D:\Lab_SQA\defects4j\framework\bin\defects4j line 195
Compilation failed in require at D:\Lab_SQA\defects4j\framework\bin\defects4j line 195."
Compress,24,CATG,default,1,0,False,unsupported,0,0,False,0,0,0,0,0,0,0.0,STATUS:harness_limitation:unsupported_type:final byte[] buffer:parseOctal
Compress,25,CATG,default,1,0,False,error,0,0,False,0,0,0,0,0,0,0.0,"STATUS:ERROR:checkout Compress-25b failed at D:\Lab_SQA\Defects4J_Projects\Compress_25_b: exit=128
Checking out aed56110 to D:\Lab_SQA\Defects4J_Projects\Compress_25_b....... FAIL
Executed command: git clone D:/Lab_SQA/defects4j/project_repos/commons-compress.git D:\Lab_SQA\Defects4J_Projects\Compress_25_b 2>&1 && cd D:\Lab_SQA\Defects4J_Projects\Compress_25_b && git checkout aed56110ff582b96aecf7675a9cfe5247ffa3e7d 2>&1
Cloning into 'D:\Lab_SQA\Defects4J_Projects\Compress_25_b'...
done.
fatal: unable to read tree (aed56110ff582b96aecf7675a9cfe5247ffa3e7d)
Cannot checkout program version! at D:/Lab_SQA/defects4j/framework/bin/d4j/d4j-checkout line 96.
Compilation failed in require at D:\Lab_SQA\defects4j\framework\bin\defects4j line 195."
Compress,26,CATG,default,1,0,False,unsupported,0,0,False,0,0,0,0,0,0,0.0,STATUS:harness_limitation:unsupported_type:InputStream input:skip
Compress,27,CATG,default,1,0,False,unsupported,0,0,False,0,0,0,0,0,0,0.0,STATUS:harness_limitation:unsupported_type:final byte[] buffer:parseOctal
Compress,28,CATG,default,1,0,False,error,0,0,False,0,0,0,0,0,0,0.0,"STATUS:ERROR:checkout Compress-28b failed at D:\Lab_SQA\Defects4J_Projects\Compress_28_b: exit=128
Checking out ddb5fd6d to D:\Lab_SQA\Defects4J_Projects\Compress_28_b....... FAIL
Executed command: git clone D:/Lab_SQA/defects4j/project_repos/commons-compress.git D:\Lab_SQA\Defects4J_Projects\Compress_28_b 2>&1 && cd D:\Lab_SQA\Defects4J_Projects\Compress_28_b && git checkout ddb5fd6d8e4d5fa9f7fa659c93fb6eb04f238689 2>&1
Cloning into 'D:\Lab_SQA\Defects4J_Projects\Compress_28_b'...
done.
fatal: unable to read tree (ddb5fd6d8e4d5fa9f7fa659c93fb6eb04f238689)
Cannot checkout program version! at D:/Lab_SQA/defects4j/framework/bin/d4j/d4j-checkout line 96.
Compilation failed in require at D:\Lab_SQA\defects4j\framework\bin\defects4j line 195."
Compress,29,CATG,default,1,0,False,error,0,0,False,0,0,0,0,0,0,0.0,"STATUS:ERROR:checkout Compress-29b failed at D:\Lab_SQA\Defects4J_Projects\Compress_29_b: exit=128
Checking out d50feb67 to D:\Lab_SQA\Defects4J_Projects\Compress_29_b....... FAIL
Executed command: git clone D:/Lab_SQA/defects4j/project_repos/commons-compress.git D:\Lab_SQA\Defects4J_Projects\Compress_29_b 2>&1 && cd D:\Lab_SQA\Defects4J_Projects\Compress_29_b && git checkout d50feb67569fb5881b8a2ff5996f656c5f207c2e 2>&1
Cloning into 'D:\Lab_SQA\Defects4J_Projects\Compress_29_b'...
done.
fatal: unable to read tree (d50feb67569fb5881b8a2ff5996f656c5f207c2e)
Cannot checkout program version! at D:/Lab_SQA/defects4j/framework/bin/d4j/d4j-checkout line 96.
Compilation failed in require at D:\Lab_SQA\defects4j\framework\bin\defects4j line 195."
Compress,30,CATG,default,1,0,False,error,0,0,False,0,0,0,0,0,0,0.0,"STATUS:ERROR:checkout Compress-30b failed at D:\Lab_SQA\Defects4J_Projects\Compress_30_b: exit=128
Checking out 5cf68bdc to D:\Lab_SQA\Defects4J_Projects\Compress_30_b....... FAIL
Executed command: git clone D:/Lab_SQA/defects4j/project_repos/commons-compress.git D:\Lab_SQA\Defects4J_Projects\Compress_30_b 2>&1 && cd D:\Lab_SQA\Defects4J_Projects\Compress_30_b && git checkout 5cf68bdc46c7bcc0fc5eb3cacd1c84514ef552cf 2>&1
Cloning into 'D:\Lab_SQA\Defects4J_Projects\Compress_30_b'...
done.
fatal: unable to read tree (5cf68bdc46c7bcc0fc5eb3cacd1c84514ef552cf)
Cannot checkout program version! at D:/Lab_SQA/defects4j/framework/bin/d4j/d4j-checkout line 96.
Compilation failed in require at D:\Lab_SQA\defects4j\framework\bin\defects4j line 195."
Compress,31,CATG,default,1,0,False,error,0,0,False,0,0,0,0,0,0,0.0,"STATUS:ERROR:checkout Compress-31b failed at D:\Lab_SQA\Defects4J_Projects\Compress_31_b: exit=128
Checking out f8bf4544 to D:\Lab_SQA\Defects4J_Projects\Compress_31_b....... FAIL
Executed command: git clone D:/Lab_SQA/defects4j/project_repos/commons-compress.git D:\Lab_SQA\Defects4J_Projects\Compress_31_b 2>&1 && cd D:\Lab_SQA\Defects4J_Projects\Compress_31_b && git checkout f8bf45444c49053a92f6f560c5008d5ac43aa27f 2>&1
Cloning into 'D:\Lab_SQA\Defects4J_Projects\Compress_31_b'...
done.
fatal: unable to read tree (f8bf45444c49053a92f6f560c5008d5ac43aa27f)
Cannot checkout program version! at D:/Lab_SQA/defects4j/framework/bin/d4j/d4j-checkout line 96.
Compilation failed in require at D:\Lab_SQA\defects4j\framework\bin\defects4j line 195."
Compress,32,CATG,default,1,0,False,error,0,0,False,0,0,0,0,0,0,0.0,"STATUS:ERROR:checkout Compress-32b failed at D:\Lab_SQA\Defects4J_Projects\Compress_32_b: exit=128
Checking out 3c4a09bf to D:\Lab_SQA\Defects4J_Projects\Compress_32_b....... FAIL
Executed command: git clone D:/Lab_SQA/defects4j/project_repos/commons-compress.git D:\Lab_SQA\Defects4J_Projects\Compress_32_b 2>&1 && cd D:\Lab_SQA\Defects4J_Projects\Compress_32_b && git checkout 3c4a09bf28e7cd600b919b8c799fbbfd19a94c0b 2>&1
Cloning into 'D:\Lab_SQA\Defects4J_Projects\Compress_32_b'...
done.
fatal: unable to read tree (3c4a09bf28e7cd600b919b8c799fbbfd19a94c0b)
Cannot checkout program version! at D:/Lab_SQA/defects4j/framework/bin/d4j/d4j-checkout line 96.
Compilation failed in require at D:\Lab_SQA\defects4j\framework\bin\defects4j line 195."
Compress,33,CATG,default,1,0,False,error,0,0,False,0,0,0,0,0,0,0.0,"STATUS:ERROR:checkout Compress-33b failed at D:\Lab_SQA\Defects4J_Projects\Compress_33_b: exit=128
Checking out b72b5c71 to D:\Lab_SQA\Defects4J_Projects\Compress_33_b....... FAIL
Executed command: git clone D:/Lab_SQA/defects4j/project_repos/commons-compress.git D:\Lab_SQA\Defects4J_Projects\Compress_33_b 2>&1 && cd D:\Lab_SQA\Defects4J_Projects\Compress_33_b && git checkout b72b5c716ac18150396d05988d9eab745bea02b9 2>&1
Cloning into 'D:\Lab_SQA\Defects4J_Projects\Compress_33_b'...
done.
fatal: unable to read tree (b72b5c716ac18150396d05988d9eab745bea02b9)
Cannot checkout program version! at D:/Lab_SQA/defects4j/framework/bin/d4j/d4j-checkout line 96.
Compilation failed in require at D:\Lab_SQA\defects4j\framework\bin\defects4j line 195."
Compress,34,CATG,default,1,0,False,error,0,0,False,0,0,0,0,0,0,0.0,"STATUS:ERROR:checkout Compress-34b failed at D:\Lab_SQA\Defects4J_Projects\Compress_34_b: exit=128
Checking out e6e24766 to D:\Lab_SQA\Defects4J_Projects\Compress_34_b....... FAIL
Executed command: git clone D:/Lab_SQA/defects4j/project_repos/commons-compress.git D:\Lab_SQA\Defects4J_Projects\Compress_34_b 2>&1 && cd D:\Lab_SQA\Defects4J_Projects\Compress_34_b && git checkout e6e24766377e705e89358fb9cf6253e2e9e645db 2>&1
Cloning into 'D:\Lab_SQA\Defects4J_Projects\Compress_34_b'...
done.
fatal: unable to read tree (e6e24766377e705e89358fb9cf6253e2e9e645db)
Cannot checkout program version! at D:/Lab_SQA/defects4j/framework/bin/d4j/d4j-checkout line 96.
Compilation failed in require at D:\Lab_SQA\defects4j\framework\bin\defects4j line 195."
Compress,35,CATG,default,1,0,False,error,0,0,False,0,0,0,0,0,0,0.0,"STATUS:ERROR:checkout Compress-35b failed at D:\Lab_SQA\Defects4J_Projects\Compress_35_b: exit=128
Checking out 7250daa4 to D:\Lab_SQA\Defects4J_Projects\Compress_35_b....... FAIL
Executed command: git clone D:/Lab_SQA/defects4j/project_repos/commons-compress.git D:\Lab_SQA\Defects4J_Projects\Compress_35_b 2>&1 && cd D:\Lab_SQA\Defects4J_Projects\Compress_35_b && git checkout 7250daa429020181bb5a4c40d1aaa169631b8496 2>&1
Cloning into 'D:\Lab_SQA\Defects4J_Projects\Compress_35_b'...
done.
fatal: unable to read tree (7250daa429020181bb5a4c40d1aaa169631b8496)
Cannot checkout program version! at D:/Lab_SQA/defects4j/framework/bin/d4j/d4j-checkout line 96.
Compilation failed in require at D:\Lab_SQA\defects4j\framework\bin\defects4j line 195."
Compress,36,CATG,default,1,0,False,error,0,0,False,0,0,0,0,0,0,0.0,"STATUS:ERROR:checkout Compress-36b failed at D:\Lab_SQA\Defects4J_Projects\Compress_36_b: exit=128
Checking out d0501577 to D:\Lab_SQA\Defects4J_Projects\Compress_36_b....... FAIL
Executed command: git clone D:/Lab_SQA/defects4j/project_repos/commons-compress.git D:\Lab_SQA\Defects4J_Projects\Compress_36_b 2>&1 && cd D:\Lab_SQA\Defects4J_Projects\Compress_36_b && git checkout d0501577d37b594c3ff59a39ac211f7a1b170fa7 2>&1
Cloning into 'D:\Lab_SQA\Defects4J_Projects\Compress_36_b'...
done.
fatal: unable to read tree (d0501577d37b594c3ff59a39ac211f7a1b170fa7)
Cannot checkout program version! at D:/Lab_SQA/defects4j/framework/bin/d4j/d4j-checkout line 96.
Compilation failed in require at D:\Lab_SQA\defects4j\framework\bin\defects4j line 195."
Compress,37,CATG,default,1,0,False,error,0,0,False,0,0,0,0,0,0,0.0,"STATUS:ERROR:checkout Compress-37b failed at D:\Lab_SQA\Defects4J_Projects\Compress_37_b: exit=128
Checking out 19a620c9 to D:\Lab_SQA\Defects4J_Projects\Compress_37_b....... FAIL
Executed command: git clone D:/Lab_SQA/defects4j/project_repos/commons-compress.git D:\Lab_SQA\Defects4J_Projects\Compress_37_b 2>&1 && cd D:\Lab_SQA\Defects4J_Projects\Compress_37_b && git checkout 19a620c904587dc0397b43bfe9071ff60033c097 2>&1
Cloning into 'D:\Lab_SQA\Defects4J_Projects\Compress_37_b'...
done.
fatal: unable to read tree (19a620c904587dc0397b43bfe9071ff60033c097)
Cannot checkout program version! at D:/Lab_SQA/defects4j/framework/bin/d4j/d4j-checkout line 96.
Compilation failed in require at D:\Lab_SQA\defects4j\framework\bin\defects4j line 195."
Compress,38,CATG,default,1,0,False,error,0,0,False,0,0,0,0,0,0,0.0,"STATUS:ERROR:checkout Compress-38b failed at D:\Lab_SQA\Defects4J_Projects\Compress_38_b: exit=128
Checking out 823cdee9 to D:\Lab_SQA\Defects4J_Projects\Compress_38_b....... OK
Init local repository...................................................... OK
Tag post-fix revision...................................................... OK
Copy generated Ant build file.............................................. OK
Run post-checkout hook..................................................... OK
Excluding broken/flaky tests............................................... OK
Excluding broken/flaky tests............................................... OK
Backing up build file: D:\Lab_SQA\Defects4J_Projects\Compress_38_b/maven-bu OK
Initialize fixed program version........................................... OK
Apply patch................................................................ OK
Initialize buggy program version........................................... OK
Diff 823cdee9:19a620c9..................................................... OK
Cannot determine how to apply patch!
All attempts failed:
* cd D:\Lab_SQA\Defects4J_Projects\Compress_38_b && git apply -p1 --ignore-whitespace --check D:\Lab_SQA\Defects4J_Projects\Compress_38_b/.defects4j.diff 2>&1
error: git diff header lacks filename information when removing 1 leading pathname component (line 59)
* cd D:\Lab_SQA\Defects4J_Projects\Compress_38_b && git apply -p0 --ignore-whitespace --check D:\Lab_SQA\Defects4J_Projects\Compress_38_b/.defects4j.diff 2>&1
error: git diff header lacks filename information when removing 0 leading pathname components (line 59)
* cd D:\Lab_SQA\Defects4J_Projects\Compress_38_b && git apply -p2 --ignore-whitespace --check D:\Lab_SQA\Defects4J_Projects\Compress_38_b/.defects4j.diff 2>&1
error: git diff header lacks filename information when removing 2 leading pathname components (line 59)
----------------------------------------------------------------------
 at D:/Lab_SQA/defects4j/framework/core/Vcs.pm line 414.
	Vcs::_apply_cmd(Vcs::Git=HASH(0x1a1b4af6b30), ""D:\\Lab_SQA\\Defects4J_Projects\\Compress_38_b"", ""D:\\Lab_SQA\\Defects4J_Projects\\Compress_38_b/.defects4j.diff"", undef) called at D:/Lab_SQA/defects4j/framework/core/Vcs.pm line 375
	Vcs::apply_patch(Vcs::Git=HASH(0x1a1b4af6b30), ""D:\\Lab_SQA\\Defects4J_Projects\\Compress_38_b"", ""D:\\Lab_SQA\\Defects4J_Projects\\Compress_38_b/.defects4j.diff"") called at D:/Lab_SQA/defects4j/framework/core/Project.pm line 507
	Project::checkout_vid(Project::Compress=HASH(0x1a1b4af6ab8), ""38b"") called at D:/Lab_SQA/defects4j/framework/bin/d4j/d4j-checkout line 96
	require D:/Lab_SQA/defects4j/framework/bin/d4j/d4j-checkout called at D:\Lab_SQA\defects4j\framework\bin\defects4j line 195
Compilation failed in require at D:\Lab_SQA\defects4j\framework\bin\defects4j line 195."
Compress,39,CATG,default,1,1,True,completed,0,0,False,62,11,17.74,36,5,13.89,1.35,modified=org.apache.commons.compress.utils.ArchiveUtils;target=org.apache.commons.compress.utils.ArchiveUtils::sanitize;params=java.lang.String;catg_cases=1
Compress,40,CATG,default,1,0,False,unsupported,0,0,False,0,0,0,0,0,0,1.19,STATUS:catg_runtime_interpreter:ArrayIndexOutOfBoundsException
Compress,41,CATG,default,1,0,False,unsupported,0,0,False,0,0,0,0,0,0,1.46,STATUS:catg_runtime_interpreter:ArrayIndexOutOfBoundsException
Compress,42,CATG,default,1,0,False,error,0,0,False,0,0,0,0,0,0,0.0,"STATUS:ERROR:checkout Compress-42b failed at D:\Lab_SQA\Defects4J_Projects\Compress_42_b: exit=128
Checking out c59fc43c to D:\Lab_SQA\Defects4J_Projects\Compress_42_b....... OK
Init local repository...................................................... OK
Tag post-fix revision...................................................... OK
Copy generated Ant build file.............................................. OK
Run post-checkout hook..................................................... OK
Excluding broken/flaky tests............................................... OK
Excluding broken/flaky tests............................................... OK
Backing up build file: D:\Lab_SQA\Defects4J_Projects\Compress_42_b/maven-bu OK
Initialize fixed program version........................................... OK
Apply patch................................................................ OK
Initialize buggy program version........................................... OK
Diff c59fc43c:75ba40cd..................................................... OK
Cannot determine how to apply patch!
All attempts failed:
* cd D:\Lab_SQA\Defects4J_Projects\Compress_42_b && git apply -p1 --ignore-whitespace --check D:\Lab_SQA\Defects4J_Projects\Compress_42_b/.defects4j.diff 2>&1
error: git diff header lacks filename information when removing 1 leading pathname component (line 77)
* cd D:\Lab_SQA\Defects4J_Projects\Compress_42_b && git apply -p0 --ignore-whitespace --check D:\Lab_SQA\Defects4J_Projects\Compress_42_b/.defects4j.diff 2>&1
error: git diff header lacks filename information when removing 0 leading pathname components (line 77)
* cd D:\Lab_SQA\Defects4J_Projects\Compress_42_b && git apply -p2 --ignore-whitespace --check D:\Lab_SQA\Defects4J_Projects\Compress_42_b/.defects4j.diff 2>&1
error: can't open patch 'D:/Lab_SQA/Defects4J_Projects/Compress_42_b/.defects4j.diff': No such file or directory
----------------------------------------------------------------------
 at D:/Lab_SQA/defects4j/framework/core/Vcs.pm line 414.
	Vcs::_apply_cmd(Vcs::Git=HASH(0x1983b1a36f0), ""D:\\Lab_SQA\\Defects4J_Projects\\Compress_42_b"", ""D:\\Lab_SQA\\Defects4J_Projects\\Compress_42_b/.defects4j.diff"", undef) called at D:/Lab_SQA/defects4j/framework/core/Vcs.pm line 375
	Vcs::apply_patch(Vcs::Git=HASH(0x1983b1a36f0), ""D:\\Lab_SQA\\Defects4J_Projects\\Compress_42_b"", ""D:\\Lab_SQA\\Defects4J_Projects\\Compress_42_b/.defects4j.diff"") called at D:/Lab_SQA/defects4j/framework/core/Project.pm line 507
	Project::checkout_vid(Project::Compress=HASH(0x1983b192ba8), ""42b"") called at D:/Lab_SQA/defects4j/framework/bin/d4j/d4j-checkout line 96
	require D:/Lab_SQA/defects4j/framework/bin/d4j/d4j-checkout called at D:\Lab_SQA\defects4j\framework\bin\defects4j line 195
Compilation failed in require at D:\Lab_SQA\defects4j\framework\bin\defects4j line 195."
Compress,43,CATG,default,1,0,False,unsupported,0,0,False,0,0,0,0,0,0,1.31,STATUS:catg_runtime_interpreter:ArrayIndexOutOfBoundsException
Compress,44,CATG,default,1,0,False,unsupported,0,0,False,0,0,0,0,0,0,0.0,STATUS:target_discovery:no_source_method
Compress,45,CATG,default,1,0,False,unsupported,0,0,False,0,0,0,0,0,0,0.0,STATUS:harness_limitation:unsupported_type:final byte[] buf:formatLongOctalOrBinaryBytes
Compress,46,CATG,default,1,0,False,unsupported,0,0,False,0,0,0,0,0,0,1.18,STATUS:catg_runtime_interpreter:ClassCastException
Compress,47,CATG,default,1,0,False,unsupported,0,0,False,0,0,0,0,0,0,0.0,STATUS:harness_limitation:unsupported_type:final byte[] buffer:read
Csv,1,CATG,default,1,1,True,completed,0,0,False,37,1,2.7,22,0,0.0,1.18,modified=org.apache.commons.csv.ExtendedBufferedReader;target=org.apache.commons.csv.ExtendedBufferedReader::read;params=;catg_cases=1
Csv,2,CATG,default,1,1,True,completed,0,0,False,21,3,14.29,16,1,6.25,1.34,modified=org.apache.commons.csv.CSVRecord;target=org.apache.commons.csv.CSVRecord::get;params=java.lang.String;catg_cases=1
Csv,3,CATG,default,1,0,False,unsupported,0,0,False,0,0,0,0,0,0,0.0,STATUS:harness_limitation:abstract_class:readEscape
Csv,4,CATG,default,1,1,True,completed,1,0,True,100,0,0.0,50,0,0.0,1.62,modified=org.apache.commons.csv.CSVParser;target=org.apache.commons.csv.CSVParser::getHeaderMap;params=;catg_cases=1
Csv,5,CATG,default,1,1,True,completed,0,0,False,158,1,0.63,115,0,0.0,1.29,modified=org.apache.commons.csv.CSVPrinter;target=org.apache.commons.csv.CSVPrinter::println;params=;catg_cases=1
Csv,6,CATG,default,1,0,False,unsupported,0,0,False,0,0,0,0,0,0,0.0,STATUS:target_discovery:no_source_method
Csv,7,CATG,default,1,1,True,completed,0,0,False,101,2,1.98,50,0,0.0,1.52,modified=org.apache.commons.csv.CSVParser;target=org.apache.commons.csv.CSVParser::initializeHeader;params=;catg_cases=1
Csv,8,CATG,default,1,0,False,unsupported,0,0,False,0,0,0,0,0,0,1.21,STATUS:catg_runtime_interpreter:ArrayIndexOutOfBoundsException
Csv,9,CATG,default,1,0,False,unsupported,0,0,False,0,0,0,0,0,0,0.0,STATUS:target_discovery:no_source_method
Csv,10,CATG,default,1,0,False,unsupported,0,0,False,0,0,0,0,0,0,0.0,STATUS:target_discovery:no_source_method
Csv,11,CATG,default,1,1,True,completed,0,0,False,106,2,1.89,58,0,0.0,1.52,modified=org.apache.commons.csv.CSVParser;target=org.apache.commons.csv.CSVParser::initializeHeader;params=;catg_cases=1
Csv,12,CATG,default,1,0,False,unsupported,0,0,False,0,0,0,0,0,0,0.0,STATUS:target_discovery:no_source_method
Csv,13,CATG,default,1,0,False,unsupported,0,0,False,0,0,0,0,0,0,0.0,STATUS:harness_limitation:unsupported_type:final Object object:print
Csv,14,CATG,default,1,0,False,unsupported,0,0,False,0,0,0,0,0,0,0.0,STATUS:harness_limitation:unsupported_type:final Object object:printAndQuote
Csv,15,CATG,default,1,0,False,unsupported,0,0,False,0,0,0,0,0,0,0.0,STATUS:harness_limitation:unsupported_type:final Object object:printAndQuote
Csv,16,CATG,default,1,0,False,error,0,0,False,0,0,0,0,0,0,0.0,"STATUS:ERROR:checkout Csv-16b failed at D:\Lab_SQA\Defects4J_Projects\Csv_16_b: exit=128
Checking out f368f64f to D:\Lab_SQA\Defects4J_Projects\Csv_16_b............ OK
Init local repository...................................................... OK
Tag post-fix revision...................................................... FAIL
Executed command: cd D:\Lab_SQA\Defects4J_Projects\Csv_16_b && git init 2>&1 && echo "".svn"" > .gitignore && git add -A 2>&1 && git commit -a -m D4J_Csv_16_POST_FIX_REVISION 2>&1 && git tag --no-sign D4J_Csv_16_POST_FIX_REVISION 2>&1
Reinitialized existing Git repository in D:/Lab_SQA/Defects4J_Projects/Csv_16_b/.git/
fatal: could not parse HEAD
Couldn't tag post-fix revision! at D:/Lab_SQA/defects4j/framework/core/Project.pm line 434.
	Project::checkout_vid(Project::Csv=HASH(0x170d36e7390), ""16b"") called at D:/Lab_SQA/defects4j/framework/bin/d4j/d4j-checkout line 96
	require D:/Lab_SQA/defects4j/framework/bin/d4j/d4j-checkout called at D:\Lab_SQA\defects4j\framework\bin\defects4j line 195
Compilation failed in require at D:\Lab_SQA\defects4j\framework\bin\defects4j line 195."
Gson,1,CATG,default,1,0,False,unsupported,0,0,False,0,0,0,0,0,0,0.0,STATUS:harness_limitation:unsupported_type:Type typeToEvaluate:getActualType
Gson,2,CATG,default,1,0,False,error,0,0,False,0,0,0,0,0,0,0.0,"STATUS:ERROR:checkout Gson-2b failed at D:\Lab_SQA\Defects4J_Projects\Gson_2_b: exit=1
Checking out fe101c10 to D:\Lab_SQA\Defects4J_Projects\Gson_2_b............ OK
Init local repository...................................................... OK
Tag post-fix revision...................................................... OK
Apply patch................................................................ OK
Copy generated Ant build file.............................................. OK
Run post-checkout hook..................................................... OK
Backing up build file: D:\Lab_SQA\Defects4J_Projects\Gson_2_b/pom.xml...... OK
Initialize fixed program version........................................... OK
Cannot determine how to apply patch!
All attempts failed:
* cd D:\Lab_SQA\Defects4J_Projects\Gson_2_b && git apply -p1 --ignore-whitespace --check D:/Lab_SQA/defects4j/framework/projects/Gson/patches/2.src.patch 2>&1
error: gson/src/main/java/com/google/gson/internal/bind/TypeAdapters.java: No such file or directory
* cd D:\Lab_SQA\Defects4J_Projects\Gson_2_b && git apply -p0 --ignore-whitespace --check D:/Lab_SQA/defects4j/framework/projects/Gson/patches/2.src.patch 2>&1
error: a/gson/src/main/java/com/google/gson/internal/bind/TypeAdapters.java: No such file or directory
* cd D:\Lab_SQA\Defects4J_Projects\Gson_2_b && git apply -p2 --ignore-whitespace --check D:/Lab_SQA/defects4j/framework/projects/Gson/patches/2.src.patch 2>&1
error: src/main/java/com/google/gson/internal/bind/TypeAdapters.java: No such file or directory
----------------------------------------------------------------------
 at D:/Lab_SQA/defects4j/framework/core/Vcs.pm line 414.
	Vcs::_apply_cmd(Vcs::Git=HASH(0x27dc55b8370), ""D:\\Lab_SQA\\Defects4J_Projects\\Gson_2_b"", ""D:/Lab_SQA/defects4j/framework/projects/Gson/patches/2.src.patch"", undef) called at D:/Lab_SQA/defects4j/framework/core/Vcs.pm line 375
	Vcs::apply_patch(Vcs::Git=HASH(0x27dc55b8370), ""D:\\Lab_SQA\\Defects4J_Projects\\Gson_2_b"", ""D:/Lab_SQA/defects4j/framework/projects/Gson/patches/2.src.patch"") called at D:/Lab_SQA/defects4j/framework/core/Project.pm line 1084
	Project::apply_patch(Project::Gson=HASH(0x27dc55bade8), ""D:\\Lab_SQA\\Defects4J_Projects\\Gson_2_b"", ""D:/Lab_SQA/defects4j/framework/projects/Gson/patches/2.src.patch"") called at D:/Lab_SQA/defects4j/framework/core/Project.pm line 484
	Project::checkout_vid(Project::Gson=HASH(0x27dc55bade8), ""2b"") called at D:/Lab_SQA/defects4j/framework/bin/d4j/d4j-checkout line 96
	require D:/Lab_SQA/defects4j/framework/bin/d4j/d4j-checkout called at D:\Lab_SQA\defects4j\framework\bin\defects4j line 195
Compilation failed in require at D:\Lab_SQA\defects4j\framework\bin\defects4j line 195."
Gson,3,CATG,default,1,0,False,error,0,0,False,0,0,0,0,0,0,0.0,"STATUS:ERROR:checkout Gson-3b failed at D:\Lab_SQA\Defects4J_Projects\Gson_3_b: exit=128
Checking out 64107353 to D:\Lab_SQA\Defects4J_Projects\Gson_3_b............ OK
Init local repository...................................................... OK
Tag post-fix revision...................................................... FAIL
Executed command: cd D:\Lab_SQA\Defects4J_Projects\Gson_3_b && git init 2>&1 && echo "".svn"" > .gitignore && git add -A 2>&1 && git commit -a -m D4J_Gson_3_POST_FIX_REVISION 2>&1 && git tag --no-sign D4J_Gson_3_POST_FIX_REVISION 2>&1
Reinitialized existing Git repository in D:/Lab_SQA/Defects4J_Projects/Gson_3_b/.git/
fatal: could not parse HEAD
Couldn't tag post-fix revision! at D:/Lab_SQA/defects4j/framework/core/Project.pm line 434.
	Project::checkout_vid(Project::Gson=HASH(0x1d608bf7cf8), ""3b"") called at D:/Lab_SQA/defects4j/framework/bin/d4j/d4j-checkout line 96
	require D:/Lab_SQA/defects4j/framework/bin/d4j/d4j-checkout called at D:\Lab_SQA\defects4j\framework\bin\defects4j line 195
Compilation failed in require at D:\Lab_SQA\defects4j\framework\bin\defects4j line 195."
Gson,4,CATG,default,1,0,False,error,0,0,False,0,0,0,0,0,0,0.0,"STATUS:ERROR:checkout Gson-4b failed at D:\Lab_SQA\Defects4J_Projects\Gson_4_b: exit=128
Checking out af68d70c to D:\Lab_SQA\Defects4J_Projects\Gson_4_b............ OK
Init local repository...................................................... OK
Tag post-fix revision...................................................... FAIL
Executed command: cd D:\Lab_SQA\Defects4J_Projects\Gson_4_b && git init 2>&1 && echo "".svn"" > .gitignore && git add -A 2>&1 && git commit -a -m D4J_Gson_4_POST_FIX_REVISION 2>&1 && git tag --no-sign D4J_Gson_4_POST_FIX_REVISION 2>&1
Reinitialized existing Git repository in D:/Lab_SQA/Defects4J_Projects/Gson_4_b/.git/
fatal: could not parse HEAD
Couldn't tag post-fix revision! at D:/Lab_SQA/defects4j/framework/core/Project.pm line 434.
	Project::checkout_vid(Project::Gson=HASH(0x1eca6c91fa0), ""4b"") called at D:/Lab_SQA/defects4j/framework/bin/d4j/d4j-checkout line 96
	require D:/Lab_SQA/defects4j/framework/bin/d4j/d4j-checkout called at D:\Lab_SQA\defects4j\framework\bin\defects4j line 195
Compilation failed in require at D:\Lab_SQA\defects4j\framework\bin\defects4j line 195."
Gson,5,CATG,default,1,0,False,error,0,0,False,0,0,0,0,0,0,0.0,"STATUS:ERROR:checkout Gson-5b failed at D:\Lab_SQA\Defects4J_Projects\Gson_5_b: exit=128
Checking out 8383f5c7 to D:\Lab_SQA\Defects4J_Projects\Gson_5_b............ OK
Init local repository...................................................... OK
Tag post-fix revision...................................................... FAIL
Executed command: cd D:\Lab_SQA\Defects4J_Projects\Gson_5_b && git init 2>&1 && echo "".svn"" > .gitignore && git add -A 2>&1 && git commit -a -m D4J_Gson_5_POST_FIX_REVISION 2>&1 && git tag --no-sign D4J_Gson_5_POST_FIX_REVISION 2>&1
Reinitialized existing Git repository in D:/Lab_SQA/Defects4J_Projects/Gson_5_b/.git/
fatal: could not parse HEAD
Couldn't tag post-fix revision! at D:/Lab_SQA/defects4j/framework/core/Project.pm line 434.
	Project::checkout_vid(Project::Gson=HASH(0x207014cfc98), ""5b"") called at D:/Lab_SQA/defects4j/framework/bin/d4j/d4j-checkout line 96
	require D:/Lab_SQA/defects4j/framework/bin/d4j/d4j-checkout called at D:\Lab_SQA\defects4j\framework\bin\defects4j line 195
Compilation failed in require at D:\Lab_SQA\defects4j\framework\bin\defects4j line 195."
Gson,6,CATG,default,1,0,False,error,0,0,False,0,0,0,0,0,0,0.0,"STATUS:ERROR:checkout Gson-6b failed at D:\Lab_SQA\Defects4J_Projects\Gson_6_b: exit=128
Checking out dea30550 to D:\Lab_SQA\Defects4J_Projects\Gson_6_b............ OK
Init local repository...................................................... OK
Tag post-fix revision...................................................... FAIL
Executed command: cd D:\Lab_SQA\Defects4J_Projects\Gson_6_b && git init 2>&1 && echo "".svn"" > .gitignore && git add -A 2>&1 && git commit -a -m D4J_Gson_6_POST_FIX_REVISION 2>&1 && git tag --no-sign D4J_Gson_6_POST_FIX_REVISION 2>&1
Reinitialized existing Git repository in D:/Lab_SQA/Defects4J_Projects/Gson_6_b/.git/
fatal: could not parse HEAD
Couldn't tag post-fix revision! at D:/Lab_SQA/defects4j/framework/core/Project.pm line 434.
	Project::checkout_vid(Project::Gson=HASH(0x29cefdde160), ""6b"") called at D:/Lab_SQA/defects4j/framework/bin/d4j/d4j-checkout line 96
	require D:/Lab_SQA/defects4j/framework/bin/d4j/d4j-checkout called at D:\Lab_SQA\defects4j\framework\bin\defects4j line 195
Compilation failed in require at D:\Lab_SQA\defects4j\framework\bin\defects4j line 195."
Gson,7,CATG,default,1,0,False,error,0,0,False,0,0,0,0,0,0,0.0,"STATUS:ERROR:checkout Gson-7b failed at D:\Lab_SQA\Defects4J_Projects\Gson_7_b: exit=1
Checking out 2b08c88c to D:\Lab_SQA\Defects4J_Projects\Gson_7_b............ OK
Init local repository...................................................... OK
Tag post-fix revision...................................................... FAIL
Executed command: cd D:\Lab_SQA\Defects4J_Projects\Gson_7_b && git init 2>&1 && echo "".svn"" > .gitignore && git add -A 2>&1 && git commit -a -m D4J_Gson_7_POST_FIX_REVISION 2>&1 && git tag --no-sign D4J_Gson_7_POST_FIX_REVISION 2>&1
Reinitialized existing Git repository in D:/Lab_SQA/Defects4J_Projects/Gson_7_b/.git/
error: invalid object 100644 0fed2ba328cd42c5bb025276ba90d2e654ade817 for 'gson/docs/javadocs/com/google/gson/class-use/JsonObject.html'
error: invalid object 100644 0fed2ba328cd42c5bb025276ba90d2e654ade817 for 'gson/docs/javadocs/com/google/gson/class-use/JsonObject.html'
error: Error building trees
Couldn't tag post-fix revision! at D:/Lab_SQA/defects4j/framework/core/Project.pm line 434.
	Project::checkout_vid(Project::Gson=HASH(0x22c6f4ebfe8), ""7b"") called at D:/Lab_SQA/defects4j/framework/bin/d4j/d4j-checkout line 96
	require D:/Lab_SQA/defects4j/framework/bin/d4j/d4j-checkout called at D:\Lab_SQA\defects4j\framework\bin\defects4j line 195
Compilation failed in require at D:\Lab_SQA\defects4j\framework\bin\defects4j line 195."
Gson,8,CATG,default,1,0,False,error,0,0,False,0,0,0,0,0,0,0.0,"STATUS:ERROR:checkout Gson-8b failed at D:\Lab_SQA\Defects4J_Projects\Gson_8_b: exit=128
Checking out 0f66f4fa to D:\Lab_SQA\Defects4J_Projects\Gson_8_b............ OK
Init local repository...................................................... OK
Tag post-fix revision...................................................... FAIL
Executed command: cd D:\Lab_SQA\Defects4J_Projects\Gson_8_b && git init 2>&1 && echo "".svn"" > .gitignore && git add -A 2>&1 && git commit -a -m D4J_Gson_8_POST_FIX_REVISION 2>&1 && git tag --no-sign D4J_Gson_8_POST_FIX_REVISION 2>&1
Reinitialized existing Git repository in D:/Lab_SQA/Defects4J_Projects/Gson_8_b/.git/
fatal: could not parse HEAD
Couldn't tag post-fix revision! at D:/Lab_SQA/defects4j/framework/core/Project.pm line 434.
	Project::checkout_vid(Project::Gson=HASH(0x228a4aa3368), ""8b"") called at D:/Lab_SQA/defects4j/framework/bin/d4j/d4j-checkout line 96
	require D:/Lab_SQA/defects4j/framework/bin/d4j/d4j-checkout called at D:\Lab_SQA\defects4j\framework\bin\defects4j line 195
Compilation failed in require at D:\Lab_SQA\defects4j\framework\bin\defects4j line 195."
Gson,9,CATG,default,1,0,False,error,0,0,False,0,0,0,0,0,0,0.0,"STATUS:ERROR:checkout Gson-9b failed at D:\Lab_SQA\Defects4J_Projects\Gson_9_b: exit=128
Checking out 874e74a3 to D:\Lab_SQA\Defects4J_Projects\Gson_9_b............ OK
Init local repository...................................................... OK
Tag post-fix revision...................................................... FAIL
Executed command: cd D:\Lab_SQA\Defects4J_Projects\Gson_9_b && git init 2>&1 && echo "".svn"" > .gitignore && git add -A 2>&1 && git commit -a -m D4J_Gson_9_POST_FIX_REVISION 2>&1 && git tag --no-sign D4J_Gson_9_POST_FIX_REVISION 2>&1
Reinitialized existing Git repository in D:/Lab_SQA/Defects4J_Projects/Gson_9_b/.git/
fatal: could not parse HEAD
Couldn't tag post-fix revision! at D:/Lab_SQA/defects4j/framework/core/Project.pm line 434.
	Project::checkout_vid(Project::Gson=HASH(0x2705cd651a0), ""9b"") called at D:/Lab_SQA/defects4j/framework/bin/d4j/d4j-checkout line 96
	require D:/Lab_SQA/defects4j/framework/bin/d4j/d4j-checkout called at D:\Lab_SQA\defects4j\framework\bin\defects4j line 195
Compilation failed in require at D:\Lab_SQA\defects4j\framework\bin\defects4j line 195."
Gson,10,CATG,default,1,0,False,error,0,0,False,0,0,0,0,0,0,0.0,"STATUS:ERROR:checkout Gson-10b failed at D:\Lab_SQA\Defects4J_Projects\Gson_10_b: exit=128
Checking out bb451eac to D:\Lab_SQA\Defects4J_Projects\Gson_10_b........... FAIL
Executed command: git clone D:/Lab_SQA/defects4j/project_repos/gson.git D:\Lab_SQA\Defects4J_Projects\Gson_10_b 2>&1 && cd D:\Lab_SQA\Defects4J_Projects\Gson_10_b && git checkout bb451eac43313ae08b30ac0916718ca00c39656d 2>&1
Cloning into 'D:\Lab_SQA\Defects4J_Projects\Gson_10_b'...
done.
fatal: unable to read tree (bb451eac43313ae08b30ac0916718ca00c39656d)
Cannot checkout program version! at D:/Lab_SQA/defects4j/framework/bin/d4j/d4j-checkout line 96.
Compilation failed in require at D:\Lab_SQA\defects4j\framework\bin\defects4j line 195."
Gson,11,CATG,default,1,0,False,error,0,0,False,0,0,0,0,0,0,0.0,"STATUS:ERROR:checkout Gson-11b failed at D:\Lab_SQA\Defects4J_Projects\Gson_11_b: exit=128
Checking out 44cad04a to D:\Lab_SQA\Defects4J_Projects\Gson_11_b........... FAIL
Executed command: git clone D:/Lab_SQA/defects4j/project_repos/gson.git D:\Lab_SQA\Defects4J_Projects\Gson_11_b 2>&1 && cd D:\Lab_SQA\Defects4J_Projects\Gson_11_b && git checkout 44cad04a639b3a53f4205f93acda37b3f7d10871 2>&1
Cloning into 'D:\Lab_SQA\Defects4J_Projects\Gson_11_b'...
fatal: cannot copy 'C:/Program Files/Git/mingw64/share/git-core/templates/hooks/prepare-commit-msg.sample' to 'D:/Lab_SQA/Defects4J_Projects/Gson_11_b/.git/hooks/prepare-commit-msg.sample': File exists
Cannot checkout program version! at D:/Lab_SQA/defects4j/framework/bin/d4j/d4j-checkout line 96.
Compilation failed in require at D:\Lab_SQA\defects4j\framework\bin\defects4j line 195."
Gson,12,CATG,default,1,0,False,unsupported,0,0,False,0,0,0,0,0,0,0.0,STATUS:target_discovery:no_source_method
Gson,13,CATG,default,1,0,False,error,0,0,False,0,0,0,0,0,0,0.0,"STATUS:ERROR:generated Java compilation failed:
Picked up JAVA_TOOL_OPTIONS: -Dfile.encoding=UTF-8
error: error reading D:\Lab_SQA\SQA_Project_Group9\CATG\Result_Round2\enhanced\Gson_13\CatgOutcome_d4bede93b7.java; D:\Lab_SQA\SQA_Project_Group9\CATG\Result_Round2\enhanced\Gson_13\CatgOutcome_d4bede93b7.java (The system cannot find the file specified)
1 error"
Gson,14,CATG,default,1,0,False,unsupported,0,0,False,0,0,0,0,0,0,0.0,STATUS:target_discovery:no_source_method
Gson,15,CATG,default,1,0,False,unsupported,0,0,False,0,0,0,0,0,0,0.0,STATUS:harness_limitation:unsupported_type:double value:value
Gson,16,CATG,default,1,0,False,error,0,0,False,0,0,0,0,0,0,0.0,"STATUS:ERROR:checkout Gson-16b failed at D:\Lab_SQA\Defects4J_Projects\Gson_16_b: exit=1
Checking out 03a72e75 to D:\Lab_SQA\Defects4J_Projects\Gson_16_b........... OK
Init local repository...................................................... OK
Tag post-fix revision...................................................... OK
The system cannot find the path specified.
The system cannot find the path specified.
The system cannot find the path specified.
Cannot determine how to apply patch!
All attempts failed:
* cd D:\Lab_SQA\Defects4J_Projects\Gson_16_b/gson/ && git apply -p1 --ignore-whitespace --check D:/Lab_SQA/defects4j/framework/projects/Gson/compile-errors//locale-15-18.diff 2>&1
* cd D:\Lab_SQA\Defects4J_Projects\Gson_16_b/gson/ && git apply -p0 --ignore-whitespace --check D:/Lab_SQA/defects4j/framework/projects/Gson/compile-errors//locale-15-18.diff 2>&1
* cd D:\Lab_SQA\Defects4J_Projects\Gson_16_b/gson/ && git apply -p2 --ignore-whitespace --check D:/Lab_SQA/defects4j/framework/projects/Gson/compile-errors//locale-15-18.diff 2>&1
----------------------------------------------------------------------
 at D:/Lab_SQA/defects4j/framework/core/Vcs.pm line 414.
	Vcs::_apply_cmd(Vcs::Git=HASH(0x20eb208e238), ""D:\\Lab_SQA\\Defects4J_Projects\\Gson_16_b/gson/"", ""D:/Lab_SQA/defects4j/framework/projects/Gson/compile-errors//""..., undef) called at D:/Lab_SQA/defects4j/framework/core/Vcs.pm line 375
	Vcs::apply_patch(Vcs::Git=HASH(0x20eb208e238), ""D:\\Lab_SQA\\Defects4J_Projects\\Gson_16_b/gson/"", ""D:/Lab_SQA/defects4j/framework/projects/Gson/compile-errors//""...) called at D:/Lab_SQA/defects4j/framework/core/Project.pm line 1084
	Project::apply_patch(Project::Gson=HASH(0x20eb208e1d8), ""D:\\Lab_SQA\\Defects4J_Projects\\Gson_16_b/gson/"", ""D:/Lab_SQA/defects4j/framework/projects/Gson/compile-errors//""...) called at D:/Lab_SQA/defects4j/framework/core/Project/Gson.pm line 81
	Project::Gson::_post_checkout(Project::Gson=HASH(0x20eb208e1d8), ""03a72e752ef68269990f984c9fd613cfd59224bc"", ""D:\\Lab_SQA\\Defects4J_Projects\\Gson_16_b"") called at D:/Lab_SQA/defects4j/framework/core/Project.pm line 440
	Project::checkout_vid(Project::Gson=HASH(0x20eb208e1d8), ""16b"") called at D:/Lab_SQA/defects4j/framework/bin/d4j/d4j-checkout line 96
	require D:/Lab_SQA/defects4j/framework/bin/d4j/d4j-checkout called at D:\Lab_SQA\defects4j\framework\bin\defects4j line 195
Compilation failed in require at D:\Lab_SQA\defects4j\framework\bin\defects4j line 195."
Gson,17,CATG,default,1,0,False,error,0,0,False,0,0,0,0,0,0,0.0,"STATUS:ERROR:checkout Gson-17b failed at D:\Lab_SQA\Defects4J_Projects\Gson_17_b: exit=128
Checking out 7a9fd596 to D:\Lab_SQA\Defects4J_Projects\Gson_17_b........... FAIL
Executed command: git clone D:/Lab_SQA/defects4j/project_repos/gson.git D:\Lab_SQA\Defects4J_Projects\Gson_17_b 2>&1 && cd D:\Lab_SQA\Defects4J_Projects\Gson_17_b && git checkout 7a9fd5962dce7f277efa15fcc996606be0733bac 2>&1
Cloning into 'D:\Lab_SQA\Defects4J_Projects\Gson_17_b'...
done.
fatal: unable to read tree (7a9fd5962dce7f277efa15fcc996606be0733bac)
Cannot checkout program version! at D:/Lab_SQA/defects4j/framework/bin/d4j/d4j-checkout line 96.
Compilation failed in require at D:\Lab_SQA\defects4j\framework\bin\defects4j line 195."
Gson,18,CATG,default,1,0,False,unsupported,0,0,False,0,0,0,0,0,0,0.0,STATUS:target_discovery:no_source_method
JacksonCore,1,CATG,default,1,1,True,completed,1,0,True,398,7,1.76,238,2,0.84,1.26,modified=com.fasterxml.jackson.core.io.NumberInput;com.fasterxml.jackson.core.util.TextBuffer;target=com.fasterxml.jackson.core.util.TextBuffer::contentsAsDecimal;params=;catg_cases=1
JacksonCore,2,CATG,default,1,0,False,unsupported,0,0,False,0,0,0,0,0,0,2.05,STATUS:catg_runtime_interpreter:ClassCastException
JacksonCore,3,CATG,default,1,0,False,unsupported,0,0,False,0,0,0,0,0,0,0.0,STATUS:target_discovery:no_source_method
JacksonCore,4,CATG,default,1,1,True,completed,0,0,False,262,3,1.15,134,0,0.0,1.38,modified=com.fasterxml.jackson.core.util.TextBuffer;target=com.fasterxml.jackson.core.util.TextBuffer::expandCurrentSegment;params=;catg_cases=1
JacksonCore,5,CATG,default,1,0,False,unsupported,0,0,False,0,0,0,0,0,0,1.15,STATUS:catg_runtime_interpreter:ClassCastException
JacksonCore,6,CATG,default,1,0,False,unsupported,0,0,False,0,0,0,0,0,0,1.23,STATUS:catg_runtime_interpreter:ClassCastException
JacksonCore,7,CATG,default,1,0,False,error,0,0,False,0,0,0,0,0,0,0.0,"STATUS:ERROR:checkout JacksonCore-7b failed at D:\Lab_SQA\Defects4J_Projects\JacksonCore_7_b: exit=128
Checking out 5cddffa1 to D:\Lab_SQA\Defects4J_Projects\JacksonCore_7_b..... OK
Init local repository...................................................... OK
Tag post-fix revision...................................................... FAIL
Executed command: cd D:\Lab_SQA\Defects4J_Projects\JacksonCore_7_b && git init 2>&1 && echo "".svn"" > .gitignore && git add -A 2>&1 && git commit -a -m D4J_JacksonCore_7_POST_FIX_REVISION 2>&1 && git tag --no-sign D4J_JacksonCore_7_POST_FIX_REVISION 2>&1
Reinitialized existing Git repository in D:/Lab_SQA/Defects4J_Projects/JacksonCore_7_b/.git/
fatal: could not parse HEAD
Couldn't tag post-fix revision! at D:/Lab_SQA/defects4j/framework/core/Project.pm line 434.
	Project::checkout_vid(Project::JacksonCore=HASH(0x21355c1c098), ""7b"") called at D:/Lab_SQA/defects4j/framework/bin/d4j/d4j-checkout line 96
	require D:/Lab_SQA/defects4j/framework/bin/d4j/d4j-checkout called at D:\Lab_SQA\defects4j\framework\bin\defects4j line 195
Compilation failed in require at D:\Lab_SQA\defects4j\framework\bin\defects4j line 195."
JacksonCore,8,CATG,default,1,0,False,error,0,0,False,0,0,0,0,0,0,0.0,"STATUS:ERROR:checkout JacksonCore-8b failed at D:\Lab_SQA\Defects4J_Projects\JacksonCore_8_b: exit=128
Checking out 11f0b409 to D:\Lab_SQA\Defects4J_Projects\JacksonCore_8_b..... FAIL
Executed command: git clone D:/Lab_SQA/defects4j/project_repos/jackson-core.git D:\Lab_SQA\Defects4J_Projects\JacksonCore_8_b 2>&1 && cd D:\Lab_SQA\Defects4J_Projects\JacksonCore_8_b && git checkout 11f0b4090937b2aa998734aa2bf032ee8c428e84 2>&1
Cloning into 'D:\Lab_SQA\Defects4J_Projects\JacksonCore_8_b'...
done.
Updating files:  69% (3870/5597)
Updating files:  70% (3918/5597)
Updating files:  71% (3974/5597)
Updating files:  72% (4030/5597)
Updating files:  73% (4086/5597)
Updating files:  74% (4142/5597)
Updating files:  75% (4198/5597)
Updating files:  76% (4254/5597)
Updating files:  77% (4310/5597)
Updating files:  78% (4366/5597)
Updating files:  79% (4422/5597)
Updating files:  80% (4478/5597)
Updating files:  81% (4534/5597)
Updating files:  82% (4590/5597)
Updating files:  83% (4646/5597)
Updating files:  84% (4702/5597)
Updating files:  85% (4758/5597)
Updating files:  86% (4814/5597)
Updating files:  87% (4870/5597)
Updating files:  88% (4926/5597)
Updating files:  89% (4982/5597)
Updating files:  90% (5038/5597)
Updating files:  91% (5094/5597)
Updating files:  92% (5150/5597)
Updating files:  93% (5206/5597)
Updating files:  94% (5262/5597)
Updating files:  95% (5318/5597)
Updating files:  96% (5374/5597)
Updating files:  97% (5430/5597)
Updating files:  98% (5486/5597)
Updating files:  99% (5542/5597)
Updating files: 100% (5597/5597)
Updating files: 100% (5597/5597), done.
fatal: unable to read tree (11f0b4090937b2aa998734aa2bf032ee8c428e84)
Cannot checkout program version! at D:/Lab_SQA/defects4j/framework/bin/d4j/d4j-checkout line 96.
Compilation failed in require at D:\Lab_SQA\defects4j\framework\bin\defects4j line 195."
JacksonCore,9,CATG,default,1,0,False,error,0,0,False,0,0,0,0,0,0,0.0,"STATUS:ERROR:checkout JacksonCore-9b failed at D:\Lab_SQA\Defects4J_Projects\JacksonCore_9_b: exit=128
Checking out 698f3a73 to D:\Lab_SQA\Defects4J_Projects\JacksonCore_9_b..... FAIL
Executed command: git clone D:/Lab_SQA/defects4j/project_repos/jackson-core.git D:\Lab_SQA\Defects4J_Projects\JacksonCore_9_b 2>&1 && cd D:\Lab_SQA\Defects4J_Projects\JacksonCore_9_b && git checkout 698f3a73d4e20594357e10fc7bb5db57bb8f7780 2>&1
Cloning into 'D:\Lab_SQA\Defects4J_Projects\JacksonCore_9_b'...
done.
Updating files:  74% (4157/5597)
Updating files:  75% (4198/5597)
Updating files:  76% (4254/5597)
Updating files:  77% (4310/5597)
Updating files:  78% (4366/5597)
Updating files:  79% (4422/5597)
Updating files:  80% (4478/5597)
Updating files:  81% (4534/5597)
Updating files:  82% (4590/5597)
Updating files:  83% (4646/5597)
Updating files:  84% (4702/5597)
Updating files:  85% (4758/5597)
Updating files:  86% (4814/5597)
Updating files:  87% (4870/5597)
Updating files:  88% (4926/5597)
Updating files:  89% (4982/5597)
Updating files:  90% (5038/5597)
Updating files:  91% (5094/5597)
Updating files:  92% (5150/5597)
Updating files:  93% (5206/5597)
Updating files:  94% (5262/5597)
Updating files:  95% (5318/5597)
Updating files:  96% (5374/5597)
Updating files:  97% (5430/5597)
Updating files:  98% (5486/5597)
Updating files:  99% (5542/5597)
Updating files: 100% (5597/5597)
Updating files: 100% (5597/5597), done.
fatal: unable to read tree (698f3a73d4e20594357e10fc7bb5db57bb8f7780)
Cannot checkout program version! at D:/Lab_SQA/defects4j/framework/bin/d4j/d4j-checkout line 96.
Compilation failed in require at D:\Lab_SQA\defects4j\framework\bin\defects4j line 195."
JacksonCore,10,CATG,default,1,0,False,error,0,0,False,0,0,0,0,0,0,0.0,"STATUS:ERROR:checkout JacksonCore-10b failed at D:\Lab_SQA\Defects4J_Projects\JacksonCore_10_b: exit=128
Checking out c2823b4d to D:\Lab_SQA\Defects4J_Projects\JacksonCore_10_b.... FAIL
Executed command: git clone D:/Lab_SQA/defects4j/project_repos/jackson-core.git D:\Lab_SQA\Defects4J_Projects\JacksonCore_10_b 2>&1 && cd D:\Lab_SQA\Defects4J_Projects\JacksonCore_10_b && git checkout c2823b4de28120d86aeba9215f0231d990a8eb47 2>&1
Cloning into 'D:\Lab_SQA\Defects4J_Projects\JacksonCore_10_b'...
done.
Updating files:  67% (3801/5597)
Updating files:  68% (3806/5597)
Updating files:  69% (3862/5597)
Updating files:  70% (3918/5597)
Updating files:  71% (3974/5597)
Updating files:  72% (4030/5597)
Updating files:  73% (4086/5597)
Updating files:  74% (4142/5597)
Updating files:  75% (4198/5597)
Updating files:  76% (4254/5597)
Updating files:  77% (4310/5597)
Updating files:  78% (4366/5597)
Updating files:  79% (4422/5597)
Updating files:  80% (4478/5597)
Updating files:  81% (4534/5597)
Updating files:  82% (4590/5597)
Updating files:  83% (4646/5597)
Updating files:  84% (4702/5597)
Updating files:  85% (4758/5597)
Updating files:  86% (4814/5597)
Updating files:  87% (4870/5597)
Updating files:  88% (4926/5597)
Updating files:  89% (4982/5597)
Updating files:  90% (5038/5597)
Updating files:  91% (5094/5597)
Updating files:  92% (5150/5597)
Updating files:  93% (5206/5597)
Updating files:  94% (5262/5597)
Updating files:  95% (5318/5597)
Updating files:  96% (5374/5597)
Updating files:  97% (5430/5597)
Updating files:  98% (5486/5597)
Updating files:  99% (5542/5597)
Updating files: 100% (5597/5597)
Updating files: 100% (5597/5597), done.
fatal: unable to read tree (c2823b4de28120d86aeba9215f0231d990a8eb47)
Cannot checkout program version! at D:/Lab_SQA/defects4j/framework/bin/d4j/d4j-checkout line 96.
Compilation failed in require at D:\Lab_SQA\defects4j\framework\bin\defects4j line 195."
JacksonCore,11,CATG,default,1,0,False,error,0,0,False,0,0,0,0,0,0,0.0,"STATUS:ERROR:checkout JacksonCore-11b failed at D:\Lab_SQA\Defects4J_Projects\JacksonCore_11_b: exit=128
Checking out be438672 to D:\Lab_SQA\Defects4J_Projects\JacksonCore_11_b.... FAIL
Executed command: git clone D:/Lab_SQA/defects4j/project_repos/jackson-core.git D:\Lab_SQA\Defects4J_Projects\JacksonCore_11_b 2>&1 && cd D:\Lab_SQA\Defects4J_Projects\JacksonCore_11_b && git checkout be4386724ff18232aff492cb9145288df86ea61c 2>&1
Cloning into 'D:\Lab_SQA\Defects4J_Projects\JacksonCore_11_b'...
done.
Updating files:  74% (4168/5597)
Updating files:  75% (4198/5597)
Updating files:  76% (4254/5597)
Updating files:  77% (4310/5597)
Updating files:  78% (4366/5597)
Updating files:  79% (4422/5597)
Updating files:  80% (4478/5597)
Updating files:  81% (4534/5597)
Updating files:  82% (4590/5597)
Updating files:  83% (4646/5597)
Updating files:  84% (4702/5597)
Updating files:  85% (4758/5597)
Updating files:  86% (4814/5597)
Updating files:  87% (4870/5597)
Updating files:  88% (4926/5597)
Updating files:  89% (4982/5597)
Updating files:  90% (5038/5597)
Updating files:  91% (5094/5597)
Updating files:  92% (5150/5597)
Updating files:  93% (5206/5597)
Updating files:  94% (5262/5597)
Updating files:  95% (5318/5597)
Updating files:  96% (5374/5597)
Updating files:  97% (5430/5597)
Updating files:  98% (5486/5597)
Updating files:  99% (5542/5597)
Updating files: 100% (5597/5597)
Updating files: 100% (5597/5597), done.
fatal: unable to read tree (be4386724ff18232aff492cb9145288df86ea61c)
Cannot checkout program version! at D:/Lab_SQA/defects4j/framework/bin/d4j/d4j-checkout line 96.
Compilation failed in require at D:\Lab_SQA\defects4j\framework\bin\defects4j line 195."
JacksonCore,12,CATG,default,1,0,False,error,0,0,False,0,0,0,0,0,0,0.0,"STATUS:ERROR:checkout JacksonCore-12b failed at D:\Lab_SQA\Defects4J_Projects\JacksonCore_12_b: exit=128
Checking out fede6c9d to D:\Lab_SQA\Defects4J_Projects\JacksonCore_12_b.... FAIL
Executed command: git clone D:/Lab_SQA/defects4j/project_repos/jackson-core.git D:\Lab_SQA\Defects4J_Projects\JacksonCore_12_b 2>&1 && cd D:\Lab_SQA\Defects4J_Projects\JacksonCore_12_b && git checkout fede6c9df74d370f2e728b5c46e14bd570abb83c 2>&1
Cloning into 'D:\Lab_SQA\Defects4J_Projects\JacksonCore_12_b'...
done.
Updating files:  68% (3835/5597)
Updating files:  69% (3862/5597)
Updating files:  70% (3918/5597)
Updating files:  71% (3974/5597)
Updating files:  72% (4030/5597)
Updating files:  73% (4086/5597)
Updating files:  74% (4142/5597)
Updating files:  75% (4198/5597)
Updating files:  76% (4254/5597)
Updating files:  77% (4310/5597)
Updating files:  78% (4366/5597)
Updating files:  79% (4422/5597)
Updating files:  80% (4478/5597)
Updating files:  81% (4534/5597)
Updating files:  82% (4590/5597)
Updating files:  83% (4646/5597)
Updating files:  84% (4702/5597)
Updating files:  85% (4758/5597)
Updating files:  86% (4814/5597)
Updating files:  87% (4870/5597)
Updating files:  88% (4926/5597)
Updating files:  89% (4982/5597)
Updating files:  90% (5038/5597)
Updating files:  91% (5094/5597)
Updating files:  92% (5150/5597)
Updating files:  93% (5206/5597)
Updating files:  94% (5262/5597)
Updating files:  95% (5318/5597)
Updating files:  96% (5374/5597)
Updating files:  97% (5430/5597)
Updating files:  98% (5486/5597)
Updating files:  99% (5542/5597)
Updating files: 100% (5597/5597)
Updating files: 100% (5597/5597), done.
fatal: unable to read tree (fede6c9df74d370f2e728b5c46e14bd570abb83c)
Cannot checkout program version! at D:/Lab_SQA/defects4j/framework/bin/d4j/d4j-checkout line 96.
Compilation failed in require at D:\Lab_SQA\defects4j\framework\bin\defects4j line 195."
JacksonCore,13,CATG,default,1,0,False,error,0,0,False,0,0,0,0,0,0,0.0,"STATUS:ERROR:checkout JacksonCore-13b failed at D:\Lab_SQA\Defects4J_Projects\JacksonCore_13_b: exit=128
Checking out d58d420f to D:\Lab_SQA\Defects4J_Projects\JacksonCore_13_b.... FAIL
Executed command: git clone D:/Lab_SQA/defects4j/project_repos/jackson-core.git D:\Lab_SQA\Defects4J_Projects\JacksonCore_13_b 2>&1 && cd D:\Lab_SQA\Defects4J_Projects\JacksonCore_13_b && git checkout d58d420f116e854bfd7b155cc1aed4e32939e1da 2>&1
Cloning into 'D:\Lab_SQA\Defects4J_Projects\JacksonCore_13_b'...
done.
Updating files:  64% (3607/5597)
Updating files:  65% (3639/5597)
Updating files:  66% (3695/5597)
Updating files:  67% (3750/5597)
Updating files:  68% (3806/5597)
Updating files:  69% (3862/5597)
Updating files:  70% (3918/5597)
Updating files:  71% (3974/5597)
Updating files:  72% (4030/5597)
Updating files:  73% (4086/5597)
Updating files:  74% (4142/5597)
Updating files:  75% (4198/5597)
Updating files:  76% (4254/5597)
Updating files:  77% (4310/5597)
Updating files:  78% (4366/5597)
Updating files:  79% (4422/5597)
Updating files:  80% (4478/5597)
Updating files:  81% (4534/5597)
Updating files:  82% (4590/5597)
Updating files:  83% (4646/5597)
Updating files:  84% (4702/5597)
Updating files:  85% (4758/5597)
Updating files:  86% (4814/5597)
Updating files:  87% (4870/5597)
Updating files:  88% (4926/5597)
Updating files:  89% (4982/5597)
Updating files:  90% (5038/5597)
Updating files:  91% (5094/5597)
Updating files:  92% (5150/5597)
Updating files:  93% (5206/5597)
Updating files:  94% (5262/5597)
Updating files:  95% (5318/5597)
Updating files:  96% (5374/5597)
Updating files:  97% (5430/5597)
Updating files:  98% (5486/5597)
Updating files:  99% (5542/5597)
Updating files: 100% (5597/5597)
Updating files: 100% (5597/5597), done.
fatal: unable to read tree (d58d420f116e854bfd7b155cc1aed4e32939e1da)
Cannot checkout program version! at D:/Lab_SQA/defects4j/framework/bin/d4j/d4j-checkout line 96.
Compilation failed in require at D:\Lab_SQA\defects4j\framework\bin\defects4j line 195."
JacksonCore,14,CATG,default,1,0,False,error,0,0,False,0,0,0,0,0,0,0.0,"STATUS:ERROR:checkout JacksonCore-14b failed at D:\Lab_SQA\Defects4J_Projects\JacksonCore_14_b: exit=128
Checking out 3c2c9610 to D:\Lab_SQA\Defects4J_Projects\JacksonCore_14_b.... FAIL
Executed command: git clone D:/Lab_SQA/defects4j/project_repos/jackson-core.git D:\Lab_SQA\Defects4J_Projects\JacksonCore_14_b 2>&1 && cd D:\Lab_SQA\Defects4J_Projects\JacksonCore_14_b && git checkout 3c2c9610b6c76e2b348eb057d0a8268681d573a6 2>&1
Cloning into 'D:\Lab_SQA\Defects4J_Projects\JacksonCore_14_b'...
done.
Updating files:  68% (3845/5597)
Updating files:  69% (3862/5597)
Updating files:  70% (3918/5597)
Updating files:  71% (3974/5597)
Updating files:  72% (4030/5597)
Updating files:  73% (4086/5597)
Updating files:  74% (4142/5597)
Updating files:  75% (4198/5597)
Updating files:  76% (4254/5597)
Updating files:  77% (4310/5597)
Updating files:  78% (4366/5597)
Updating files:  79% (4422/5597)
Updating files:  80% (4478/5597)
Updating files:  81% (4534/5597)
Updating files:  82% (4590/5597)
Updating files:  83% (4646/5597)
Updating files:  84% (4702/5597)
Updating files:  85% (4758/5597)
Updating files:  86% (4814/5597)
Updating files:  87% (4870/5597)
Updating files:  88% (4926/5597)
Updating files:  89% (4982/5597)
Updating files:  90% (5038/5597)
Updating files:  91% (5094/5597)
Updating files:  92% (5150/5597)
Updating files:  93% (5206/5597)
Updating files:  94% (5262/5597)
Updating files:  95% (5318/5597)
Updating files:  96% (5374/5597)
Updating files:  97% (5430/5597)
Updating files:  98% (5486/5597)
Updating files:  99% (5542/5597)
Updating files: 100% (5597/5597)
Updating files: 100% (5597/5597), done.
fatal: unable to read tree (3c2c9610b6c76e2b348eb057d0a8268681d573a6)
Cannot checkout program version! at D:/Lab_SQA/defects4j/framework/bin/d4j/d4j-checkout line 96.
Compilation failed in require at D:\Lab_SQA\defects4j\framework\bin\defects4j line 195."
JacksonCore,15,CATG,default,1,0,False,error,0,0,False,0,0,0,0,0,0,0.0,"STATUS:ERROR:checkout JacksonCore-15b failed at D:\Lab_SQA\Defects4J_Projects\JacksonCore_15_b: exit=128
Checking out ecf088c3 to D:\Lab_SQA\Defects4J_Projects\JacksonCore_15_b.... FAIL
Executed command: git clone D:/Lab_SQA/defects4j/project_repos/jackson-core.git D:\Lab_SQA\Defects4J_Projects\JacksonCore_15_b 2>&1 && cd D:\Lab_SQA\Defects4J_Projects\JacksonCore_15_b && git checkout ecf088c391de0deb5a4297e51e9ce960b3924e09 2>&1
Cloning into 'D:\Lab_SQA\Defects4J_Projects\JacksonCore_15_b'...
done.
Updating files:  71% (4009/5597)
Updating files:  72% (4030/5597)
Updating files:  73% (4086/5597)
Updating files:  74% (4142/5597)
Updating files:  75% (4198/5597)
Updating files:  76% (4254/5597)
Updating files:  77% (4310/5597)
Updating files:  78% (4366/5597)
Updating files:  79% (4422/5597)
Updating files:  80% (4478/5597)
Updating files:  81% (4534/5597)
Updating files:  82% (4590/5597)
Updating files:  83% (4646/5597)
Updating files:  84% (4702/5597)
Updating files:  85% (4758/5597)
Updating files:  86% (4814/5597)
Updating files:  87% (4870/5597)
Updating files:  88% (4926/5597)
Updating files:  89% (4982/5597)
Updating files:  90% (5038/5597)
Updating files:  91% (5094/5597)
Updating files:  92% (5150/5597)
Updating files:  93% (5206/5597)
Updating files:  94% (5262/5597)
Updating files:  95% (5318/5597)
Updating files:  96% (5374/5597)
Updating files:  97% (5430/5597)
Updating files:  98% (5486/5597)
Updating files:  99% (5542/5597)
Updating files: 100% (5597/5597)
Updating files: 100% (5597/5597), done.
fatal: unable to read tree (ecf088c391de0deb5a4297e51e9ce960b3924e09)
Cannot checkout program version! at D:/Lab_SQA/defects4j/framework/bin/d4j/d4j-checkout line 96.
Compilation failed in require at D:\Lab_SQA\defects4j\framework\bin\defects4j line 195."
JacksonCore,16,CATG,default,1,0,False,error,0,0,False,0,0,0,0,0,0,0.0,"STATUS:ERROR:checkout JacksonCore-16b failed at D:\Lab_SQA\Defects4J_Projects\JacksonCore_16_b: exit=128
Checking out e052c319 to D:\Lab_SQA\Defects4J_Projects\JacksonCore_16_b.... FAIL
Executed command: git clone D:/Lab_SQA/defects4j/project_repos/jackson-core.git D:\Lab_SQA\Defects4J_Projects\JacksonCore_16_b 2>&1 && cd D:\Lab_SQA\Defects4J_Projects\JacksonCore_16_b && git checkout e052c319eccd6086c28fa5371807d887ebe302cf 2>&1
Cloning into 'D:\Lab_SQA\Defects4J_Projects\JacksonCore_16_b'...
done.
Updating files:  72% (4081/5597)
Updating files:  73% (4086/5597)
Updating files:  74% (4142/5597)
Updating files:  75% (4198/5597)
Updating files:  76% (4254/5597)
Updating files:  77% (4310/5597)
Updating files:  78% (4366/5597)
Updating files:  79% (4422/5597)
Updating files:  80% (4478/5597)
Updating files:  81% (4534/5597)
Updating files:  82% (4590/5597)
Updating files:  83% (4646/5597)
Updating files:  84% (4702/5597)
Updating files:  85% (4758/5597)
Updating files:  86% (4814/5597)
Updating files:  87% (4870/5597)
Updating files:  88% (4926/5597)
Updating files:  89% (4982/5597)
Updating files:  90% (5038/5597)
Updating files:  91% (5094/5597)
Updating files:  92% (5150/5597)
Updating files:  93% (5206/5597)
Updating files:  94% (5262/5597)
Updating files:  95% (5318/5597)
Updating files:  96% (5374/5597)
Updating files:  97% (5430/5597)
Updating files:  98% (5486/5597)
Updating files:  99% (5542/5597)
Updating files: 100% (5597/5597)
Updating files: 100% (5597/5597), done.
fatal: unable to read tree (e052c319eccd6086c28fa5371807d887ebe302cf)
Cannot checkout program version! at D:/Lab_SQA/defects4j/framework/bin/d4j/d4j-checkout line 96.
Compilation failed in require at D:\Lab_SQA\defects4j\framework\bin\defects4j line 195."
JacksonCore,17,CATG,default,1,0,False,error,0,0,False,0,0,0,0,0,0,0.0,"STATUS:ERROR:checkout JacksonCore-17b failed at D:\Lab_SQA\Defects4J_Projects\JacksonCore_17_b: exit=128
Checking out 554f8db0 to D:\Lab_SQA\Defects4J_Projects\JacksonCore_17_b.... FAIL
Executed command: git clone D:/Lab_SQA/defects4j/project_repos/jackson-core.git D:\Lab_SQA\Defects4J_Projects\JacksonCore_17_b 2>&1 && cd D:\Lab_SQA\Defects4J_Projects\JacksonCore_17_b && git checkout 554f8db0f940b2a53f974852a2af194739d65200 2>&1
Cloning into 'D:\Lab_SQA\Defects4J_Projects\JacksonCore_17_b'...
done.
Updating files:  73% (4108/5597)
Updating files:  74% (4142/5597)
Updating files:  75% (4198/5597)
Updating files:  76% (4254/5597)
Updating files:  77% (4310/5597)
Updating files:  78% (4366/5597)
Updating files:  79% (4422/5597)
Updating files:  80% (4478/5597)
Updating files:  81% (4534/5597)
Updating files:  82% (4590/5597)
Updating files:  83% (4646/5597)
Updating files:  84% (4702/5597)
Updating files:  85% (4758/5597)
Updating files:  86% (4814/5597)
Updating files:  87% (4870/5597)
Updating files:  88% (4926/5597)
Updating files:  89% (4982/5597)
Updating files:  90% (5038/5597)
Updating files:  91% (5094/5597)
Updating files:  92% (5150/5597)
Updating files:  93% (5206/5597)
Updating files:  94% (5262/5597)
Updating files:  95% (5318/5597)
Updating files:  96% (5374/5597)
Updating files:  97% (5430/5597)
Updating files:  98% (5486/5597)
Updating files:  99% (5542/5597)
Updating files: 100% (5597/5597)
Updating files: 100% (5597/5597), done.
fatal: unable to read tree (554f8db0f940b2a53f974852a2af194739d65200)
Cannot checkout program version! at D:/Lab_SQA/defects4j/framework/bin/d4j/d4j-checkout line 96.
Compilation failed in require at D:\Lab_SQA\defects4j\framework\bin\defects4j line 195."
JacksonCore,18,CATG,default,1,0,False,error,0,0,False,0,0,0,0,0,0,0.0,"STATUS:ERROR:checkout JacksonCore-18b failed at D:\Lab_SQA\Defects4J_Projects\JacksonCore_18_b: exit=128
Checking out 96642978 to D:\Lab_SQA\Defects4J_Projects\JacksonCore_18_b.... FAIL
Executed command: git clone D:/Lab_SQA/defects4j/project_repos/jackson-core.git D:\Lab_SQA\Defects4J_Projects\JacksonCore_18_b 2>&1 && cd D:\Lab_SQA\Defects4J_Projects\JacksonCore_18_b && git checkout 96642978dcf1b69cba68ec72cb2f652d59a8b5be 2>&1
Cloning into 'D:\Lab_SQA\Defects4J_Projects\JacksonCore_18_b'...
done.
Updating files:  60% (3410/5597)
Updating files:  61% (3415/5597)
Updating files:  62% (3471/5597)
Updating files:  63% (3527/5597)
Updating files:  64% (3583/5597)
Updating files:  65% (3639/5597)
Updating files:  66% (3695/5597)
Updating files:  67% (3750/5597)
Updating files:  68% (3806/5597)
Updating files:  69% (3862/5597)
Updating files:  70% (3918/5597)
Updating files:  71% (3974/5597)
Updating files:  72% (4030/5597)
Updating files:  73% (4086/5597)
Updating files:  74% (4142/5597)
Updating files:  75% (4198/5597)
Updating files:  76% (4254/5597)
Updating files:  77% (4310/5597)
Updating files:  78% (4366/5597)
Updating files:  79% (4422/5597)
Updating files:  80% (4478/5597)
Updating files:  81% (4534/5597)
Updating files:  82% (4590/5597)
Updating files:  83% (4646/5597)
Updating files:  84% (4702/5597)
Updating files:  85% (4758/5597)
Updating files:  86% (4814/5597)
Updating files:  87% (4870/5597)
Updating files:  88% (4926/5597)
Updating files:  89% (4982/5597)
Updating files:  90% (5038/5597)
Updating files:  91% (5094/5597)
Updating files:  92% (5150/5597)
Updating files:  93% (5206/5597)
Updating files:  94% (5262/5597)
Updating files:  95% (5318/5597)
Updating files:  96% (5374/5597)
Updating files:  97% (5430/5597)
Updating files:  98% (5486/5597)
Updating files:  99% (5542/5597)
Updating files: 100% (5597/5597)
Updating files: 100% (5597/5597), done.
fatal: unable to read tree (96642978dcf1b69cba68ec72cb2f652d59a8b5be)
Cannot checkout program version! at D:/Lab_SQA/defects4j/framework/bin/d4j/d4j-checkout line 96.
Compilation failed in require at D:\Lab_SQA\defects4j\framework\bin\defects4j line 195."
JacksonCore,19,CATG,default,1,0,False,error,0,0,False,0,0,0,0,0,0,0.0,"STATUS:ERROR:checkout JacksonCore-19b failed at D:\Lab_SQA\Defects4J_Projects\JacksonCore_19_b: exit=128
Checking out 345cad5b to D:\Lab_SQA\Defects4J_Projects\JacksonCore_19_b.... FAIL
Executed command: git clone D:/Lab_SQA/defects4j/project_repos/jackson-core.git D:\Lab_SQA\Defects4J_Projects\JacksonCore_19_b 2>&1 && cd D:\Lab_SQA\Defects4J_Projects\JacksonCore_19_b && git checkout 345cad5b2f4c06a1bcc6794311a31226e9f2bce7 2>&1
Cloning into 'D:\Lab_SQA\Defects4J_Projects\JacksonCore_19_b'...
done.
Updating files:  73% (4104/5597)
Updating files:  74% (4142/5597)
Updating files:  75% (4198/5597)
Updating files:  76% (4254/5597)
Updating files:  77% (4310/5597)
Updating files:  78% (4366/5597)
Updating files:  79% (4422/5597)
Updating files:  80% (4478/5597)
Updating files:  81% (4534/5597)
Updating files:  82% (4590/5597)
Updating files:  83% (4646/5597)
Updating files:  84% (4702/5597)
Updating files:  85% (4758/5597)
Updating files:  86% (4814/5597)
Updating files:  87% (4870/5597)
Updating files:  88% (4926/5597)
Updating files:  89% (4982/5597)
Updating files:  90% (5038/5597)
Updating files:  91% (5094/5597)
Updating files:  92% (5150/5597)
Updating files:  93% (5206/5597)
Updating files:  94% (5262/5597)
Updating files:  95% (5318/5597)
Updating files:  96% (5374/5597)
Updating files:  97% (5430/5597)
Updating files:  98% (5486/5597)
Updating files:  99% (5542/5597)
Updating files: 100% (5597/5597)
Updating files: 100% (5597/5597), done.
fatal: unable to read tree (345cad5b2f4c06a1bcc6794311a31226e9f2bce7)
Cannot checkout program version! at D:/Lab_SQA/defects4j/framework/bin/d4j/d4j-checkout line 96.
Compilation failed in require at D:\Lab_SQA\defects4j\framework\bin\defects4j line 195."
JacksonCore,20,CATG,default,1,0,False,error,0,0,False,0,0,0,0,0,0,0.0,"STATUS:ERROR:checkout JacksonCore-20b failed at D:\Lab_SQA\Defects4J_Projects\JacksonCore_20_b: exit=128
Checking out fa64390b to D:\Lab_SQA\Defects4J_Projects\JacksonCore_20_b.... FAIL
Executed command: git clone D:/Lab_SQA/defects4j/project_repos/jackson-core.git D:\Lab_SQA\Defects4J_Projects\JacksonCore_20_b 2>&1 && cd D:\Lab_SQA\Defects4J_Projects\JacksonCore_20_b && git checkout fa64390b1bd5f1435daa9d2b17a58594cfb22817 2>&1
Cloning into 'D:\Lab_SQA\Defects4J_Projects\JacksonCore_20_b'...
done.
Updating files:  58% (3250/5597)
Updating files:  59% (3303/5597)
Updating files:  60% (3359/5597)
Updating files:  61% (3415/5597)
Updating files:  62% (3471/5597)
Updating files:  63% (3527/5597)
Updating files:  64% (3583/5597)
Updating files:  65% (3639/5597)
Updating files:  66% (3695/5597)
Updating files:  67% (3750/5597)
Updating files:  68% (3806/5597)
Updating files:  69% (3862/5597)
Updating files:  70% (3918/5597)
Updating files:  71% (3974/5597)
Updating files:  72% (4030/5597)
Updating files:  73% (4086/5597)
Updating files:  74% (4142/5597)
Updating files:  75% (4198/5597)
Updating files:  76% (4254/5597)
Updating files:  77% (4310/5597)
Updating files:  78% (4366/5597)
Updating files:  79% (4422/5597)
Updating files:  80% (4478/5597)
Updating files:  81% (4534/5597)
Updating files:  82% (4590/5597)
Updating files:  83% (4646/5597)
Updating files:  84% (4702/5597)
Updating files:  85% (4758/5597)
Updating files:  86% (4814/5597)
Updating files:  87% (4870/5597)
Updating files:  88% (4926/5597)
Updating files:  89% (4982/5597)
Updating files:  90% (5038/5597)
Updating files:  91% (5094/5597)
Updating files:  92% (5150/5597)
Updating files:  93% (5206/5597)
Updating files:  94% (5262/5597)
Updating files:  95% (5318/5597)
Updating files:  96% (5374/5597)
Updating files:  97% (5430/5597)
Updating files:  98% (5486/5597)
Updating files:  99% (5542/5597)
Updating files: 100% (5597/5597)
Updating files: 100% (5597/5597), done.
fatal: unable to read tree (fa64390b1bd5f1435daa9d2b17a58594cfb22817)
Cannot checkout program version! at D:/Lab_SQA/defects4j/framework/bin/d4j/d4j-checkout line 96.
Compilation failed in require at D:\Lab_SQA\defects4j\framework\bin\defects4j line 195."
JacksonCore,21,CATG,default,1,0,False,error,0,0,False,0,0,0,0,0,0,0.0,"STATUS:ERROR:checkout JacksonCore-21b failed at D:\Lab_SQA\Defects4J_Projects\JacksonCore_21_b: exit=128
Checking out 96faf2ec to D:\Lab_SQA\Defects4J_Projects\JacksonCore_21_b.... FAIL
Executed command: git clone D:/Lab_SQA/defects4j/project_repos/jackson-core.git D:\Lab_SQA\Defects4J_Projects\JacksonCore_21_b 2>&1 && cd D:\Lab_SQA\Defects4J_Projects\JacksonCore_21_b && git checkout 96faf2ecd985dfc838e2bf6f6ae4d9d4b310861b 2>&1
Cloning into 'D:\Lab_SQA\Defects4J_Projects\JacksonCore_21_b'...
done.
Updating files:  75% (4229/5597)
Updating files:  76% (4254/5597)
Updating files:  77% (4310/5597)
Updating files:  78% (4366/5597)
Updating files:  79% (4422/5597)
Updating files:  80% (4478/5597)
Updating files:  81% (4534/5597)
Updating files:  82% (4590/5597)
Updating files:  83% (4646/5597)
Updating files:  84% (4702/5597)
Updating files:  85% (4758/5597)
Updating files:  86% (4814/5597)
Updating files:  87% (4870/5597)
Updating files:  88% (4926/5597)
Updating files:  89% (4982/5597)
Updating files:  90% (5038/5597)
Updating files:  91% (5094/5597)
Updating files:  92% (5150/5597)
Updating files:  93% (5206/5597)
Updating files:  94% (5262/5597)
Updating files:  95% (5318/5597)
Updating files:  96% (5374/5597)
Updating files:  97% (5430/5597)
Updating files:  98% (5486/5597)
Updating files:  99% (5542/5597)
Updating files: 100% (5597/5597)
Updating files: 100% (5597/5597), done.
fatal: unable to read tree (96faf2ecd985dfc838e2bf6f6ae4d9d4b310861b)
Cannot checkout program version! at D:/Lab_SQA/defects4j/framework/bin/d4j/d4j-checkout line 96.
Compilation failed in require at D:\Lab_SQA\defects4j\framework\bin\defects4j line 195."
JacksonCore,22,CATG,default,1,0,False,error,0,0,False,0,0,0,0,0,0,0.0,"STATUS:ERROR:checkout JacksonCore-22b failed at D:\Lab_SQA\Defects4J_Projects\JacksonCore_22_b: exit=128
Checking out 6feec20c to D:\Lab_SQA\Defects4J_Projects\JacksonCore_22_b.... FAIL
Executed command: git clone D:/Lab_SQA/defects4j/project_repos/jackson-core.git D:\Lab_SQA\Defects4J_Projects\JacksonCore_22_b 2>&1 && cd D:\Lab_SQA\Defects4J_Projects\JacksonCore_22_b && git checkout 6feec20c842586056aa5b19c402b26be08c88ca3 2>&1
Cloning into 'D:\Lab_SQA\Defects4J_Projects\JacksonCore_22_b'...
done.
Updating files:  76% (4263/5597)
Updating files:  77% (4310/5597)
Updating files:  78% (4366/5597)
Updating files:  79% (4422/5597)
Updating files:  80% (4478/5597)
Updating files:  81% (4534/5597)
Updating files:  82% (4590/5597)
Updating files:  83% (4646/5597)
Updating files:  84% (4702/5597)
Updating files:  85% (4758/5597)
Updating files:  86% (4814/5597)
Updating files:  87% (4870/5597)
Updating files:  88% (4926/5597)
Updating files:  89% (4982/5597)
Updating files:  90% (5038/5597)
Updating files:  91% (5094/5597)
Updating files:  92% (5150/5597)
Updating files:  93% (5206/5597)
Updating files:  94% (5262/5597)
Updating files:  95% (5318/5597)
Updating files:  96% (5374/5597)
Updating files:  97% (5430/5597)
Updating files:  98% (5486/5597)
Updating files:  99% (5542/5597)
Updating files: 100% (5597/5597)
Updating files: 100% (5597/5597), done.
fatal: unable to read tree (6feec20c842586056aa5b19c402b26be08c88ca3)
Cannot checkout program version! at D:/Lab_SQA/defects4j/framework/bin/d4j/d4j-checkout line 96.
Compilation failed in require at D:\Lab_SQA\defects4j\framework\bin\defects4j line 195."
JacksonCore,23,CATG,default,1,0,False,error,0,0,False,0,0,0,0,0,0,0.0,"STATUS:ERROR:checkout JacksonCore-23b failed at D:\Lab_SQA\Defects4J_Projects\JacksonCore_23_b: exit=128
Checking out 157f2c49 to D:\Lab_SQA\Defects4J_Projects\JacksonCore_23_b.... FAIL
Executed command: git clone D:/Lab_SQA/defects4j/project_repos/jackson-core.git D:\Lab_SQA\Defects4J_Projects\JacksonCore_23_b 2>&1 && cd D:\Lab_SQA\Defects4J_Projects\JacksonCore_23_b && git checkout 157f2c490003c7494af8ecb7d57880cda1fde736 2>&1
Cloning into 'D:\Lab_SQA\Defects4J_Projects\JacksonCore_23_b'...
done.
Updating files:  73% (4088/5597)
Updating files:  74% (4142/5597)
Updating files:  75% (4198/5597)
Updating files:  76% (4254/5597)
Updating files:  77% (4310/5597)
Updating files:  78% (4366/5597)
Updating files:  79% (4422/5597)
Updating files:  80% (4478/5597)
Updating files:  81% (4534/5597)
Updating files:  82% (4590/5597)
Updating files:  83% (4646/5597)
Updating files:  84% (4702/5597)
Updating files:  85% (4758/5597)
Updating files:  86% (4814/5597)
Updating files:  87% (4870/5597)
Updating files:  88% (4926/5597)
Updating files:  89% (4982/5597)
Updating files:  90% (5038/5597)
Updating files:  91% (5094/5597)
Updating files:  92% (5150/5597)
Updating files:  93% (5206/5597)
Updating files:  94% (5262/5597)
Updating files:  95% (5318/5597)
Updating files:  96% (5374/5597)
Updating files:  97% (5430/5597)
Updating files:  98% (5486/5597)
Updating files:  99% (5542/5597)
Updating files: 100% (5597/5597)
Updating files: 100% (5597/5597), done.
fatal: unable to read tree (157f2c490003c7494af8ecb7d57880cda1fde736)
Cannot checkout program version! at D:/Lab_SQA/defects4j/framework/bin/d4j/d4j-checkout line 96.
Compilation failed in require at D:\Lab_SQA\defects4j\framework\bin\defects4j line 195."
JacksonCore,24,CATG,default,1,0,False,error,0,0,False,0,0,0,0,0,0,0.0,"STATUS:ERROR:checkout JacksonCore-24b failed at D:\Lab_SQA\Defects4J_Projects\JacksonCore_24_b: exit=128
Checking out c4dd84e4 to D:\Lab_SQA\Defects4J_Projects\JacksonCore_24_b.... FAIL
Executed command: git clone D:/Lab_SQA/defects4j/project_repos/jackson-core.git D:\Lab_SQA\Defects4J_Projects\JacksonCore_24_b 2>&1 && cd D:\Lab_SQA\Defects4J_Projects\JacksonCore_24_b && git checkout c4dd84e4d505baa90d8d1675c1f60f8d6ce90db8 2>&1
Cloning into 'D:\Lab_SQA\Defects4J_Projects\JacksonCore_24_b'...
done.
Updating files:  73% (4120/5597)
Updating files:  74% (4142/5597)
Updating files:  75% (4198/5597)
Updating files:  76% (4254/5597)
Updating files:  77% (4310/5597)
Updating files:  78% (4366/5597)
Updating files:  79% (4422/5597)
Updating files:  80% (4478/5597)
Updating files:  81% (4534/5597)
Updating files:  82% (4590/5597)
Updating files:  83% (4646/5597)
Updating files:  84% (4702/5597)
Updating files:  85% (4758/5597)
Updating files:  86% (4814/5597)
Updating files:  87% (4870/5597)
Updating files:  88% (4926/5597)
Updating files:  89% (4982/5597)
Updating files:  90% (5038/5597)
Updating files:  91% (5094/5597)
Updating files:  92% (5150/5597)
Updating files:  93% (5206/5597)
Updating files:  94% (5262/5597)
Updating files:  95% (5318/5597)
Updating files:  96% (5374/5597)
Updating files:  97% (5430/5597)
Updating files:  98% (5486/5597)
Updating files:  99% (5542/5597)
Updating files: 100% (5597/5597)
Updating files: 100% (5597/5597), done.
fatal: unable to read tree (c4dd84e4d505baa90d8d1675c1f60f8d6ce90db8)
Cannot checkout program version! at D:/Lab_SQA/defects4j/framework/bin/d4j/d4j-checkout line 96.
Compilation failed in require at D:\Lab_SQA\defects4j\framework\bin\defects4j line 195."
JacksonCore,25,CATG,default,1,0,False,error,0,0,False,0,0,0,0,0,0,0.0,"STATUS:ERROR:checkout JacksonCore-25b failed at D:\Lab_SQA\Defects4J_Projects\JacksonCore_25_b: exit=128
Checking out ad47c206 to D:\Lab_SQA\Defects4J_Projects\JacksonCore_25_b.... FAIL
Executed command: git clone D:/Lab_SQA/defects4j/project_repos/jackson-core.git D:\Lab_SQA\Defects4J_Projects\JacksonCore_25_b 2>&1 && cd D:\Lab_SQA\Defects4J_Projects\JacksonCore_25_b && git checkout ad47c206f4fbf22f439f3d66871757891f549f6a 2>&1
Cloning into 'D:\Lab_SQA\Defects4J_Projects\JacksonCore_25_b'...
done.
Updating files:  75% (4225/5597)
Updating files:  76% (4254/5597)
Updating files:  77% (4310/5597)
Updating files:  78% (4366/5597)
Updating files:  79% (4422/5597)
Updating files:  80% (4478/5597)
Updating files:  81% (4534/5597)
Updating files:  82% (4590/5597)
Updating files:  83% (4646/5597)
Updating files:  84% (4702/5597)
Updating files:  85% (4758/5597)
Updating files:  86% (4814/5597)
Updating files:  87% (4870/5597)
Updating files:  88% (4926/5597)
Updating files:  89% (4982/5597)
Updating files:  90% (5038/5597)
Updating files:  91% (5094/5597)
Updating files:  92% (5150/5597)
Updating files:  93% (5206/5597)
Updating files:  94% (5262/5597)
Updating files:  95% (5318/5597)
Updating files:  96% (5374/5597)
Updating files:  97% (5430/5597)
Updating files:  98% (5486/5597)
Updating files:  99% (5542/5597)
Updating files: 100% (5597/5597)
Updating files: 100% (5597/5597), done.
fatal: unable to read tree (ad47c206f4fbf22f439f3d66871757891f549f6a)
Cannot checkout program version! at D:/Lab_SQA/defects4j/framework/bin/d4j/d4j-checkout line 96.
Compilation failed in require at D:\Lab_SQA\defects4j\framework\bin\defects4j line 195."
JacksonCore,26,CATG,default,1,0,False,error,0,0,False,0,0,0,0,0,0,0.0,"STATUS:ERROR:checkout JacksonCore-26b failed at D:\Lab_SQA\Defects4J_Projects\JacksonCore_26_b: exit=128
Checking out d83ce8ae to D:\Lab_SQA\Defects4J_Projects\JacksonCore_26_b.... FAIL
Executed command: git clone D:/Lab_SQA/defects4j/project_repos/jackson-core.git D:\Lab_SQA\Defects4J_Projects\JacksonCore_26_b 2>&1 && cd D:\Lab_SQA\Defects4J_Projects\JacksonCore_26_b && git checkout d83ce8aec99f4e99afdf8fd172d77ce771f8ea35 2>&1
Cloning into 'D:\Lab_SQA\Defects4J_Projects\JacksonCore_26_b'...
done.
Updating files:  69% (3912/5597)
Updating files:  70% (3918/5597)
Updating files:  71% (3974/5597)
Updating files:  72% (4030/5597)
Updating files:  73% (4086/5597)
Updating files:  74% (4142/5597)
Updating files:  75% (4198/5597)
Updating files:  76% (4254/5597)
Updating files:  77% (4310/5597)
Updating files:  78% (4366/5597)
Updating files:  79% (4422/5597)
Updating files:  80% (4478/5597)
Updating files:  81% (4534/5597)
Updating files:  82% (4590/5597)
Updating files:  83% (4646/5597)
Updating files:  84% (4702/5597)
Updating files:  85% (4758/5597)
Updating files:  86% (4814/5597)
Updating files:  87% (4870/5597)
Updating files:  88% (4926/5597)
Updating files:  89% (4982/5597)
Updating files:  90% (5038/5597)
Updating files:  91% (5094/5597)
Updating files:  92% (5150/5597)
Updating files:  93% (5206/5597)
Updating files:  94% (5262/5597)
Updating files:  95% (5318/5597)
Updating files:  96% (5374/5597)
Updating files:  97% (5430/5597)
Updating files:  98% (5486/5597)
Updating files:  99% (5542/5597)
Updating files: 100% (5597/5597)
Updating files: 100% (5597/5597), done.
fatal: unable to read tree (d83ce8aec99f4e99afdf8fd172d77ce771f8ea35)
Cannot checkout program version! at D:/Lab_SQA/defects4j/framework/bin/d4j/d4j-checkout line 96.
Compilation failed in require at D:\Lab_SQA\defects4j\framework\bin\defects4j line 195."
JacksonDatabind,1,CATG,default,1,0,False,error,0,0,False,0,0,0,0,0,0,0.0,"STATUS:ERROR:checkout JacksonDatabind-1b failed at D:\Lab_SQA\Defects4J_Projects\JacksonDatabind_1_b: exit=128
Checking out 88f44d87 to D:\Lab_SQA\Defects4J_Projects\JacksonDatabind_1_b. FAIL
Executed command: git clone D:/Lab_SQA/defects4j/project_repos/jackson-databind.git D:\Lab_SQA\Defects4J_Projects\JacksonDatabind_1_b 2>&1 && cd D:\Lab_SQA\Defects4J_Projects\JacksonDatabind_1_b && git checkout 88f44d87d4c2251d7cf55d9aa9c3452a397ae19b 2>&1
Cloning into 'D:\Lab_SQA\Defects4J_Projects\JacksonDatabind_1_b'...
done.
Updating files:  19% (3907/20033)
Updating files:  20% (4007/20033)
Updating files:  21% (4207/20033)
Updating files:  22% (4408/20033)
Updating files:  23% (4608/20033)
Updating files:  24% (4808/20033)
Updating files:  25% (5009/20033)
Updating files:  26% (5209/20033)
Updating files:  27% (5409/20033)
Updating files:  28% (5610/20033)
Updating files:  29% (5810/20033)
Updating files:  30% (6010/20033)
Updating files:  31% (6211/20033)
Updating files:  32% (6411/20033)
Updating files:  33% (6611/20033)
Updating files:  33% (6665/20033)
Updating files:  34% (6812/20033)
Updating files:  35% (7012/20033)
Updating files:  36% (7212/20033)
Updating files:  37% (7413/20033)
Updating files:  38% (7613/20033)
Updating files:  39% (7813/20033)
Updating files:  40% (8014/20033)
Updating files:  41% (8214/20033)
Updating files:  42% (8414/20033)
Updating files:  43% (8615/20033)
Updating files:  44% (8815/20033)
Updating files:  45% (9015/20033)
Updating files:  46% (9216/20033)
Updating files:  47% (9416/20033)
Updating files:  48% (9616/20033)
Updating files:  49% (9817/20033)
Updating files:  50% (10017/20033)
Updating files:  51% (10217/20033)
Updating files:  51% (10296/20033)
Updating files:  52% (10418/20033)
Updating files:  53% (10618/20033)
Updating files:  54% (10818/20033)
Updating files:  55% (11019/20033)
Updating files:  56% (11219/20033)
Updating files:  57% (11419/20033)
Updating files:  58% (11620/20033)
Updating files:  59% (11820/20033)
Updating files:  60% (12020/20033)
Updating files:  61% (12221/20033)
Updating files:  62% (12421/20033)
Updating files:  63% (12621/20033)
Updating files:  64% (12822/20033)
Updating files:  65% (13022/20033)
Updating files:  66% (13222/20033)
Updating files:  67% (13423/20033)
Updating files:  68% (13623/20033)
Updating files:  68% (13767/20033)
Updating files:  69% (13823/20033)
Updating files:  70% (14024/20033)
Updating files:  71% (14224/20033)
Updating files:  72% (14424/20033)
Updating files:  73% (14625/20033)
Updating files:  74% (14825/20033)
Updating files:  75% (15025/20033)
Updating files:  76% (15226/20033)
Updating files:  77% (15426/20033)
Updating files:  78% (15626/20033)
Updating files:  79% (15827/20033)
Updating files:  80% (16027/20033)
Updating files:  81% (16227/20033)
Updating files:  82% (16428/20033)
Updating files:  83% (16628/20033)
Updating files:  84% (16828/20033)
Updating files:  85% (17029/20033)
Updating files:  86% (17229/20033)
Updating files:  86% (17378/20033)
Updating files:  87% (17429/20033)
Updating files:  88% (17630/20033)
Updating files:  89% (17830/20033)
Updating files:  90% (18030/20033)
Updating files:  91% (18231/20033)
Updating files:  92% (18431/20033)
Updating files:  93% (18631/20033)
Updating files:  94% (18832/20033)
Updating files:  95% (19032/20033)
Updating files:  96% (19232/20033)
Updating files:  97% (19433/20033)
Updating files:  98% (19633/20033)
Updating files:  99% (19833/20033)
Updating files: 100% (20033/20033)
Updating files: 100% (20033/20033), done.
fatal: unable to read tree (88f44d87d4c2251d7cf55d9aa9c3452a397ae19b)
Cannot checkout program version! at D:/Lab_SQA/defects4j/framework/bin/d4j/d4j-checkout line 96.
Compilation failed in require at D:\Lab_SQA\defects4j\framework\bin\defects4j line 195."
JacksonDatabind,2,CATG,default,1,0,False,error,0,0,False,0,0,0,0,0,0,0.0,"STATUS:ERROR:checkout JacksonDatabind-2b failed at D:\Lab_SQA\Defects4J_Projects\JacksonDatabind_2_b: exit=128
Checking out 9c5fec23 to D:\Lab_SQA\Defects4J_Projects\JacksonDatabind_2_b. FAIL
Executed command: git clone D:/Lab_SQA/defects4j/project_repos/jackson-databind.git D:\Lab_SQA\Defects4J_Projects\JacksonDatabind_2_b 2>&1 && cd D:\Lab_SQA\Defects4J_Projects\JacksonDatabind_2_b && git checkout 9c5fec2302237ede0e797c13c0663a6bb52c798c 2>&1
Cloning into 'D:\Lab_SQA\Defects4J_Projects\JacksonDatabind_2_b'...
done.
Updating files:  16% (3335/20033)
Updating files:  17% (3406/20033)
Updating files:  18% (3606/20033)
Updating files:  19% (3807/20033)
Updating files:  20% (4007/20033)
Updating files:  21% (4207/20033)
Updating files:  22% (4408/20033)
Updating files:  23% (4608/20033)
Updating files:  24% (4808/20033)
Updating files:  25% (5009/20033)
Updating files:  26% (5209/20033)
Updating files:  27% (5409/20033)
Updating files:  28% (5610/20033)
Updating files:  29% (5810/20033)
Updating files:  30% (6010/20033)
Updating files:  31% (6211/20033)
Updating files:  32% (6411/20033)
Updating files:  33% (6611/20033)
Updating files:  34% (6812/20033)
Updating files:  34% (6890/20033)
Updating files:  35% (7012/20033)
Updating files:  36% (7212/20033)
Updating files:  37% (7413/20033)
Updating files:  38% (7613/20033)
Updating files:  39% (7813/20033)
Updating files:  40% (8014/20033)
Updating files:  41% (8214/20033)
Updating files:  42% (8414/20033)
Updating files:  43% (8615/20033)
Updating files:  44% (8815/20033)
Updating files:  45% (9015/20033)
Updating files:  46% (9216/20033)
Updating files:  47% (9416/20033)
Updating files:  48% (9616/20033)
Updating files:  49% (9817/20033)
Updating files:  50% (10017/20033)
Updating files:  51% (10217/20033)
Updating files:  52% (10418/20033)
Updating files:  52% (10480/20033)
Updating files:  53% (10618/20033)
Updating files:  54% (10818/20033)
Updating files:  55% (11019/20033)
Updating files:  56% (11219/20033)
Updating files:  57% (11419/20033)
Updating files:  58% (11620/20033)
Updating files:  59% (11820/20033)
Updating files:  60% (12020/20033)
Updating files:  61% (12221/20033)
Updating files:  62% (12421/20033)
Updating files:  63% (12621/20033)
Updating files:  64% (12822/20033)
Updating files:  65% (13022/20033)
Updating files:  66% (13222/20033)
Updating files:  67% (13423/20033)
Updating files:  68% (13623/20033)
Updating files:  69% (13823/20033)
Updating files:  70% (14024/20033)
Updating files:  71% (14224/20033)
Updating files:  72% (14424/20033)
Updating files:  72% (14540/20033)
Updating files:  73% (14625/20033)
Updating files:  74% (14825/20033)
Updating files:  75% (15025/20033)
Updating files:  76% (15226/20033)
Updating files:  77% (15426/20033)
Updating files:  78% (15626/20033)
Updating files:  79% (15827/20033)
Updating files:  80% (16027/20033)
Updating files:  81% (16227/20033)
Updating files:  82% (16428/20033)
Updating files:  83% (16628/20033)
Updating files:  84% (16828/20033)
Updating files:  85% (17029/20033)
Updating files:  86% (17229/20033)
Updating files:  87% (17429/20033)
Updating files:  88% (17630/20033)
Updating files:  89% (17830/20033)
Updating files:  90% (18030/20033)
Updating files:  91% (18231/20033)
Updating files:  91% (18249/20033)
Updating files:  92% (18431/20033)
Updating files:  93% (18631/20033)
Updating files:  94% (18832/20033)
Updating files:  95% (19032/20033)
Updating files:  96% (19232/20033)
Updating files:  97% (19433/20033)
Updating files:  98% (19633/20033)
Updating files:  99% (19833/20033)
Updating files: 100% (20033/20033)
Updating files: 100% (20033/20033), done.
fatal: unable to read tree (9c5fec2302237ede0e797c13c0663a6bb52c798c)
Cannot checkout program version! at D:/Lab_SQA/defects4j/framework/bin/d4j/d4j-checkout line 96.
Compilation failed in require at D:\Lab_SQA\defects4j\framework\bin\defects4j line 195."
JacksonDatabind,3,CATG,default,1,0,False,error,0,0,False,0,0,0,0,0,0,0.0,"STATUS:ERROR:checkout JacksonDatabind-3b failed at D:\Lab_SQA\Defects4J_Projects\JacksonDatabind_3_b: exit=128
Checking out fa1d9925 to D:\Lab_SQA\Defects4J_Projects\JacksonDatabind_3_b. FAIL
Executed command: git clone D:/Lab_SQA/defects4j/project_repos/jackson-databind.git D:\Lab_SQA\Defects4J_Projects\JacksonDatabind_3_b 2>&1 && cd D:\Lab_SQA\Defects4J_Projects\JacksonDatabind_3_b && git checkout fa1d99255915f21c868f28307fd6e3adb2029ea0 2>&1
Cloning into 'D:\Lab_SQA\Defects4J_Projects\JacksonDatabind_3_b'...
done.
Updating files:  19% (3994/20033)
Updating files:  20% (4007/20033)
Updating files:  21% (4207/20033)
Updating files:  22% (4408/20033)
Updating files:  23% (4608/20033)
Updating files:  24% (4808/20033)
Updating files:  25% (5009/20033)
Updating files:  26% (5209/20033)
Updating files:  27% (5409/20033)
Updating files:  28% (5610/20033)
Updating files:  29% (5810/20033)
Updating files:  30% (6010/20033)
Updating files:  31% (6211/20033)
Updating files:  32% (6411/20033)
Updating files:  33% (6611/20033)
Updating files:  33% (6706/20033)
Updating files:  34% (6812/20033)
Updating files:  35% (7012/20033)
Updating files:  36% (7212/20033)
Updating files:  37% (7413/20033)
Updating files:  38% (7613/20033)
Updating files:  39% (7813/20033)
Updating files:  40% (8014/20033)
Updating files:  41% (8214/20033)
Updating files:  42% (8414/20033)
Updating files:  43% (8615/20033)
Updating files:  44% (8815/20033)
Updating files:  45% (9015/20033)
Updating files:  46% (9216/20033)
Updating files:  47% (9416/20033)
Updating files:  47% (9555/20033)
Updating files:  48% (9616/20033)
Updating files:  49% (9817/20033)
Updating files:  50% (10017/20033)
Updating files:  51% (10217/20033)
Updating files:  52% (10418/20033)
Updating files:  53% (10618/20033)
Updating files:  54% (10818/20033)
Updating files:  55% (11019/20033)
Updating files:  56% (11219/20033)
Updating files:  57% (11419/20033)
Updating files:  58% (11620/20033)
Updating files:  59% (11820/20033)
Updating files:  60% (12020/20033)
Updating files:  61% (12221/20033)
Updating files:  62% (12421/20033)
Updating files:  63% (12621/20033)
Updating files:  64% (12822/20033)
Updating files:  65% (13022/20033)
Updating files:  65% (13048/20033)
Updating files:  66% (13222/20033)
Updating files:  67% (13423/20033)
Updating files:  68% (13623/20033)
Updating files:  69% (13823/20033)
Updating files:  70% (14024/20033)
Updating files:  71% (14224/20033)
Updating files:  72% (14424/20033)
Updating files:  73% (14625/20033)
Updating files:  74% (14825/20033)
Updating files:  75% (15025/20033)
Updating files:  76% (15226/20033)
Updating files:  77% (15426/20033)
Updating files:  78% (15626/20033)
Updating files:  79% (15827/20033)
Updating files:  80% (16027/20033)
Updating files:  81% (16227/20033)
Updating files:  82% (16428/20033)
Updating files:  82% (16561/20033)
Updating files:  83% (16628/20033)
Updating files:  84% (16828/20033)
Updating files:  85% (17029/20033)
Updating files:  86% (17229/20033)
Updating files:  87% (17429/20033)
Updating files:  88% (17630/20033)
Updating files:  89% (17830/20033)
Updating files:  90% (18030/20033)
Updating files:  91% (18231/20033)
Updating files:  92% (18431/20033)
Updating files:  93% (18631/20033)
Updating files:  94% (18832/20033)
Updating files:  95% (19032/20033)
Updating files:  96% (19232/20033)
Updating files:  97% (19433/20033)
Updating files:  98% (19633/20033)
Updating files:  99% (19833/20033)
Updating files: 100% (20033/20033)
Updating files: 100% (20033/20033), done.
fatal: unable to read tree (fa1d99255915f21c868f28307fd6e3adb2029ea0)
Cannot checkout program version! at D:/Lab_SQA/defects4j/framework/bin/d4j/d4j-checkout line 96.
Compilation failed in require at D:\Lab_SQA\defects4j\framework\bin\defects4j line 195."
JacksonDatabind,4,CATG,default,1,0,False,error,0,0,False,0,0,0,0,0,0,0.0,"STATUS:ERROR:checkout JacksonDatabind-4b failed at D:\Lab_SQA\Defects4J_Projects\JacksonDatabind_4_b: exit=128
Checking out 9e080e29 to D:\Lab_SQA\Defects4J_Projects\JacksonDatabind_4_b. FAIL
Executed command: git clone D:/Lab_SQA/defects4j/project_repos/jackson-databind.git D:\Lab_SQA\Defects4J_Projects\JacksonDatabind_4_b 2>&1 && cd D:\Lab_SQA\Defects4J_Projects\JacksonDatabind_4_b && git checkout 9e080e298d8c0cfd7d77a56eb93d85a5da322555 2>&1
Cloning into 'D:\Lab_SQA\Defects4J_Projects\JacksonDatabind_4_b'...
done.
Updating files:  17% (3490/20033)
Updating files:  18% (3606/20033)
Updating files:  19% (3807/20033)
Updating files:  20% (4007/20033)
Updating files:  21% (4207/20033)
Updating files:  22% (4408/20033)
Updating files:  23% (4608/20033)
Updating files:  24% (4808/20033)
Updating files:  25% (5009/20033)
Updating files:  26% (5209/20033)
Updating files:  27% (5409/20033)
Updating files:  28% (5610/20033)
Updating files:  29% (5810/20033)
Updating files:  30% (6010/20033)
Updating files:  31% (6211/20033)
Updating files:  32% (6411/20033)
Updating files:  32% (6501/20033)
Updating files:  33% (6611/20033)
Updating files:  34% (6812/20033)
Updating files:  35% (7012/20033)
Updating files:  36% (7212/20033)
Updating files:  37% (7413/20033)
Updating files:  38% (7613/20033)
Updating files:  39% (7813/20033)
Updating files:  40% (8014/20033)
Updating files:  41% (8214/20033)
Updating files:  42% (8414/20033)
Updating files:  43% (8615/20033)
Updating files:  44% (8815/20033)
Updating files:  45% (9015/20033)
Updating files:  46% (9216/20033)
Updating files:  46% (9323/20033)
Updating files:  47% (9416/20033)
Updating files:  48% (9616/20033)
Updating files:  49% (9817/20033)
Updating files:  50% (10017/20033)
Updating files:  51% (10217/20033)
Updating files:  52% (10418/20033)
Updating files:  53% (10618/20033)
Updating files:  54% (10818/20033)
Updating files:  55% (11019/20033)
Updating files:  56% (11219/20033)
Updating files:  57% (11419/20033)
Updating files:  58% (11620/20033)
Updating files:  59% (11820/20033)
Updating files:  60% (12020/20033)
Updating files:  61% (12221/20033)
Updating files:  62% (12421/20033)
Updating files:  63% (12621/20033)
Updating files:  64% (12822/20033)
Updating files:  65% (13022/20033)
Updating files:  65% (13143/20033)
Updating files:  66% (13222/20033)
Updating files:  67% (13423/20033)
Updating files:  68% (13623/20033)
Updating files:  69% (13823/20033)
Updating files:  70% (14024/20033)
Updating files:  71% (14224/20033)
Updating files:  72% (14424/20033)
Updating files:  73% (14625/20033)
Updating files:  74% (14825/20033)
Updating files:  75% (15025/20033)
Updating files:  76% (15226/20033)
Updating files:  77% (15426/20033)
Updating files:  78% (15626/20033)
Updating files:  79% (15827/20033)
Updating files:  80% (16027/20033)
Updating files:  81% (16227/20033)
Updating files:  82% (16428/20033)
Updating files:  83% (16628/20033)
Updating files:  83% (16704/20033)
Updating files:  84% (16828/20033)
Updating files:  85% (17029/20033)
Updating files:  86% (17229/20033)
Updating files:  87% (17429/20033)
Updating files:  88% (17630/20033)
Updating files:  89% (17830/20033)
Updating files:  90% (18030/20033)
Updating files:  91% (18231/20033)
Updating files:  92% (18431/20033)
Updating files:  93% (18631/20033)
Updating files:  94% (18832/20033)
Updating files:  95% (19032/20033)
Updating files:  96% (19232/20033)
Updating files:  97% (19433/20033)
Updating files:  98% (19633/20033)
Updating files:  99% (19833/20033)
Updating files: 100% (20033/20033)
Updating files: 100% (20033/20033), done.
fatal: unable to read tree (9e080e298d8c0cfd7d77a56eb93d85a5da322555)
Cannot checkout program version! at D:/Lab_SQA/defects4j/framework/bin/d4j/d4j-checkout line 96.
Compilation failed in require at D:\Lab_SQA\defects4j\framework\bin\defects4j line 195."
JacksonDatabind,5,CATG,default,1,0,False,error,0,0,False,0,0,0,0,0,0,0.0,"STATUS:ERROR:checkout JacksonDatabind-5b failed at D:\Lab_SQA\Defects4J_Projects\JacksonDatabind_5_b: exit=123
Checking out fd0f1fef to D:\Lab_SQA\Defects4J_Projects\JacksonDatabind_5_b. OK
Init local repository...................................................... OK
Tag post-fix revision...................................................... OK
Apply patch................................................................ OK
Apply patch................................................................ OK
Correct Module ambiguity 1................................................. sed: can't read D:Lab_SQADefects4J_ProjectsJacksonDatabind_5_b/src/main/java/com/fasterxml/jackson/databind/module/SimpleModule.java: No such file or directory
sed: can't read D:Lab_SQADefects4J_ProjectsJacksonDatabind_5_b/src/test/java/com/fasterxml/jackson/databind/creators/TestCreatorNullValue.java: No such file or directory
sed: can't read D:Lab_SQADefects4J_ProjectsJacksonDatabind_5_b/src/test/java/com/fasterxml/jackson/databind/module/TestSimpleModule.java: No such file or directory
FAIL
Executed command: grep -lR ' extends Module$' D:\Lab_SQA\Defects4J_Projects\JacksonDatabind_5_b | xargs sed -i'.bak' -e 's/ extends Module$/ extends com.fasterxml.jackson.databind.Module/'
Died at D:/Lab_SQA/defects4j/framework/core/Project/JacksonDatabind.pm line 93.
Compilation failed in require at D:\Lab_SQA\defects4j\framework\bin\defects4j line 195."
JacksonDatabind,6,CATG,default,1,0,False,error,0,0,False,0,0,0,0,0,0,0.0,"STATUS:ERROR:checkout JacksonDatabind-6b failed at D:\Lab_SQA\Defects4J_Projects\JacksonDatabind_6_b: exit=123
Checking out 5e799a2e to D:\Lab_SQA\Defects4J_Projects\JacksonDatabind_6_b. OK
Init local repository...................................................... OK
Tag post-fix revision...................................................... OK
Apply patch................................................................ OK
Apply patch................................................................ OK
Correct Module ambiguity 1................................................. sed: can't read D:Lab_SQADefects4J_ProjectsJacksonDatabind_6_b/src/main/java/com/fasterxml/jackson/databind/module/SimpleModule.java: No such file or directory
sed: can't read D:Lab_SQADefects4J_ProjectsJacksonDatabind_6_b/src/test/java/com/fasterxml/jackson/databind/creators/TestCreatorNullValue.java: No such file or directory
sed: can't read D:Lab_SQADefects4J_ProjectsJacksonDatabind_6_b/src/test/java/com/fasterxml/jackson/databind/module/TestSimpleModule.java: No such file or directory
FAIL
Executed command: grep -lR ' extends Module$' D:\Lab_SQA\Defects4J_Projects\JacksonDatabind_6_b | xargs sed -i'.bak' -e 's/ extends Module$/ extends com.fasterxml.jackson.databind.Module/'
Died at D:/Lab_SQA/defects4j/framework/core/Project/JacksonDatabind.pm line 93.
Compilation failed in require at D:\Lab_SQA\defects4j\framework\bin\defects4j line 195."
JacksonDatabind,7,CATG,default,1,0,False,error,0,0,False,0,0,0,0,0,0,0.0,"STATUS:ERROR:checkout JacksonDatabind-7b failed at D:\Lab_SQA\Defects4J_Projects\JacksonDatabind_7_b: exit=123
Checking out bcccd3e8 to D:\Lab_SQA\Defects4J_Projects\JacksonDatabind_7_b. OK
Init local repository...................................................... OK
Tag post-fix revision...................................................... OK
Apply patch................................................................ OK
Apply patch................................................................ OK
Correct Module ambiguity 1................................................. sed: can't read D:Lab_SQADefects4J_ProjectsJacksonDatabind_7_b/src/main/java/com/fasterxml/jackson/databind/module/SimpleModule.java: No such file or directory
sed: can't read D:Lab_SQADefects4J_ProjectsJacksonDatabind_7_b/src/test/java/com/fasterxml/jackson/databind/creators/TestCreatorNullValue.java: No such file or directory
sed: can't read D:Lab_SQADefects4J_ProjectsJacksonDatabind_7_b/src/test/java/com/fasterxml/jackson/databind/module/TestSimpleModule.java: No such file or directory
FAIL
Executed command: grep -lR ' extends Module$' D:\Lab_SQA\Defects4J_Projects\JacksonDatabind_7_b | xargs sed -i'.bak' -e 's/ extends Module$/ extends com.fasterxml.jackson.databind.Module/'
Died at D:/Lab_SQA/defects4j/framework/core/Project/JacksonDatabind.pm line 93.
Compilation failed in require at D:\Lab_SQA\defects4j\framework\bin\defects4j line 195."
JacksonDatabind,8,CATG,default,1,0,False,error,0,0,False,0,0,0,0,0,0,0.0,"STATUS:ERROR:checkout JacksonDatabind-8b failed at D:\Lab_SQA\Defects4J_Projects\JacksonDatabind_8_b: exit=123
Checking out 3b041e3b to D:\Lab_SQA\Defects4J_Projects\JacksonDatabind_8_b. OK
Init local repository...................................................... OK
Tag post-fix revision...................................................... OK
Apply patch................................................................ OK
Apply patch................................................................ OK
Correct Module ambiguity 1................................................. sed: can't read D:Lab_SQADefects4J_ProjectsJacksonDatabind_8_b/src/main/java/com/fasterxml/jackson/databind/module/SimpleModule.java: No such file or directory
sed: can't read D:Lab_SQADefects4J_ProjectsJacksonDatabind_8_b/src/test/java/com/fasterxml/jackson/databind/creators/TestCreatorNullValue.java: No such file or directory
sed: can't read D:Lab_SQADefects4J_ProjectsJacksonDatabind_8_b/src/test/java/com/fasterxml/jackson/databind/module/TestSimpleModule.java: No such file or directory
FAIL
Executed command: grep -lR ' extends Module$' D:\Lab_SQA\Defects4J_Projects\JacksonDatabind_8_b | xargs sed -i'.bak' -e 's/ extends Module$/ extends com.fasterxml.jackson.databind.Module/'
Died at D:/Lab_SQA/defects4j/framework/core/Project/JacksonDatabind.pm line 93.
Compilation failed in require at D:\Lab_SQA\defects4j\framework\bin\defects4j line 195."
JacksonDatabind,9,CATG,default,1,0,False,error,0,0,False,0,0,0,0,0,0,0.0,"STATUS:ERROR:checkout JacksonDatabind-9b failed at D:\Lab_SQA\Defects4J_Projects\JacksonDatabind_9_b: exit=123
Checking out 00bb11ed to D:\Lab_SQA\Defects4J_Projects\JacksonDatabind_9_b. OK
Init local repository...................................................... OK
Tag post-fix revision...................................................... OK
Apply patch................................................................ OK
Apply patch................................................................ OK
Correct Module ambiguity 1................................................. sed: can't read D:Lab_SQADefects4J_ProjectsJacksonDatabind_9_b/src/main/java/com/fasterxml/jackson/databind/module/SimpleModule.java: No such file or directory
sed: can't read D:Lab_SQADefects4J_ProjectsJacksonDatabind_9_b/src/test/java/com/fasterxml/jackson/databind/creators/TestCreatorNullValue.java: No such file or directory
sed: can't read D:Lab_SQADefects4J_ProjectsJacksonDatabind_9_b/src/test/java/com/fasterxml/jackson/databind/module/TestSimpleModule.java: No such file or directory
FAIL
Executed command: grep -lR ' extends Module$' D:\Lab_SQA\Defects4J_Projects\JacksonDatabind_9_b | xargs sed -i'.bak' -e 's/ extends Module$/ extends com.fasterxml.jackson.databind.Module/'
Died at D:/Lab_SQA/defects4j/framework/core/Project/JacksonDatabind.pm line 93.
Compilation failed in require at D:\Lab_SQA\defects4j\framework\bin\defects4j line 195."
JacksonDatabind,10,CATG,default,1,0,False,error,0,0,False,0,0,0,0,0,0,0.0,"STATUS:ERROR:checkout JacksonDatabind-10b failed at D:\Lab_SQA\Defects4J_Projects\JacksonDatabind_10_b: exit=123
Checking out 466f7069 to D:\Lab_SQA\Defects4J_Projects\JacksonDatabind_10_b OK
Init local repository...................................................... OK
Tag post-fix revision...................................................... OK
Apply patch................................................................ OK
Apply patch................................................................ OK
Correct Module ambiguity 1................................................. sed: can't read D:Lab_SQADefects4J_ProjectsJacksonDatabind_10_b/src/main/java/com/fasterxml/jackson/databind/module/SimpleModule.java: No such file or directory
sed: can't read D:Lab_SQADefects4J_ProjectsJacksonDatabind_10_b/src/test/java/com/fasterxml/jackson/databind/creators/TestCreatorNullValue.java: No such file or directory
sed: can't read D:Lab_SQADefects4J_ProjectsJacksonDatabind_10_b/src/test/java/com/fasterxml/jackson/databind/module/TestSimpleModule.java: No such file or directory
FAIL
Executed command: grep -lR ' extends Module$' D:\Lab_SQA\Defects4J_Projects\JacksonDatabind_10_b | xargs sed -i'.bak' -e 's/ extends Module$/ extends com.fasterxml.jackson.databind.Module/'
Died at D:/Lab_SQA/defects4j/framework/core/Project/JacksonDatabind.pm line 93.
Compilation failed in require at D:\Lab_SQA\defects4j\framework\bin\defects4j line 195."
JacksonDatabind,11,CATG,default,1,0,False,error,0,0,False,0,0,0,0,0,0,0.0,"STATUS:ERROR:checkout JacksonDatabind-11b failed at D:\Lab_SQA\Defects4J_Projects\JacksonDatabind_11_b: exit=123
Checking out 66bfe665 to D:\Lab_SQA\Defects4J_Projects\JacksonDatabind_11_b OK
Init local repository...................................................... OK
Tag post-fix revision...................................................... OK
Apply patch................................................................ OK
Apply patch................................................................ OK
Correct Module ambiguity 1................................................. sed: can't read D:Lab_SQADefects4J_ProjectsJacksonDatabind_11_b/src/main/java/com/fasterxml/jackson/databind/module/SimpleModule.java: No such file or directory
sed: can't read D:Lab_SQADefects4J_ProjectsJacksonDatabind_11_b/src/test/java/com/fasterxml/jackson/databind/creators/TestCreatorNullValue.java: No such file or directory
sed: can't read D:Lab_SQADefects4J_ProjectsJacksonDatabind_11_b/src/test/java/com/fasterxml/jackson/databind/module/TestSimpleModule.java: No such file or directory
FAIL
Executed command: grep -lR ' extends Module$' D:\Lab_SQA\Defects4J_Projects\JacksonDatabind_11_b | xargs sed -i'.bak' -e 's/ extends Module$/ extends com.fasterxml.jackson.databind.Module/'
Died at D:/Lab_SQA/defects4j/framework/core/Project/JacksonDatabind.pm line 93.
Compilation failed in require at D:\Lab_SQA\defects4j\framework\bin\defects4j line 195."
JacksonDatabind,13,CATG,default,1,0,False,error,0,0,False,0,0,0,0,0,0,0.0,"STATUS:ERROR:checkout JacksonDatabind-13b failed at D:\Lab_SQA\Defects4J_Projects\JacksonDatabind_13_b: exit=123
Checking out 59af571c to D:\Lab_SQA\Defects4J_Projects\JacksonDatabind_13_b OK
Init local repository...................................................... OK
Tag post-fix revision...................................................... OK
Apply patch................................................................ OK
Apply patch................................................................ OK
Correct Module ambiguity 1................................................. sed: can't read D:Lab_SQADefects4J_ProjectsJacksonDatabind_13_b/src/main/java/com/fasterxml/jackson/databind/module/SimpleModule.java: No such file or directory
sed: can't read D:Lab_SQADefects4J_ProjectsJacksonDatabind_13_b/src/test/java/com/fasterxml/jackson/databind/creators/TestCreatorNullValue.java: No such file or directory
sed: can't read D:Lab_SQADefects4J_ProjectsJacksonDatabind_13_b/src/test/java/com/fasterxml/jackson/databind/module/TestSimpleModule.java: No such file or directory
FAIL
Executed command: grep -lR ' extends Module$' D:\Lab_SQA\Defects4J_Projects\JacksonDatabind_13_b | xargs sed -i'.bak' -e 's/ extends Module$/ extends com.fasterxml.jackson.databind.Module/'
Died at D:/Lab_SQA/defects4j/framework/core/Project/JacksonDatabind.pm line 93.
Compilation failed in require at D:\Lab_SQA\defects4j\framework\bin\defects4j line 195."
JacksonDatabind,12,CATG,default,1,0,False,error,0,0,False,0,0,0,0,0,0,0.0,"STATUS:ERROR:checkout JacksonDatabind-12b failed at D:\Lab_SQA\Defects4J_Projects\JacksonDatabind_12_b: exit=123
Checking out 1d57c20d to D:\Lab_SQA\Defects4J_Projects\JacksonDatabind_12_b OK
Init local repository...................................................... OK
Tag post-fix revision...................................................... OK
Apply patch................................................................ OK
Apply patch................................................................ OK
Correct Module ambiguity 1................................................. sed: can't read D:Lab_SQADefects4J_ProjectsJacksonDatabind_12_b/src/main/java/com/fasterxml/jackson/databind/module/SimpleModule.java: No such file or directory
sed: can't read D:Lab_SQADefects4J_ProjectsJacksonDatabind_12_b/src/test/java/com/fasterxml/jackson/databind/creators/TestCreatorNullValue.java: No such file or directory
sed: can't read D:Lab_SQADefects4J_ProjectsJacksonDatabind_12_b/src/test/java/com/fasterxml/jackson/databind/module/TestSimpleModule.java: No such file or directory
FAIL
Executed command: grep -lR ' extends Module$' D:\Lab_SQA\Defects4J_Projects\JacksonDatabind_12_b | xargs sed -i'.bak' -e 's/ extends Module$/ extends com.fasterxml.jackson.databind.Module/'
Died at D:/Lab_SQA/defects4j/framework/core/Project/JacksonDatabind.pm line 93.
Compilation failed in require at D:\Lab_SQA\defects4j\framework\bin\defects4j line 195."
JacksonDatabind,14,CATG,default,1,0,False,error,0,0,False,0,0,0,0,0,0,0.0,"STATUS:ERROR:checkout JacksonDatabind-14b failed at D:\Lab_SQA\Defects4J_Projects\JacksonDatabind_14_b: exit=123
Checking out 817a45a0 to D:\Lab_SQA\Defects4J_Projects\JacksonDatabind_14_b OK
Init local repository...................................................... OK
Tag post-fix revision...................................................... OK
Apply patch................................................................ OK
Apply patch................................................................ OK
Correct Module ambiguity 1................................................. sed: can't read D:Lab_SQADefects4J_ProjectsJacksonDatabind_14_b/src/main/java/com/fasterxml/jackson/databind/module/SimpleModule.java: No such file or directory
sed: can't read D:Lab_SQADefects4J_ProjectsJacksonDatabind_14_b/src/test/java/com/fasterxml/jackson/databind/creators/TestCreatorNullValue.java: No such file or directory
sed: can't read D:Lab_SQADefects4J_ProjectsJacksonDatabind_14_b/src/test/java/com/fasterxml/jackson/databind/module/TestSimpleModule.java: No such file or directory
FAIL
Executed command: grep -lR ' extends Module$' D:\Lab_SQA\Defects4J_Projects\JacksonDatabind_14_b | xargs sed -i'.bak' -e 's/ extends Module$/ extends com.fasterxml.jackson.databind.Module/'
Died at D:/Lab_SQA/defects4j/framework/core/Project/JacksonDatabind.pm line 93.
Compilation failed in require at D:\Lab_SQA\defects4j\framework\bin\defects4j line 195."
JacksonDatabind,15,CATG,default,1,0,False,error,0,0,False,0,0,0,0,0,0,0.0,"STATUS:ERROR:checkout JacksonDatabind-15b failed at D:\Lab_SQA\Defects4J_Projects\JacksonDatabind_15_b: exit=123
Checking out 119ddc97 to D:\Lab_SQA\Defects4J_Projects\JacksonDatabind_15_b OK
Init local repository...................................................... OK
Tag post-fix revision...................................................... OK
Apply patch................................................................ OK
Apply patch................................................................ OK
Correct Module ambiguity 1................................................. sed: can't read D:Lab_SQADefects4J_ProjectsJacksonDatabind_15_b/src/main/java/com/fasterxml/jackson/databind/module/SimpleModule.java: No such file or directory
sed: can't read D:Lab_SQADefects4J_ProjectsJacksonDatabind_15_b/src/test/java/com/fasterxml/jackson/databind/creators/TestCreatorNullValue.java: No such file or directory
sed: can't read D:Lab_SQADefects4J_ProjectsJacksonDatabind_15_b/src/test/java/com/fasterxml/jackson/databind/module/TestSimpleModule.java: No such file or directory
FAIL
Executed command: grep -lR ' extends Module$' D:\Lab_SQA\Defects4J_Projects\JacksonDatabind_15_b | xargs sed -i'.bak' -e 's/ extends Module$/ extends com.fasterxml.jackson.databind.Module/'
Died at D:/Lab_SQA/defects4j/framework/core/Project/JacksonDatabind.pm line 93.
Compilation failed in require at D:\Lab_SQA\defects4j\framework\bin\defects4j line 195."
JacksonDatabind,16,CATG,default,1,0,False,error,0,0,False,0,0,0,0,0,0,0.0,"STATUS:ERROR:checkout JacksonDatabind-16b failed at D:\Lab_SQA\Defects4J_Projects\JacksonDatabind_16_b: exit=123
Checking out db612bb3 to D:\Lab_SQA\Defects4J_Projects\JacksonDatabind_16_b OK
Init local repository...................................................... OK
Tag post-fix revision...................................................... OK
Apply patch................................................................ OK
Apply patch................................................................ OK
Apply patch................................................................ OK
Correct Module ambiguity 1................................................. sed: can't read D:Lab_SQADefects4J_ProjectsJacksonDatabind_16_b/src/main/java/com/fasterxml/jackson/databind/module/SimpleModule.java: No such file or directory
sed: can't read D:Lab_SQADefects4J_ProjectsJacksonDatabind_16_b/src/test/java/com/fasterxml/jackson/databind/creators/TestCreatorNullValue.java: No such file or directory
sed: can't read D:Lab_SQADefects4J_ProjectsJacksonDatabind_16_b/src/test/java/com/fasterxml/jackson/databind/module/TestSimpleModule.java: No such file or directory
FAIL
Executed command: grep -lR ' extends Module$' D:\Lab_SQA\Defects4J_Projects\JacksonDatabind_16_b | xargs sed -i'.bak' -e 's/ extends Module$/ extends com.fasterxml.jackson.databind.Module/'
Died at D:/Lab_SQA/defects4j/framework/core/Project/JacksonDatabind.pm line 93.
Compilation failed in require at D:\Lab_SQA\defects4j\framework\bin\defects4j line 195."
JacksonDatabind,17,CATG,default,1,0,False,error,0,0,False,0,0,0,0,0,0,0.0,"STATUS:ERROR:checkout JacksonDatabind-17b failed at D:\Lab_SQA\Defects4J_Projects\JacksonDatabind_17_b: exit=123
Checking out a143c05d to D:\Lab_SQA\Defects4J_Projects\JacksonDatabind_17_b OK
Init local repository...................................................... OK
Tag post-fix revision...................................................... OK
Apply patch................................................................ OK
Apply patch................................................................ OK
Correct Module ambiguity 1................................................. sed: can't read D:Lab_SQADefects4J_ProjectsJacksonDatabind_17_b/src/main/java/com/fasterxml/jackson/databind/module/SimpleModule.java: No such file or directory
sed: can't read D:Lab_SQADefects4J_ProjectsJacksonDatabind_17_b/src/test/java/com/fasterxml/jackson/databind/creators/TestCreatorNullValue.java: No such file or directory
sed: can't read D:Lab_SQADefects4J_ProjectsJacksonDatabind_17_b/src/test/java/com/fasterxml/jackson/databind/module/TestSimpleModule.java: No such file or directory
FAIL
Executed command: grep -lR ' extends Module$' D:\Lab_SQA\Defects4J_Projects\JacksonDatabind_17_b | xargs sed -i'.bak' -e 's/ extends Module$/ extends com.fasterxml.jackson.databind.Module/'
Died at D:/Lab_SQA/defects4j/framework/core/Project/JacksonDatabind.pm line 93.
Compilation failed in require at D:\Lab_SQA\defects4j\framework\bin\defects4j line 195."
JacksonDatabind,18,CATG,default,1,0,False,error,0,0,False,0,0,0,0,0,0,0.0,"STATUS:ERROR:checkout JacksonDatabind-18b failed at D:\Lab_SQA\Defects4J_Projects\JacksonDatabind_18_b: exit=123
Checking out 2abf5a32 to D:\Lab_SQA\Defects4J_Projects\JacksonDatabind_18_b OK
Init local repository...................................................... OK
Tag post-fix revision...................................................... OK
Apply patch................................................................ OK
Apply patch................................................................ OK
Apply patch................................................................ OK
Correct Module ambiguity 1................................................. sed: can't read D:Lab_SQADefects4J_ProjectsJacksonDatabind_18_b/src/main/java/com/fasterxml/jackson/databind/module/SimpleModule.java: No such file or directory
sed: can't read D:Lab_SQADefects4J_ProjectsJacksonDatabind_18_b/src/test/java/com/fasterxml/jackson/databind/creators/TestCreatorNullValue.java: No such file or directory
sed: can't read D:Lab_SQADefects4J_ProjectsJacksonDatabind_18_b/src/test/java/com/fasterxml/jackson/databind/module/TestSimpleModule.java: No such file or directory
FAIL
Executed command: grep -lR ' extends Module$' D:\Lab_SQA\Defects4J_Projects\JacksonDatabind_18_b | xargs sed -i'.bak' -e 's/ extends Module$/ extends com.fasterxml.jackson.databind.Module/'
Died at D:/Lab_SQA/defects4j/framework/core/Project/JacksonDatabind.pm line 93.
Compilation failed in require at D:\Lab_SQA\defects4j\framework\bin\defects4j line 195."
JacksonDatabind,19,CATG,default,1,0,False,error,0,0,False,0,0,0,0,0,0,0.0,"STATUS:ERROR:checkout JacksonDatabind-19b failed at D:\Lab_SQA\Defects4J_Projects\JacksonDatabind_19_b: exit=123
Checking out 354e1390 to D:\Lab_SQA\Defects4J_Projects\JacksonDatabind_19_b OK
Init local repository...................................................... OK
Tag post-fix revision...................................................... OK
Apply patch................................................................ OK
Apply patch................................................................ OK
Apply patch................................................................ OK
Correct Module ambiguity 1................................................. sed: can't read D:Lab_SQADefects4J_ProjectsJacksonDatabind_19_b/src/main/java/com/fasterxml/jackson/databind/module/SimpleModule.java: No such file or directory
sed: can't read D:Lab_SQADefects4J_ProjectsJacksonDatabind_19_b/src/test/java/com/fasterxml/jackson/databind/creators/TestCreatorNullValue.java: No such file or directory
sed: can't read D:Lab_SQADefects4J_ProjectsJacksonDatabind_19_b/src/test/java/com/fasterxml/jackson/databind/module/TestSimpleModule.java: No such file or directory
FAIL
Executed command: grep -lR ' extends Module$' D:\Lab_SQA\Defects4J_Projects\JacksonDatabind_19_b | xargs sed -i'.bak' -e 's/ extends Module$/ extends com.fasterxml.jackson.databind.Module/'
Died at D:/Lab_SQA/defects4j/framework/core/Project/JacksonDatabind.pm line 93.
Compilation failed in require at D:\Lab_SQA\defects4j\framework\bin\defects4j line 195."
JacksonDatabind,20,CATG,default,1,0,False,error,0,0,False,0,0,0,0,0,0,0.0,"STATUS:ERROR:checkout JacksonDatabind-20b failed at D:\Lab_SQA\Defects4J_Projects\JacksonDatabind_20_b: exit=123
Checking out 6456a9ac to D:\Lab_SQA\Defects4J_Projects\JacksonDatabind_20_b OK
Init local repository...................................................... OK
Tag post-fix revision...................................................... OK
Apply patch................................................................ OK
Apply patch................................................................ OK
Apply patch................................................................ OK
Correct Module ambiguity 1................................................. sed: can't read D:Lab_SQADefects4J_ProjectsJacksonDatabind_20_b/src/main/java/com/fasterxml/jackson/databind/module/SimpleModule.java: No such file or directory
sed: can't read D:Lab_SQADefects4J_ProjectsJacksonDatabind_20_b/src/test/java/com/fasterxml/jackson/databind/creators/TestCreatorNullValue.java: No such file or directory
sed: can't read D:Lab_SQADefects4J_ProjectsJacksonDatabind_20_b/src/test/java/com/fasterxml/jackson/databind/module/TestSimpleModule.java: No such file or directory
FAIL
Executed command: grep -lR ' extends Module$' D:\Lab_SQA\Defects4J_Projects\JacksonDatabind_20_b | xargs sed -i'.bak' -e 's/ extends Module$/ extends com.fasterxml.jackson.databind.Module/'
Died at D:/Lab_SQA/defects4j/framework/core/Project/JacksonDatabind.pm line 93.
Compilation failed in require at D:\Lab_SQA\defects4j\framework\bin\defects4j line 195."
JacksonDatabind,21,CATG,default,1,0,False,error,0,0,False,0,0,0,0,0,0,0.0,"STATUS:ERROR:checkout JacksonDatabind-21b failed at D:\Lab_SQA\Defects4J_Projects\JacksonDatabind_21_b: exit=123
Checking out 707db7a9 to D:\Lab_SQA\Defects4J_Projects\JacksonDatabind_21_b OK
Init local repository...................................................... OK
Tag post-fix revision...................................................... OK
Apply patch................................................................ OK
Apply patch................................................................ OK
Apply patch................................................................ OK
Correct Module ambiguity 1................................................. sed: can't read D:Lab_SQADefects4J_ProjectsJacksonDatabind_21_b/src/main/java/com/fasterxml/jackson/databind/module/SimpleModule.java: No such file or directory
sed: can't read D:Lab_SQADefects4J_ProjectsJacksonDatabind_21_b/src/test/java/com/fasterxml/jackson/databind/creators/TestCreatorNullValue.java: No such file or directory
sed: can't read D:Lab_SQADefects4J_ProjectsJacksonDatabind_21_b/src/test/java/com/fasterxml/jackson/databind/module/TestSimpleModule.java: No such file or directory
FAIL
Executed command: grep -lR ' extends Module$' D:\Lab_SQA\Defects4J_Projects\JacksonDatabind_21_b | xargs sed -i'.bak' -e 's/ extends Module$/ extends com.fasterxml.jackson.databind.Module/'
Died at D:/Lab_SQA/defects4j/framework/core/Project/JacksonDatabind.pm line 93.
Compilation failed in require at D:\Lab_SQA\defects4j\framework\bin\defects4j line 195."
JacksonDatabind,22,CATG,default,1,0,False,error,0,0,False,0,0,0,0,0,0,0.0,"STATUS:ERROR:checkout JacksonDatabind-22b failed at D:\Lab_SQA\Defects4J_Projects\JacksonDatabind_22_b: exit=123
Checking out a92e2be0 to D:\Lab_SQA\Defects4J_Projects\JacksonDatabind_22_b OK
Init local repository...................................................... OK
Tag post-fix revision...................................................... OK
Apply patch................................................................ OK
Apply patch................................................................ OK
Apply patch................................................................ OK
Correct Module ambiguity 1................................................. sed: can't read D:Lab_SQADefects4J_ProjectsJacksonDatabind_22_b/src/main/java/com/fasterxml/jackson/databind/module/SimpleModule.java: No such file or directory
sed: can't read D:Lab_SQADefects4J_ProjectsJacksonDatabind_22_b/src/test/java/com/fasterxml/jackson/databind/creators/TestCreatorNullValue.java: No such file or directory
sed: can't read D:Lab_SQADefects4J_ProjectsJacksonDatabind_22_b/src/test/java/com/fasterxml/jackson/databind/module/TestSimpleModule.java: No such file or directory
FAIL
Executed command: grep -lR ' extends Module$' D:\Lab_SQA\Defects4J_Projects\JacksonDatabind_22_b | xargs sed -i'.bak' -e 's/ extends Module$/ extends com.fasterxml.jackson.databind.Module/'
Died at D:/Lab_SQA/defects4j/framework/core/Project/JacksonDatabind.pm line 93.
Compilation failed in require at D:\Lab_SQA\defects4j\framework\bin\defects4j line 195."
JacksonDatabind,23,CATG,default,1,0,False,error,0,0,False,0,0,0,0,0,0,0.0,"STATUS:ERROR:checkout JacksonDatabind-23b failed at D:\Lab_SQA\Defects4J_Projects\JacksonDatabind_23_b: exit=123
Checking out 6172d756 to D:\Lab_SQA\Defects4J_Projects\JacksonDatabind_23_b OK
Init local repository...................................................... OK
Tag post-fix revision...................................................... OK
Apply patch................................................................ OK
Apply patch................................................................ OK
Apply patch................................................................ OK
Apply patch................................................................ OK
Correct Module ambiguity 1................................................. sed: can't read D:Lab_SQADefects4J_ProjectsJacksonDatabind_23_b/src/main/java/com/fasterxml/jackson/databind/module/SimpleModule.java: No such file or directory
sed: can't read D:Lab_SQADefects4J_ProjectsJacksonDatabind_23_b/src/test/java/com/fasterxml/jackson/databind/creators/TestCreatorNullValue.java: No such file or directory
sed: can't read D:Lab_SQADefects4J_ProjectsJacksonDatabind_23_b/src/test/java/com/fasterxml/jackson/databind/module/TestSimpleModule.java: No such file or directory
FAIL
Executed command: grep -lR ' extends Module$' D:\Lab_SQA\Defects4J_Projects\JacksonDatabind_23_b | xargs sed -i'.bak' -e 's/ extends Module$/ extends com.fasterxml.jackson.databind.Module/'
Died at D:/Lab_SQA/defects4j/framework/core/Project/JacksonDatabind.pm line 93.
Compilation failed in require at D:\Lab_SQA\defects4j\framework\bin\defects4j line 195."
JacksonDatabind,24,CATG,default,1,0,False,error,0,0,False,0,0,0,0,0,0,0.0,"STATUS:ERROR:checkout JacksonDatabind-24b failed at D:\Lab_SQA\Defects4J_Projects\JacksonDatabind_24_b: exit=123
Checking out b4ef0a65 to D:\Lab_SQA\Defects4J_Projects\JacksonDatabind_24_b OK
Init local repository...................................................... OK
Tag post-fix revision...................................................... OK
Apply patch................................................................ OK
Apply patch................................................................ OK
Apply patch................................................................ OK
Apply patch................................................................ OK
Correct Module ambiguity 1................................................. sed: can't read D:Lab_SQADefects4J_ProjectsJacksonDatabind_24_b/src/main/java/com/fasterxml/jackson/databind/module/SimpleModule.java: No such file or directory
sed: can't read D:Lab_SQADefects4J_ProjectsJacksonDatabind_24_b/src/test/java/com/fasterxml/jackson/databind/creators/TestCreatorNullValue.java: No such file or directory
sed: can't read D:Lab_SQADefects4J_ProjectsJacksonDatabind_24_b/src/test/java/com/fasterxml/jackson/databind/module/TestSimpleModule.java: No such file or directory
FAIL
Executed command: grep -lR ' extends Module$' D:\Lab_SQA\Defects4J_Projects\JacksonDatabind_24_b | xargs sed -i'.bak' -e 's/ extends Module$/ extends com.fasterxml.jackson.databind.Module/'
Died at D:/Lab_SQA/defects4j/framework/core/Project/JacksonDatabind.pm line 93.
Compilation failed in require at D:\Lab_SQA\defects4j\framework\bin\defects4j line 195."
JacksonDatabind,25,CATG,default,1,0,False,error,0,0,False,0,0,0,0,0,0,0.0,"STATUS:ERROR:checkout JacksonDatabind-25b failed at D:\Lab_SQA\Defects4J_Projects\JacksonDatabind_25_b: exit=123
Checking out 9917c94d to D:\Lab_SQA\Defects4J_Projects\JacksonDatabind_25_b OK
Init local repository...................................................... OK
Tag post-fix revision...................................................... OK
Apply patch................................................................ OK
Apply patch................................................................ OK
Apply patch................................................................ OK
Apply patch................................................................ OK
Correct Module ambiguity 1................................................. sed: can't read D:Lab_SQADefects4J_ProjectsJacksonDatabind_25_b/src/main/java/com/fasterxml/jackson/databind/module/SimpleModule.java: No such file or directory
sed: can't read D:Lab_SQADefects4J_ProjectsJacksonDatabind_25_b/src/test/java/com/fasterxml/jackson/databind/creators/TestCreatorNullValue.java: No such file or directory
sed: can't read D:Lab_SQADefects4J_ProjectsJacksonDatabind_25_b/src/test/java/com/fasterxml/jackson/databind/module/TestSimpleModule.java: No such file or directory
FAIL
Executed command: grep -lR ' extends Module$' D:\Lab_SQA\Defects4J_Projects\JacksonDatabind_25_b | xargs sed -i'.bak' -e 's/ extends Module$/ extends com.fasterxml.jackson.databind.Module/'
Died at D:/Lab_SQA/defects4j/framework/core/Project/JacksonDatabind.pm line 93.
Compilation failed in require at D:\Lab_SQA\defects4j\framework\bin\defects4j line 195."
JacksonDatabind,26,CATG,default,1,0,False,error,0,0,False,0,0,0,0,0,0,0.0,"STATUS:ERROR:checkout JacksonDatabind-26b failed at D:\Lab_SQA\Defects4J_Projects\JacksonDatabind_26_b: exit=123
Checking out 2ea6e402 to D:\Lab_SQA\Defects4J_Projects\JacksonDatabind_26_b OK
Init local repository...................................................... OK
Tag post-fix revision...................................................... OK
Apply patch................................................................ OK
Apply patch................................................................ OK
Apply patch................................................................ OK
Apply patch................................................................ OK
Correct Module ambiguity 1................................................. sed: can't read D:Lab_SQADefects4J_ProjectsJacksonDatabind_26_b/src/main/java/com/fasterxml/jackson/databind/module/SimpleModule.java: No such file or directory
sed: can't read D:Lab_SQADefects4J_ProjectsJacksonDatabind_26_b/src/test/java/com/fasterxml/jackson/databind/creators/TestCreatorNullValue.java: No such file or directory
sed: can't read D:Lab_SQADefects4J_ProjectsJacksonDatabind_26_b/src/test/java/com/fasterxml/jackson/databind/module/TestSimpleModule.java: No such file or directory
FAIL
Executed command: grep -lR ' extends Module$' D:\Lab_SQA\Defects4J_Projects\JacksonDatabind_26_b | xargs sed -i'.bak' -e 's/ extends Module$/ extends com.fasterxml.jackson.databind.Module/'
Died at D:/Lab_SQA/defects4j/framework/core/Project/JacksonDatabind.pm line 93.
Compilation failed in require at D:\Lab_SQA\defects4j\framework\bin\defects4j line 195."
JacksonDatabind,27,CATG,default,1,0,False,error,0,0,False,0,0,0,0,0,0,0.0,"STATUS:ERROR:checkout JacksonDatabind-27b failed at D:\Lab_SQA\Defects4J_Projects\JacksonDatabind_27_b: exit=123
Checking out f2f611e7 to D:\Lab_SQA\Defects4J_Projects\JacksonDatabind_27_b OK
Init local repository...................................................... OK
Tag post-fix revision...................................................... OK
Apply patch................................................................ OK
Apply patch................................................................ OK
Apply patch................................................................ OK
Apply patch................................................................ OK
Correct Module ambiguity 1................................................. sed: can't read D:Lab_SQADefects4J_ProjectsJacksonDatabind_27_b/src/main/java/com/fasterxml/jackson/databind/module/SimpleModule.java: No such file or directory
sed: can't read D:Lab_SQADefects4J_ProjectsJacksonDatabind_27_b/src/test/java/com/fasterxml/jackson/databind/creators/TestCreatorNullValue.java: No such file or directory
sed: can't read D:Lab_SQADefects4J_ProjectsJacksonDatabind_27_b/src/test/java/com/fasterxml/jackson/databind/module/TestSimpleModule.java: No such file or directory
FAIL
Executed command: grep -lR ' extends Module$' D:\Lab_SQA\Defects4J_Projects\JacksonDatabind_27_b | xargs sed -i'.bak' -e 's/ extends Module$/ extends com.fasterxml.jackson.databind.Module/'
Died at D:/Lab_SQA/defects4j/framework/core/Project/JacksonDatabind.pm line 93.
Compilation failed in require at D:\Lab_SQA\defects4j\framework\bin\defects4j line 195."
JacksonDatabind,28,CATG,default,1,0,False,error,0,0,False,0,0,0,0,0,0,0.0,"STATUS:ERROR:checkout JacksonDatabind-28b failed at D:\Lab_SQA\Defects4J_Projects\JacksonDatabind_28_b: exit=123
Checking out b049739c to D:\Lab_SQA\Defects4J_Projects\JacksonDatabind_28_b OK
Init local repository...................................................... OK
Tag post-fix revision...................................................... OK
Apply patch................................................................ OK
Apply patch................................................................ OK
Apply patch................................................................ OK
Apply patch................................................................ OK
Correct Module ambiguity 1................................................. sed: can't read D:Lab_SQADefects4J_ProjectsJacksonDatabind_28_b/src/main/java/com/fasterxml/jackson/databind/module/SimpleModule.java: No such file or directory
sed: can't read D:Lab_SQADefects4J_ProjectsJacksonDatabind_28_b/src/test/java/com/fasterxml/jackson/databind/creators/TestCreatorNullValue.java: No such file or directory
sed: can't read D:Lab_SQADefects4J_ProjectsJacksonDatabind_28_b/src/test/java/com/fasterxml/jackson/databind/module/TestSimpleModule.java: No such file or directory
FAIL
Executed command: grep -lR ' extends Module$' D:\Lab_SQA\Defects4J_Projects\JacksonDatabind_28_b | xargs sed -i'.bak' -e 's/ extends Module$/ extends com.fasterxml.jackson.databind.Module/'
Died at D:/Lab_SQA/defects4j/framework/core/Project/JacksonDatabind.pm line 93.
Compilation failed in require at D:\Lab_SQA\defects4j\framework\bin\defects4j line 195."
JacksonDatabind,29,CATG,default,1,0,False,error,0,0,False,0,0,0,0,0,0,0.0,"STATUS:ERROR:checkout JacksonDatabind-29b failed at D:\Lab_SQA\Defects4J_Projects\JacksonDatabind_29_b: exit=123
Checking out 30b54697 to D:\Lab_SQA\Defects4J_Projects\JacksonDatabind_29_b OK
Init local repository...................................................... OK
Tag post-fix revision...................................................... OK
Apply patch................................................................ OK
Apply patch................................................................ OK
Apply patch................................................................ OK
Apply patch................................................................ OK
Correct Module ambiguity 1................................................. sed: can't read D:Lab_SQADefects4J_ProjectsJacksonDatabind_29_b/src/main/java/com/fasterxml/jackson/databind/module/SimpleModule.java: No such file or directory
sed: can't read D:Lab_SQADefects4J_ProjectsJacksonDatabind_29_b/src/test/java/com/fasterxml/jackson/databind/creators/TestCreatorNullValue.java: No such file or directory
sed: can't read D:Lab_SQADefects4J_ProjectsJacksonDatabind_29_b/src/test/java/com/fasterxml/jackson/databind/module/TestSimpleModule.java: No such file or directory
FAIL
Executed command: grep -lR ' extends Module$' D:\Lab_SQA\Defects4J_Projects\JacksonDatabind_29_b | xargs sed -i'.bak' -e 's/ extends Module$/ extends com.fasterxml.jackson.databind.Module/'
Died at D:/Lab_SQA/defects4j/framework/core/Project/JacksonDatabind.pm line 93.
Compilation failed in require at D:\Lab_SQA\defects4j\framework\bin\defects4j line 195."
JacksonDatabind,30,CATG,default,1,0,False,error,0,0,False,0,0,0,0,0,0,0.0,"STATUS:ERROR:checkout JacksonDatabind-30b failed at D:\Lab_SQA\Defects4J_Projects\JacksonDatabind_30_b: exit=123
Checking out ca6c3fc5 to D:\Lab_SQA\Defects4J_Projects\JacksonDatabind_30_b OK
Init local repository...................................................... OK
Tag post-fix revision...................................................... OK
Apply patch................................................................ OK
Apply patch................................................................ OK
Apply patch................................................................ OK
Apply patch................................................................ OK
Correct Module ambiguity 1................................................. sed: can't read D:Lab_SQADefects4J_ProjectsJacksonDatabind_30_b/src/main/java/com/fasterxml/jackson/databind/module/SimpleModule.java: No such file or directory
sed: can't read D:Lab_SQADefects4J_ProjectsJacksonDatabind_30_b/src/test/java/com/fasterxml/jackson/databind/creators/TestCreatorNullValue.java: No such file or directory
sed: can't read D:Lab_SQADefects4J_ProjectsJacksonDatabind_30_b/src/test/java/com/fasterxml/jackson/databind/module/TestSimpleModule.java: No such file or directory
FAIL
Executed command: grep -lR ' extends Module$' D:\Lab_SQA\Defects4J_Projects\JacksonDatabind_30_b | xargs sed -i'.bak' -e 's/ extends Module$/ extends com.fasterxml.jackson.databind.Module/'
Died at D:/Lab_SQA/defects4j/framework/core/Project/JacksonDatabind.pm line 93.
Compilation failed in require at D:\Lab_SQA\defects4j\framework\bin\defects4j line 195."
JacksonDatabind,31,CATG,default,1,0,False,error,0,0,False,0,0,0,0,0,0,0.0,"STATUS:ERROR:checkout JacksonDatabind-31b failed at D:\Lab_SQA\Defects4J_Projects\JacksonDatabind_31_b: exit=123
Checking out fe25f7e1 to D:\Lab_SQA\Defects4J_Projects\JacksonDatabind_31_b OK
Init local repository...................................................... OK
Tag post-fix revision...................................................... OK
Apply patch................................................................ OK
Apply patch................................................................ OK
Apply patch................................................................ OK
Apply patch................................................................ OK
Correct Module ambiguity 1................................................. sed: can't read D:Lab_SQADefects4J_ProjectsJacksonDatabind_31_b/src/main/java/com/fasterxml/jackson/databind/module/SimpleModule.java: No such file or directory
sed: can't read D:Lab_SQADefects4J_ProjectsJacksonDatabind_31_b/src/test/java/com/fasterxml/jackson/databind/creators/TestCreatorNullValue.java: No such file or directory
sed: can't read D:Lab_SQADefects4J_ProjectsJacksonDatabind_31_b/src/test/java/com/fasterxml/jackson/databind/module/TestSimpleModule.java: No such file or directory
FAIL
Executed command: grep -lR ' extends Module$' D:\Lab_SQA\Defects4J_Projects\JacksonDatabind_31_b | xargs sed -i'.bak' -e 's/ extends Module$/ extends com.fasterxml.jackson.databind.Module/'
Died at D:/Lab_SQA/defects4j/framework/core/Project/JacksonDatabind.pm line 93.
Compilation failed in require at D:\Lab_SQA\defects4j\framework\bin\defects4j line 195."
JacksonDatabind,33,CATG,default,1,0,False,error,0,0,False,0,0,0,0,0,0,0.0,"STATUS:ERROR:checkout JacksonDatabind-33b failed at D:\Lab_SQA\Defects4J_Projects\JacksonDatabind_33_b: exit=123
Checking out 660ec8f8 to D:\Lab_SQA\Defects4J_Projects\JacksonDatabind_33_b OK
Init local repository...................................................... OK
Tag post-fix revision...................................................... OK
Apply patch................................................................ OK
Apply patch................................................................ OK
Apply patch................................................................ OK
Apply patch................................................................ OK
Correct Module ambiguity 1................................................. sed: can't read D:Lab_SQADefects4J_ProjectsJacksonDatabind_33_b/src/main/java/com/fasterxml/jackson/databind/module/SimpleModule.java: No such file or directory
sed: can't read D:Lab_SQADefects4J_ProjectsJacksonDatabind_33_b/src/test/java/com/fasterxml/jackson/databind/creators/TestCreatorNullValue.java: No such file or directory
sed: can't read D:Lab_SQADefects4J_ProjectsJacksonDatabind_33_b/src/test/java/com/fasterxml/jackson/databind/module/TestSimpleModule.java: No such file or directory
FAIL
Executed command: grep -lR ' extends Module$' D:\Lab_SQA\Defects4J_Projects\JacksonDatabind_33_b | xargs sed -i'.bak' -e 's/ extends Module$/ extends com.fasterxml.jackson.databind.Module/'
Died at D:/Lab_SQA/defects4j/framework/core/Project/JacksonDatabind.pm line 93.
Compilation failed in require at D:\Lab_SQA\defects4j\framework\bin\defects4j line 195."
JacksonDatabind,32,CATG,default,1,0,False,error,0,0,False,0,0,0,0,0,0,0.0,"STATUS:ERROR:checkout JacksonDatabind-32b failed at D:\Lab_SQA\Defects4J_Projects\JacksonDatabind_32_b: exit=123
Checking out d5a25f43 to D:\Lab_SQA\Defects4J_Projects\JacksonDatabind_32_b OK
Init local repository...................................................... OK
Tag post-fix revision...................................................... OK
Apply patch................................................................ OK
Apply patch................................................................ OK
Apply patch................................................................ OK
Apply patch................................................................ OK
Correct Module ambiguity 1................................................. sed: can't read D:Lab_SQADefects4J_ProjectsJacksonDatabind_32_b/src/main/java/com/fasterxml/jackson/databind/module/SimpleModule.java: No such file or directory
sed: can't read D:Lab_SQADefects4J_ProjectsJacksonDatabind_32_b/src/test/java/com/fasterxml/jackson/databind/creators/TestCreatorNullValue.java: No such file or directory
sed: can't read D:Lab_SQADefects4J_ProjectsJacksonDatabind_32_b/src/test/java/com/fasterxml/jackson/databind/module/TestSimpleModule.java: No such file or directory
FAIL
Executed command: grep -lR ' extends Module$' D:\Lab_SQA\Defects4J_Projects\JacksonDatabind_32_b | xargs sed -i'.bak' -e 's/ extends Module$/ extends com.fasterxml.jackson.databind.Module/'
Died at D:/Lab_SQA/defects4j/framework/core/Project/JacksonDatabind.pm line 93.
Compilation failed in require at D:\Lab_SQA\defects4j\framework\bin\defects4j line 195."
JacksonDatabind,34,CATG,default,1,0,False,error,0,0,False,0,0,0,0,0,0,0.0,"STATUS:ERROR:checkout JacksonDatabind-34b failed at D:\Lab_SQA\Defects4J_Projects\JacksonDatabind_34_b: exit=123
Checking out 6b471c37 to D:\Lab_SQA\Defects4J_Projects\JacksonDatabind_34_b OK
Init local repository...................................................... OK
Tag post-fix revision...................................................... OK
Apply patch................................................................ OK
Apply patch................................................................ OK
Apply patch................................................................ OK
Apply patch................................................................ OK
Correct Module ambiguity 1................................................. sed: can't read D:Lab_SQADefects4J_ProjectsJacksonDatabind_34_b/src/main/java/com/fasterxml/jackson/databind/module/SimpleModule.java: No such file or directory
sed: can't read D:Lab_SQADefects4J_ProjectsJacksonDatabind_34_b/src/test/java/com/fasterxml/jackson/databind/creators/TestCreatorNullValue.java: No such file or directory
sed: can't read D:Lab_SQADefects4J_ProjectsJacksonDatabind_34_b/src/test/java/com/fasterxml/jackson/databind/module/TestSimpleModule.java: No such file or directory
FAIL
Executed command: grep -lR ' extends Module$' D:\Lab_SQA\Defects4J_Projects\JacksonDatabind_34_b | xargs sed -i'.bak' -e 's/ extends Module$/ extends com.fasterxml.jackson.databind.Module/'
Died at D:/Lab_SQA/defects4j/framework/core/Project/JacksonDatabind.pm line 93.
Compilation failed in require at D:\Lab_SQA\defects4j\framework\bin\defects4j line 195."
JacksonDatabind,35,CATG,default,1,0,False,error,0,0,False,0,0,0,0,0,0,0.0,"STATUS:ERROR:checkout JacksonDatabind-35b failed at D:\Lab_SQA\Defects4J_Projects\JacksonDatabind_35_b: exit=123
Checking out cecd409a to D:\Lab_SQA\Defects4J_Projects\JacksonDatabind_35_b OK
Init local repository...................................................... OK
Tag post-fix revision...................................................... OK
Apply patch................................................................ OK
Apply patch................................................................ OK
Apply patch................................................................ OK
Correct Module ambiguity 1................................................. sed: can't read D:Lab_SQADefects4J_ProjectsJacksonDatabind_35_b/src/main/java/com/fasterxml/jackson/databind/module/SimpleModule.java: No such file or directory
sed: can't read D:Lab_SQADefects4J_ProjectsJacksonDatabind_35_b/src/test/java/com/fasterxml/jackson/databind/creators/TestCreatorNullValue.java: No such file or directory
sed: can't read D:Lab_SQADefects4J_ProjectsJacksonDatabind_35_b/src/test/java/com/fasterxml/jackson/databind/module/TestSimpleModule.java: No such file or directory
FAIL
Executed command: grep -lR ' extends Module$' D:\Lab_SQA\Defects4J_Projects\JacksonDatabind_35_b | xargs sed -i'.bak' -e 's/ extends Module$/ extends com.fasterxml.jackson.databind.Module/'
Died at D:/Lab_SQA/defects4j/framework/core/Project/JacksonDatabind.pm line 93.
Compilation failed in require at D:\Lab_SQA\defects4j\framework\bin\defects4j line 195."
JacksonDatabind,36,CATG,default,1,0,False,error,0,0,False,0,0,0,0,0,0,0.0,"STATUS:ERROR:checkout JacksonDatabind-36b failed at D:\Lab_SQA\Defects4J_Projects\JacksonDatabind_36_b: exit=123
Checking out c48e9926 to D:\Lab_SQA\Defects4J_Projects\JacksonDatabind_36_b OK
Init local repository...................................................... OK
Tag post-fix revision...................................................... OK
Apply patch................................................................ OK
Apply patch................................................................ OK
Apply patch................................................................ OK
Apply patch................................................................ OK
Correct Module ambiguity 1................................................. sed: can't read D:Lab_SQADefects4J_ProjectsJacksonDatabind_36_b/src/main/java/com/fasterxml/jackson/databind/module/SimpleModule.java: No such file or directory
sed: can't read D:Lab_SQADefects4J_ProjectsJacksonDatabind_36_b/src/test/java/com/fasterxml/jackson/databind/creators/TestCreatorNullValue.java: No such file or directory
sed: can't read D:Lab_SQADefects4J_ProjectsJacksonDatabind_36_b/src/test/java/com/fasterxml/jackson/databind/module/TestSimpleModule.java: No such file or directory
FAIL
Executed command: grep -lR ' extends Module$' D:\Lab_SQA\Defects4J_Projects\JacksonDatabind_36_b | xargs sed -i'.bak' -e 's/ extends Module$/ extends com.fasterxml.jackson.databind.Module/'
Died at D:/Lab_SQA/defects4j/framework/core/Project/JacksonDatabind.pm line 93.
Compilation failed in require at D:\Lab_SQA\defects4j\framework\bin\defects4j line 195."
JacksonDatabind,37,CATG,default,1,0,False,error,0,0,False,0,0,0,0,0,0,0.0,"STATUS:ERROR:checkout JacksonDatabind-37b failed at D:\Lab_SQA\Defects4J_Projects\JacksonDatabind_37_b: exit=123
Checking out dbf0c6f4 to D:\Lab_SQA\Defects4J_Projects\JacksonDatabind_37_b OK
Init local repository...................................................... OK
Tag post-fix revision...................................................... OK
Apply patch................................................................ OK
Apply patch................................................................ OK
Apply patch................................................................ OK
Apply patch................................................................ OK
Correct Module ambiguity 1................................................. sed: can't read D:Lab_SQADefects4J_ProjectsJacksonDatabind_37_b/src/main/java/com/fasterxml/jackson/databind/module/SimpleModule.java: No such file or directory
sed: can't read D:Lab_SQADefects4J_ProjectsJacksonDatabind_37_b/src/test/java/com/fasterxml/jackson/databind/creators/TestCreatorNullValue.java: No such file or directory
sed: can't read D:Lab_SQADefects4J_ProjectsJacksonDatabind_37_b/src/test/java/com/fasterxml/jackson/databind/module/TestSimpleModule.java: No such file or directory
FAIL
Executed command: grep -lR ' extends Module$' D:\Lab_SQA\Defects4J_Projects\JacksonDatabind_37_b | xargs sed -i'.bak' -e 's/ extends Module$/ extends com.fasterxml.jackson.databind.Module/'
Died at D:/Lab_SQA/defects4j/framework/core/Project/JacksonDatabind.pm line 93.
Compilation failed in require at D:\Lab_SQA\defects4j\framework\bin\defects4j line 195."
JacksonDatabind,38,CATG,default,1,0,False,error,0,0,False,0,0,0,0,0,0,0.0,"STATUS:ERROR:checkout JacksonDatabind-38b failed at D:\Lab_SQA\Defects4J_Projects\JacksonDatabind_38_b: exit=123
Checking out 21a2e4b7 to D:\Lab_SQA\Defects4J_Projects\JacksonDatabind_38_b OK
Init local repository...................................................... OK
Tag post-fix revision...................................................... OK
Apply patch................................................................ OK
Apply patch................................................................ OK
Apply patch................................................................ OK
Apply patch................................................................ OK
Correct Module ambiguity 1................................................. sed: can't read D:Lab_SQADefects4J_ProjectsJacksonDatabind_38_b/src/main/java/com/fasterxml/jackson/databind/module/SimpleModule.java: No such file or directory
sed: can't read D:Lab_SQADefects4J_ProjectsJacksonDatabind_38_b/src/test/java/com/fasterxml/jackson/databind/creators/TestCreatorNullValue.java: No such file or directory
sed: can't read D:Lab_SQADefects4J_ProjectsJacksonDatabind_38_b/src/test/java/com/fasterxml/jackson/databind/module/TestSimpleModule.java: No such file or directory
FAIL
Executed command: grep -lR ' extends Module$' D:\Lab_SQA\Defects4J_Projects\JacksonDatabind_38_b | xargs sed -i'.bak' -e 's/ extends Module$/ extends com.fasterxml.jackson.databind.Module/'
Died at D:/Lab_SQA/defects4j/framework/core/Project/JacksonDatabind.pm line 93.
Compilation failed in require at D:\Lab_SQA\defects4j\framework\bin\defects4j line 195."
JacksonDatabind,39,CATG,default,1,0,False,error,0,0,False,0,0,0,0,0,0,0.0,"STATUS:ERROR:checkout JacksonDatabind-39b failed at D:\Lab_SQA\Defects4J_Projects\JacksonDatabind_39_b: exit=123
Checking out 308ed4ed to D:\Lab_SQA\Defects4J_Projects\JacksonDatabind_39_b OK
Init local repository...................................................... OK
Tag post-fix revision...................................................... OK
Apply patch................................................................ OK
Apply patch................................................................ OK
Apply patch................................................................ OK
Apply patch................................................................ OK
Correct Module ambiguity 1................................................. sed: can't read D:Lab_SQADefects4J_ProjectsJacksonDatabind_39_b/src/main/java/com/fasterxml/jackson/databind/module/SimpleModule.java: No such file or directory
sed: can't read D:Lab_SQADefects4J_ProjectsJacksonDatabind_39_b/src/test/java/com/fasterxml/jackson/databind/creators/TestCreatorNullValue.java: No such file or directory
sed: can't read D:Lab_SQADefects4J_ProjectsJacksonDatabind_39_b/src/test/java/com/fasterxml/jackson/databind/module/TestSimpleModule.java: No such file or directory
FAIL
Executed command: grep -lR ' extends Module$' D:\Lab_SQA\Defects4J_Projects\JacksonDatabind_39_b | xargs sed -i'.bak' -e 's/ extends Module$/ extends com.fasterxml.jackson.databind.Module/'
Died at D:/Lab_SQA/defects4j/framework/core/Project/JacksonDatabind.pm line 93.
Compilation failed in require at D:\Lab_SQA\defects4j\framework\bin\defects4j line 195."
JacksonDatabind,40,CATG,default,1,0,False,error,0,0,False,0,0,0,0,0,0,0.0,"STATUS:ERROR:checkout JacksonDatabind-40b failed at D:\Lab_SQA\Defects4J_Projects\JacksonDatabind_40_b: exit=123
Checking out 21ca9213 to D:\Lab_SQA\Defects4J_Projects\JacksonDatabind_40_b OK
Init local repository...................................................... OK
Tag post-fix revision...................................................... OK
Apply patch................................................................ OK
Apply patch................................................................ OK
Apply patch................................................................ OK
Apply patch................................................................ OK
Correct Module ambiguity 1................................................. sed: can't read D:Lab_SQADefects4J_ProjectsJacksonDatabind_40_b/src/main/java/com/fasterxml/jackson/databind/module/SimpleModule.java: No such file or directory
sed: can't read D:Lab_SQADefects4J_ProjectsJacksonDatabind_40_b/src/test/java/com/fasterxml/jackson/databind/creators/TestCreatorNullValue.java: No such file or directory
sed: can't read D:Lab_SQADefects4J_ProjectsJacksonDatabind_40_b/src/test/java/com/fasterxml/jackson/databind/module/TestSimpleModule.java: No such file or directory
FAIL
Executed command: grep -lR ' extends Module$' D:\Lab_SQA\Defects4J_Projects\JacksonDatabind_40_b | xargs sed -i'.bak' -e 's/ extends Module$/ extends com.fasterxml.jackson.databind.Module/'
Died at D:/Lab_SQA/defects4j/framework/core/Project/JacksonDatabind.pm line 93.
Compilation failed in require at D:\Lab_SQA\defects4j\framework\bin\defects4j line 195."
JacksonDatabind,41,CATG,default,1,0,False,error,0,0,False,0,0,0,0,0,0,0.0,"STATUS:ERROR:checkout JacksonDatabind-41b failed at D:\Lab_SQA\Defects4J_Projects\JacksonDatabind_41_b: exit=123
Checking out 729c0fec to D:\Lab_SQA\Defects4J_Projects\JacksonDatabind_41_b OK
Init local repository...................................................... OK
Tag post-fix revision...................................................... OK
Apply patch................................................................ OK
Apply patch................................................................ OK
Apply patch................................................................ OK
Apply patch................................................................ OK
Correct Module ambiguity 1................................................. sed: can't read D:Lab_SQADefects4J_ProjectsJacksonDatabind_41_b/src/main/java/com/fasterxml/jackson/databind/module/SimpleModule.java: No such file or directory
sed: can't read D:Lab_SQADefects4J_ProjectsJacksonDatabind_41_b/src/test/java/com/fasterxml/jackson/databind/creators/TestCreatorNullValue.java: No such file or directory
sed: can't read D:Lab_SQADefects4J_ProjectsJacksonDatabind_41_b/src/test/java/com/fasterxml/jackson/databind/module/TestSimpleModule.java: No such file or directory
FAIL
Executed command: grep -lR ' extends Module$' D:\Lab_SQA\Defects4J_Projects\JacksonDatabind_41_b | xargs sed -i'.bak' -e 's/ extends Module$/ extends com.fasterxml.jackson.databind.Module/'
Died at D:/Lab_SQA/defects4j/framework/core/Project/JacksonDatabind.pm line 93.
Compilation failed in require at D:\Lab_SQA\defects4j\framework\bin\defects4j line 195."
JacksonDatabind,42,CATG,default,1,0,False,error,0,0,False,0,0,0,0,0,0,0.0,"STATUS:ERROR:checkout JacksonDatabind-42b failed at D:\Lab_SQA\Defects4J_Projects\JacksonDatabind_42_b: exit=123
Checking out 2d90441e to D:\Lab_SQA\Defects4J_Projects\JacksonDatabind_42_b OK
Init local repository...................................................... OK
Tag post-fix revision...................................................... OK
Apply patch................................................................ OK
Apply patch................................................................ OK
Apply patch................................................................ OK
Apply patch................................................................ OK
Correct Module ambiguity 1................................................. sed: can't read D:Lab_SQADefects4J_ProjectsJacksonDatabind_42_b/src/main/java/com/fasterxml/jackson/databind/module/SimpleModule.java: No such file or directory
sed: can't read D:Lab_SQADefects4J_ProjectsJacksonDatabind_42_b/src/test/java/com/fasterxml/jackson/databind/creators/TestCreatorNullValue.java: No such file or directory
sed: can't read D:Lab_SQADefects4J_ProjectsJacksonDatabind_42_b/src/test/java/com/fasterxml/jackson/databind/module/TestSimpleModule.java: No such file or directory
FAIL
Executed command: grep -lR ' extends Module$' D:\Lab_SQA\Defects4J_Projects\JacksonDatabind_42_b | xargs sed -i'.bak' -e 's/ extends Module$/ extends com.fasterxml.jackson.databind.Module/'
Died at D:/Lab_SQA/defects4j/framework/core/Project/JacksonDatabind.pm line 93.
Compilation failed in require at D:\Lab_SQA\defects4j\framework\bin\defects4j line 195."
JacksonDatabind,43,CATG,default,1,0,False,error,0,0,False,0,0,0,0,0,0,0.0,"STATUS:ERROR:checkout JacksonDatabind-43b failed at D:\Lab_SQA\Defects4J_Projects\JacksonDatabind_43_b: exit=123
Checking out a290f09c to D:\Lab_SQA\Defects4J_Projects\JacksonDatabind_43_b OK
Init local repository...................................................... OK
Tag post-fix revision...................................................... OK
Apply patch................................................................ OK
Apply patch................................................................ OK
Apply patch................................................................ OK
Apply patch................................................................ OK
Correct Module ambiguity 1................................................. sed: can't read D:Lab_SQADefects4J_ProjectsJacksonDatabind_43_b/src/main/java/com/fasterxml/jackson/databind/module/SimpleModule.java: No such file or directory
sed: can't read D:Lab_SQADefects4J_ProjectsJacksonDatabind_43_b/src/test/java/com/fasterxml/jackson/databind/creators/TestCreatorNullValue.java: No such file or directory
sed: can't read D:Lab_SQADefects4J_ProjectsJacksonDatabind_43_b/src/test/java/com/fasterxml/jackson/databind/module/TestSimpleModule.java: No such file or directory
FAIL
Executed command: grep -lR ' extends Module$' D:\Lab_SQA\Defects4J_Projects\JacksonDatabind_43_b | xargs sed -i'.bak' -e 's/ extends Module$/ extends com.fasterxml.jackson.databind.Module/'
Died at D:/Lab_SQA/defects4j/framework/core/Project/JacksonDatabind.pm line 93.
Compilation failed in require at D:\Lab_SQA\defects4j\framework\bin\defects4j line 195."
JacksonDatabind,44,CATG,default,1,0,False,error,0,0,False,0,0,0,0,0,0,0.0,"STATUS:ERROR:checkout JacksonDatabind-44b failed at D:\Lab_SQA\Defects4J_Projects\JacksonDatabind_44_b: exit=123
Checking out 700617aa to D:\Lab_SQA\Defects4J_Projects\JacksonDatabind_44_b OK
Init local repository...................................................... OK
Tag post-fix revision...................................................... OK
Apply patch................................................................ OK
Apply patch................................................................ OK
Apply patch................................................................ OK
Apply patch................................................................ OK
Correct Module ambiguity 1................................................. sed: can't read D:Lab_SQADefects4J_ProjectsJacksonDatabind_44_b/src/main/java/com/fasterxml/jackson/databind/module/SimpleModule.java: No such file or directory
sed: can't read D:Lab_SQADefects4J_ProjectsJacksonDatabind_44_b/src/test/java/com/fasterxml/jackson/databind/creators/TestCreatorNullValue.java: No such file or directory
sed: can't read D:Lab_SQADefects4J_ProjectsJacksonDatabind_44_b/src/test/java/com/fasterxml/jackson/databind/module/TestSimpleModule.java: No such file or directory
FAIL
Executed command: grep -lR ' extends Module$' D:\Lab_SQA\Defects4J_Projects\JacksonDatabind_44_b | xargs sed -i'.bak' -e 's/ extends Module$/ extends com.fasterxml.jackson.databind.Module/'
Died at D:/Lab_SQA/defects4j/framework/core/Project/JacksonDatabind.pm line 93.
Compilation failed in require at D:\Lab_SQA\defects4j\framework\bin\defects4j line 195."
JacksonDatabind,45,CATG,default,1,0,False,error,0,0,False,0,0,0,0,0,0,0.0,"STATUS:ERROR:checkout JacksonDatabind-45b failed at D:\Lab_SQA\Defects4J_Projects\JacksonDatabind_45_b: exit=123
Checking out bacb37f4 to D:\Lab_SQA\Defects4J_Projects\JacksonDatabind_45_b OK
Init local repository...................................................... OK
Tag post-fix revision...................................................... OK
Apply patch................................................................ OK
Apply patch................................................................ OK
Apply patch................................................................ OK
Apply patch................................................................ OK
Correct Module ambiguity 1................................................. sed: can't read D:Lab_SQADefects4J_ProjectsJacksonDatabind_45_b/src/main/java/com/fasterxml/jackson/databind/module/SimpleModule.java: No such file or directory
sed: can't read D:Lab_SQADefects4J_ProjectsJacksonDatabind_45_b/src/test/java/com/fasterxml/jackson/databind/creators/TestCreatorNullValue.java: No such file or directory
sed: can't read D:Lab_SQADefects4J_ProjectsJacksonDatabind_45_b/src/test/java/com/fasterxml/jackson/databind/module/TestSimpleModule.java: No such file or directory
FAIL
Executed command: grep -lR ' extends Module$' D:\Lab_SQA\Defects4J_Projects\JacksonDatabind_45_b | xargs sed -i'.bak' -e 's/ extends Module$/ extends com.fasterxml.jackson.databind.Module/'
Died at D:/Lab_SQA/defects4j/framework/core/Project/JacksonDatabind.pm line 93.
Compilation failed in require at D:\Lab_SQA\defects4j\framework\bin\defects4j line 195."
JacksonDatabind,46,CATG,default,1,0,False,error,0,0,False,0,0,0,0,0,0,0.0,"STATUS:ERROR:checkout JacksonDatabind-46b failed at D:\Lab_SQA\Defects4J_Projects\JacksonDatabind_46_b: exit=123
Checking out cb671776 to D:\Lab_SQA\Defects4J_Projects\JacksonDatabind_46_b OK
Init local repository...................................................... OK
Tag post-fix revision...................................................... OK
Apply patch................................................................ OK
Apply patch................................................................ OK
Apply patch................................................................ OK
Apply patch................................................................ OK
Correct Module ambiguity 1................................................. sed: can't read D:Lab_SQADefects4J_ProjectsJacksonDatabind_46_b/src/main/java/com/fasterxml/jackson/databind/module/SimpleModule.java: No such file or directory
sed: can't read D:Lab_SQADefects4J_ProjectsJacksonDatabind_46_b/src/test/java/com/fasterxml/jackson/databind/creators/TestCreatorNullValue.java: No such file or directory
sed: can't read D:Lab_SQADefects4J_ProjectsJacksonDatabind_46_b/src/test/java/com/fasterxml/jackson/databind/module/TestSimpleModule.java: No such file or directory
FAIL
Executed command: grep -lR ' extends Module$' D:\Lab_SQA\Defects4J_Projects\JacksonDatabind_46_b | xargs sed -i'.bak' -e 's/ extends Module$/ extends com.fasterxml.jackson.databind.Module/'
Died at D:/Lab_SQA/defects4j/framework/core/Project/JacksonDatabind.pm line 93.
Compilation failed in require at D:\Lab_SQA\defects4j\framework\bin\defects4j line 195."
JacksonDatabind,47,CATG,default,1,0,False,error,0,0,False,0,0,0,0,0,0,0.0,"STATUS:ERROR:checkout JacksonDatabind-47b failed at D:\Lab_SQA\Defects4J_Projects\JacksonDatabind_47_b: exit=123
Checking out ebadfd25 to D:\Lab_SQA\Defects4J_Projects\JacksonDatabind_47_b OK
Init local repository...................................................... OK
Tag post-fix revision...................................................... OK
Apply patch................................................................ OK
Apply patch................................................................ OK
Apply patch................................................................ OK
Apply patch................................................................ OK
Correct Module ambiguity 1................................................. sed: can't read D:Lab_SQADefects4J_ProjectsJacksonDatabind_47_b/src/main/java/com/fasterxml/jackson/databind/module/SimpleModule.java: No such file or directory
sed: can't read D:Lab_SQADefects4J_ProjectsJacksonDatabind_47_b/src/test/java/com/fasterxml/jackson/databind/creators/TestCreatorNullValue.java: No such file or directory
sed: can't read D:Lab_SQADefects4J_ProjectsJacksonDatabind_47_b/src/test/java/com/fasterxml/jackson/databind/module/TestSimpleModule.java: No such file or directory
FAIL
Executed command: grep -lR ' extends Module$' D:\Lab_SQA\Defects4J_Projects\JacksonDatabind_47_b | xargs sed -i'.bak' -e 's/ extends Module$/ extends com.fasterxml.jackson.databind.Module/'
Died at D:/Lab_SQA/defects4j/framework/core/Project/JacksonDatabind.pm line 93.
Compilation failed in require at D:\Lab_SQA\defects4j\framework\bin\defects4j line 195."
JacksonDatabind,48,CATG,default,1,0,False,error,0,0,False,0,0,0,0,0,0,0.0,"STATUS:ERROR:checkout JacksonDatabind-48b failed at D:\Lab_SQA\Defects4J_Projects\JacksonDatabind_48_b: exit=123
Checking out fe32b967 to D:\Lab_SQA\Defects4J_Projects\JacksonDatabind_48_b OK
Init local repository...................................................... OK
Tag post-fix revision...................................................... OK
Apply patch................................................................ OK
Apply patch................................................................ OK
Apply patch................................................................ OK
Apply patch................................................................ OK
Correct Module ambiguity 1................................................. sed: can't read D:Lab_SQADefects4J_ProjectsJacksonDatabind_48_b/src/main/java/com/fasterxml/jackson/databind/module/SimpleModule.java: No such file or directory
sed: can't read D:Lab_SQADefects4J_ProjectsJacksonDatabind_48_b/src/test/java/com/fasterxml/jackson/databind/creators/TestCreatorNullValue.java: No such file or directory
sed: can't read D:Lab_SQADefects4J_ProjectsJacksonDatabind_48_b/src/test/java/com/fasterxml/jackson/databind/module/TestSimpleModule.java: No such file or directory
FAIL
Executed command: grep -lR ' extends Module$' D:\Lab_SQA\Defects4J_Projects\JacksonDatabind_48_b | xargs sed -i'.bak' -e 's/ extends Module$/ extends com.fasterxml.jackson.databind.Module/'
Died at D:/Lab_SQA/defects4j/framework/core/Project/JacksonDatabind.pm line 93.
Compilation failed in require at D:\Lab_SQA\defects4j\framework\bin\defects4j line 195."
JacksonDatabind,49,CATG,default,1,0,False,error,0,0,False,0,0,0,0,0,0,0.0,"STATUS:ERROR:checkout JacksonDatabind-49b failed at D:\Lab_SQA\Defects4J_Projects\JacksonDatabind_49_b: exit=123
Checking out 644487bf to D:\Lab_SQA\Defects4J_Projects\JacksonDatabind_49_b OK
Init local repository...................................................... OK
Tag post-fix revision...................................................... OK
Apply patch................................................................ OK
Apply patch................................................................ OK
Apply patch................................................................ OK
Apply patch................................................................ OK
Correct Module ambiguity 1................................................. sed: can't read D:Lab_SQADefects4J_ProjectsJacksonDatabind_49_b/src/main/java/com/fasterxml/jackson/databind/module/SimpleModule.java: No such file or directory
sed: can't read D:Lab_SQADefects4J_ProjectsJacksonDatabind_49_b/src/test/java/com/fasterxml/jackson/databind/creators/TestCreatorNullValue.java: No such file or directory
sed: can't read D:Lab_SQADefects4J_ProjectsJacksonDatabind_49_b/src/test/java/com/fasterxml/jackson/databind/module/TestSimpleModule.java: No such file or directory
FAIL
Executed command: grep -lR ' extends Module$' D:\Lab_SQA\Defects4J_Projects\JacksonDatabind_49_b | xargs sed -i'.bak' -e 's/ extends Module$/ extends com.fasterxml.jackson.databind.Module/'
Died at D:/Lab_SQA/defects4j/framework/core/Project/JacksonDatabind.pm line 93.
Compilation failed in require at D:\Lab_SQA\defects4j\framework\bin\defects4j line 195."
JacksonDatabind,50,CATG,default,1,0,False,error,0,0,False,0,0,0,0,0,0,0.0,"STATUS:ERROR:checkout JacksonDatabind-50b failed at D:\Lab_SQA\Defects4J_Projects\JacksonDatabind_50_b: exit=123
Checking out 567d6c09 to D:\Lab_SQA\Defects4J_Projects\JacksonDatabind_50_b OK
Init local repository...................................................... OK
Tag post-fix revision...................................................... OK
Apply patch................................................................ OK
Apply patch................................................................ OK
Apply patch................................................................ OK
Apply patch................................................................ OK
Correct Module ambiguity 1................................................. sed: can't read D:Lab_SQADefects4J_ProjectsJacksonDatabind_50_b/src/main/java/com/fasterxml/jackson/databind/module/SimpleModule.java: No such file or directory
sed: can't read D:Lab_SQADefects4J_ProjectsJacksonDatabind_50_b/src/test/java/com/fasterxml/jackson/databind/creators/TestCreatorNullValue.java: No such file or directory
sed: can't read D:Lab_SQADefects4J_ProjectsJacksonDatabind_50_b/src/test/java/com/fasterxml/jackson/databind/module/TestSimpleModule.java: No such file or directory
FAIL
Executed command: grep -lR ' extends Module$' D:\Lab_SQA\Defects4J_Projects\JacksonDatabind_50_b | xargs sed -i'.bak' -e 's/ extends Module$/ extends com.fasterxml.jackson.databind.Module/'
Died at D:/Lab_SQA/defects4j/framework/core/Project/JacksonDatabind.pm line 93.
Compilation failed in require at D:\Lab_SQA\defects4j\framework\bin\defects4j line 195."
JacksonDatabind,51,CATG,default,1,0,False,error,0,0,False,0,0,0,0,0,0,0.0,"STATUS:ERROR:checkout JacksonDatabind-51b failed at D:\Lab_SQA\Defects4J_Projects\JacksonDatabind_51_b: exit=123
Checking out 36631a98 to D:\Lab_SQA\Defects4J_Projects\JacksonDatabind_51_b OK
Init local repository...................................................... OK
Tag post-fix revision...................................................... OK
Apply patch................................................................ OK
Apply patch................................................................ OK
Apply patch................................................................ OK
Apply patch................................................................ OK
Correct Module ambiguity 1................................................. sed: can't read D:Lab_SQADefects4J_ProjectsJacksonDatabind_51_b/src/main/java/com/fasterxml/jackson/databind/module/SimpleModule.java: No such file or directory
sed: can't read D:Lab_SQADefects4J_ProjectsJacksonDatabind_51_b/src/test/java/com/fasterxml/jackson/databind/creators/TestCreatorNullValue.java: No such file or directory
sed: can't read D:Lab_SQADefects4J_ProjectsJacksonDatabind_51_b/src/test/java/com/fasterxml/jackson/databind/module/TestSimpleModule.java: No such file or directory
FAIL
Executed command: grep -lR ' extends Module$' D:\Lab_SQA\Defects4J_Projects\JacksonDatabind_51_b | xargs sed -i'.bak' -e 's/ extends Module$/ extends com.fasterxml.jackson.databind.Module/'
Died at D:/Lab_SQA/defects4j/framework/core/Project/JacksonDatabind.pm line 93.
Compilation failed in require at D:\Lab_SQA\defects4j\framework\bin\defects4j line 195."
JacksonDatabind,52,CATG,default,1,0,False,error,0,0,False,0,0,0,0,0,0,0.0,"STATUS:ERROR:checkout JacksonDatabind-52b failed at D:\Lab_SQA\Defects4J_Projects\JacksonDatabind_52_b: exit=123
Checking out ab8a20f6 to D:\Lab_SQA\Defects4J_Projects\JacksonDatabind_52_b OK
Init local repository...................................................... OK
Tag post-fix revision...................................................... OK
Apply patch................................................................ OK
Apply patch................................................................ OK
Apply patch................................................................ OK
Apply patch................................................................ OK
Correct Module ambiguity 1................................................. sed: can't read D:Lab_SQADefects4J_ProjectsJacksonDatabind_52_b/src/main/java/com/fasterxml/jackson/databind/module/SimpleModule.java: No such file or directory
sed: can't read D:Lab_SQADefects4J_ProjectsJacksonDatabind_52_b/src/test/java/com/fasterxml/jackson/databind/creators/TestCreatorNullValue.java: No such file or directory
sed: can't read D:Lab_SQADefects4J_ProjectsJacksonDatabind_52_b/src/test/java/com/fasterxml/jackson/databind/module/TestSimpleModule.java: No such file or directory
FAIL
Executed command: grep -lR ' extends Module$' D:\Lab_SQA\Defects4J_Projects\JacksonDatabind_52_b | xargs sed -i'.bak' -e 's/ extends Module$/ extends com.fasterxml.jackson.databind.Module/'
Died at D:/Lab_SQA/defects4j/framework/core/Project/JacksonDatabind.pm line 93.
Compilation failed in require at D:\Lab_SQA\defects4j\framework\bin\defects4j line 195."
JacksonDatabind,53,CATG,default,1,0,False,error,0,0,False,0,0,0,0,0,0,0.0,"STATUS:ERROR:checkout JacksonDatabind-53b failed at D:\Lab_SQA\Defects4J_Projects\JacksonDatabind_53_b: exit=123
Checking out 75a0953b to D:\Lab_SQA\Defects4J_Projects\JacksonDatabind_53_b OK
Init local repository...................................................... OK
Tag post-fix revision...................................................... OK
Apply patch................................................................ OK
Apply patch................................................................ OK
Apply patch................................................................ OK
Apply patch................................................................ OK
Correct Module ambiguity 1................................................. sed: can't read D:Lab_SQADefects4J_ProjectsJacksonDatabind_53_b/src/main/java/com/fasterxml/jackson/databind/module/SimpleModule.java: No such file or directory
sed: can't read D:Lab_SQADefects4J_ProjectsJacksonDatabind_53_b/src/test/java/com/fasterxml/jackson/databind/creators/TestCreatorNullValue.java: No such file or directory
sed: can't read D:Lab_SQADefects4J_ProjectsJacksonDatabind_53_b/src/test/java/com/fasterxml/jackson/databind/module/TestSimpleModule.java: No such file or directory
FAIL
Executed command: grep -lR ' extends Module$' D:\Lab_SQA\Defects4J_Projects\JacksonDatabind_53_b | xargs sed -i'.bak' -e 's/ extends Module$/ extends com.fasterxml.jackson.databind.Module/'
Died at D:/Lab_SQA/defects4j/framework/core/Project/JacksonDatabind.pm line 93.
Compilation failed in require at D:\Lab_SQA\defects4j\framework\bin\defects4j line 195."
JacksonDatabind,54,CATG,default,1,0,False,error,0,0,False,0,0,0,0,0,0,0.0,"STATUS:ERROR:checkout JacksonDatabind-54b failed at D:\Lab_SQA\Defects4J_Projects\JacksonDatabind_54_b: exit=123
Checking out f7e476ed to D:\Lab_SQA\Defects4J_Projects\JacksonDatabind_54_b OK
Init local repository...................................................... OK
Tag post-fix revision...................................................... OK
Apply patch................................................................ OK
Apply patch................................................................ OK
Apply patch................................................................ OK
Apply patch................................................................ OK
Correct Module ambiguity 1................................................. sed: can't read D:Lab_SQADefects4J_ProjectsJacksonDatabind_54_b/src/main/java/com/fasterxml/jackson/databind/module/SimpleModule.java: No such file or directory
sed: can't read D:Lab_SQADefects4J_ProjectsJacksonDatabind_54_b/src/test/java/com/fasterxml/jackson/databind/creators/TestCreatorNullValue.java: No such file or directory
sed: can't read D:Lab_SQADefects4J_ProjectsJacksonDatabind_54_b/src/test/java/com/fasterxml/jackson/databind/module/TestSimpleModule.java: No such file or directory
FAIL
Executed command: grep -lR ' extends Module$' D:\Lab_SQA\Defects4J_Projects\JacksonDatabind_54_b | xargs sed -i'.bak' -e 's/ extends Module$/ extends com.fasterxml.jackson.databind.Module/'
Died at D:/Lab_SQA/defects4j/framework/core/Project/JacksonDatabind.pm line 93.
Compilation failed in require at D:\Lab_SQA\defects4j\framework\bin\defects4j line 195."
JacksonDatabind,55,CATG,default,1,0,False,error,0,0,False,0,0,0,0,0,0,0.0,"STATUS:ERROR:checkout JacksonDatabind-55b failed at D:\Lab_SQA\Defects4J_Projects\JacksonDatabind_55_b: exit=123
Checking out 2936ba52 to D:\Lab_SQA\Defects4J_Projects\JacksonDatabind_55_b OK
Init local repository...................................................... OK
Tag post-fix revision...................................................... OK
Apply patch................................................................ OK
Apply patch................................................................ OK
Apply patch................................................................ OK
Apply patch................................................................ OK
Correct Module ambiguity 1................................................. sed: can't read D:Lab_SQADefects4J_ProjectsJacksonDatabind_55_b/src/main/java/com/fasterxml/jackson/databind/module/SimpleModule.java: No such file or directory
sed: can't read D:Lab_SQADefects4J_ProjectsJacksonDatabind_55_b/src/test/java/com/fasterxml/jackson/databind/creators/TestCreatorNullValue.java: No such file or directory
sed: can't read D:Lab_SQADefects4J_ProjectsJacksonDatabind_55_b/src/test/java/com/fasterxml/jackson/databind/module/TestSimpleModule.java: No such file or directory
FAIL
Executed command: grep -lR ' extends Module$' D:\Lab_SQA\Defects4J_Projects\JacksonDatabind_55_b | xargs sed -i'.bak' -e 's/ extends Module$/ extends com.fasterxml.jackson.databind.Module/'
Died at D:/Lab_SQA/defects4j/framework/core/Project/JacksonDatabind.pm line 93.
Compilation failed in require at D:\Lab_SQA\defects4j\framework\bin\defects4j line 195."
JacksonDatabind,56,CATG,default,1,0,False,error,0,0,False,0,0,0,0,0,0,0.0,"STATUS:ERROR:checkout JacksonDatabind-56b failed at D:\Lab_SQA\Defects4J_Projects\JacksonDatabind_56_b: exit=123
Checking out 07b6d663 to D:\Lab_SQA\Defects4J_Projects\JacksonDatabind_56_b OK
Init local repository...................................................... OK
Tag post-fix revision...................................................... OK
Apply patch................................................................ OK
Apply patch................................................................ OK
Apply patch................................................................ OK
Apply patch................................................................ OK
Correct Module ambiguity 1................................................. sed: can't read D:Lab_SQADefects4J_ProjectsJacksonDatabind_56_b/src/main/java/com/fasterxml/jackson/databind/module/SimpleModule.java: No such file or directory
sed: can't read D:Lab_SQADefects4J_ProjectsJacksonDatabind_56_b/src/test/java/com/fasterxml/jackson/databind/creators/TestCreatorNullValue.java: No such file or directory
sed: can't read D:Lab_SQADefects4J_ProjectsJacksonDatabind_56_b/src/test/java/com/fasterxml/jackson/databind/module/TestSimpleModule.java: No such file or directory
FAIL
Executed command: grep -lR ' extends Module$' D:\Lab_SQA\Defects4J_Projects\JacksonDatabind_56_b | xargs sed -i'.bak' -e 's/ extends Module$/ extends com.fasterxml.jackson.databind.Module/'
Died at D:/Lab_SQA/defects4j/framework/core/Project/JacksonDatabind.pm line 93.
Compilation failed in require at D:\Lab_SQA\defects4j\framework\bin\defects4j line 195."
JacksonDatabind,57,CATG,default,1,0,False,error,0,0,False,0,0,0,0,0,0,0.0,"STATUS:ERROR:checkout JacksonDatabind-57b failed at D:\Lab_SQA\Defects4J_Projects\JacksonDatabind_57_b: exit=123
Checking out bbd81900 to D:\Lab_SQA\Defects4J_Projects\JacksonDatabind_57_b OK
Init local repository...................................................... OK
Tag post-fix revision...................................................... OK
Apply patch................................................................ OK
Apply patch................................................................ OK
Apply patch................................................................ OK
Apply patch................................................................ OK
Correct Module ambiguity 1................................................. sed: can't read D:Lab_SQADefects4J_ProjectsJacksonDatabind_57_b/src/main/java/com/fasterxml/jackson/databind/module/SimpleModule.java: No such file or directory
sed: can't read D:Lab_SQADefects4J_ProjectsJacksonDatabind_57_b/src/test/java/com/fasterxml/jackson/databind/creators/TestCreatorNullValue.java: No such file or directory
sed: can't read D:Lab_SQADefects4J_ProjectsJacksonDatabind_57_b/src/test/java/com/fasterxml/jackson/databind/module/TestSimpleModule.java: No such file or directory
FAIL
Executed command: grep -lR ' extends Module$' D:\Lab_SQA\Defects4J_Projects\JacksonDatabind_57_b | xargs sed -i'.bak' -e 's/ extends Module$/ extends com.fasterxml.jackson.databind.Module/'
Died at D:/Lab_SQA/defects4j/framework/core/Project/JacksonDatabind.pm line 93.
Compilation failed in require at D:\Lab_SQA\defects4j\framework\bin\defects4j line 195."
JacksonDatabind,59,CATG,default,1,0,False,error,0,0,False,0,0,0,0,0,0,0.0,"STATUS:ERROR:checkout JacksonDatabind-59b failed at D:\Lab_SQA\Defects4J_Projects\JacksonDatabind_59_b: exit=123
Checking out e59194aa to D:\Lab_SQA\Defects4J_Projects\JacksonDatabind_59_b OK
Init local repository...................................................... OK
Tag post-fix revision...................................................... OK
Apply patch................................................................ OK
Apply patch................................................................ OK
Apply patch................................................................ OK
Apply patch................................................................ OK
Correct Module ambiguity 1................................................. sed: can't read D:Lab_SQADefects4J_ProjectsJacksonDatabind_59_b/src/main/java/com/fasterxml/jackson/databind/module/SimpleModule.java: No such file or directory
sed: can't read D:Lab_SQADefects4J_ProjectsJacksonDatabind_59_b/src/test/java/com/fasterxml/jackson/databind/creators/TestCreatorNullValue.java: No such file or directory
sed: can't read D:Lab_SQADefects4J_ProjectsJacksonDatabind_59_b/src/test/java/com/fasterxml/jackson/databind/module/TestSimpleModule.java: No such file or directory
FAIL
Executed command: grep -lR ' extends Module$' D:\Lab_SQA\Defects4J_Projects\JacksonDatabind_59_b | xargs sed -i'.bak' -e 's/ extends Module$/ extends com.fasterxml.jackson.databind.Module/'
Died at D:/Lab_SQA/defects4j/framework/core/Project/JacksonDatabind.pm line 93.
Compilation failed in require at D:\Lab_SQA\defects4j\framework\bin\defects4j line 195."
JacksonDatabind,58,CATG,default,1,0,False,error,0,0,False,0,0,0,0,0,0,0.0,STATUS:ERROR:worker_exit_without_result
JacksonDatabind,60,CATG,default,1,0,False,error,0,0,False,0,0,0,0,0,0,0.0,"STATUS:ERROR:checkout JacksonDatabind-60b failed at D:\Lab_SQA\Defects4J_Projects\JacksonDatabind_60_b: exit=123
Checking out be114a9a to D:\Lab_SQA\Defects4J_Projects\JacksonDatabind_60_b OK
Init local repository...................................................... OK
Tag post-fix revision...................................................... OK
Apply patch................................................................ OK
Apply patch................................................................ OK
Apply patch................................................................ OK
Apply patch................................................................ OK
Correct Module ambiguity 1................................................. sed: can't read D:Lab_SQADefects4J_ProjectsJacksonDatabind_60_b/src/main/java/com/fasterxml/jackson/databind/module/SimpleModule.java: No such file or directory
sed: can't read D:Lab_SQADefects4J_ProjectsJacksonDatabind_60_b/src/test/java/com/fasterxml/jackson/databind/creators/TestCreatorNullValue.java: No such file or directory
sed: can't read D:Lab_SQADefects4J_ProjectsJacksonDatabind_60_b/src/test/java/com/fasterxml/jackson/databind/module/TestSimpleModule.java: No such file or directory
FAIL
Executed command: grep -lR ' extends Module$' D:\Lab_SQA\Defects4J_Projects\JacksonDatabind_60_b | xargs sed -i'.bak' -e 's/ extends Module$/ extends com.fasterxml.jackson.databind.Module/'
Died at D:/Lab_SQA/defects4j/framework/core/Project/JacksonDatabind.pm line 93.
Compilation failed in require at D:\Lab_SQA\defects4j\framework\bin\defects4j line 195."
JacksonDatabind,61,CATG,default,1,0,False,error,0,0,False,0,0,0,0,0,0,0.0,"STATUS:ERROR:checkout JacksonDatabind-61b failed at D:\Lab_SQA\Defects4J_Projects\JacksonDatabind_61_b: exit=123
Checking out 82c346ae to D:\Lab_SQA\Defects4J_Projects\JacksonDatabind_61_b OK
Init local repository...................................................... OK
Tag post-fix revision...................................................... OK
Apply patch................................................................ OK
Apply patch................................................................ OK
Apply patch................................................................ OK
Apply patch................................................................ OK
Correct Module ambiguity 1................................................. sed: can't read D:Lab_SQADefects4J_ProjectsJacksonDatabind_61_b/src/main/java/com/fasterxml/jackson/databind/module/SimpleModule.java: No such file or directory
sed: can't read D:Lab_SQADefects4J_ProjectsJacksonDatabind_61_b/src/test/java/com/fasterxml/jackson/databind/creators/TestCreatorNullValue.java: No such file or directory
sed: can't read D:Lab_SQADefects4J_ProjectsJacksonDatabind_61_b/src/test/java/com/fasterxml/jackson/databind/module/TestSimpleModule.java: No such file or directory
FAIL
Executed command: grep -lR ' extends Module$' D:\Lab_SQA\Defects4J_Projects\JacksonDatabind_61_b | xargs sed -i'.bak' -e 's/ extends Module$/ extends com.fasterxml.jackson.databind.Module/'
Died at D:/Lab_SQA/defects4j/framework/core/Project/JacksonDatabind.pm line 93.
Compilation failed in require at D:\Lab_SQA\defects4j\framework\bin\defects4j line 195."
JacksonDatabind,63,CATG,default,1,0,False,error,0,0,False,0,0,0,0,0,0,0.0,"STATUS:ERROR:checkout JacksonDatabind-63b failed at D:\Lab_SQA\Defects4J_Projects\JacksonDatabind_63_b: exit=123
Checking out ab4f17f3 to D:\Lab_SQA\Defects4J_Projects\JacksonDatabind_63_b OK
Init local repository...................................................... OK
Tag post-fix revision...................................................... OK
Apply patch................................................................ OK
Apply patch................................................................ OK
Apply patch................................................................ OK
Apply patch................................................................ OK
Correct Module ambiguity 1................................................. sed: can't read D:Lab_SQADefects4J_ProjectsJacksonDatabind_63_b/src/main/java/com/fasterxml/jackson/databind/module/SimpleModule.java: No such file or directory
sed: can't read D:Lab_SQADefects4J_ProjectsJacksonDatabind_63_b/src/test/java/com/fasterxml/jackson/databind/creators/TestCreatorNullValue.java: No such file or directory
sed: can't read D:Lab_SQADefects4J_ProjectsJacksonDatabind_63_b/src/test/java/com/fasterxml/jackson/databind/module/TestSimpleModule.java: No such file or directory
FAIL
Executed command: grep -lR ' extends Module$' D:\Lab_SQA\Defects4J_Projects\JacksonDatabind_63_b | xargs sed -i'.bak' -e 's/ extends Module$/ extends com.fasterxml.jackson.databind.Module/'
Died at D:/Lab_SQA/defects4j/framework/core/Project/JacksonDatabind.pm line 93.
Compilation failed in require at D:\Lab_SQA\defects4j\framework\bin\defects4j line 195."
JacksonDatabind,62,CATG,default,1,0,False,error,0,0,False,0,0,0,0,0,0,0.0,"STATUS:ERROR:checkout JacksonDatabind-62b failed at D:\Lab_SQA\Defects4J_Projects\JacksonDatabind_62_b: exit=123
Checking out 4e94c0ed to D:\Lab_SQA\Defects4J_Projects\JacksonDatabind_62_b OK
Init local repository...................................................... OK
Tag post-fix revision...................................................... OK
Apply patch................................................................ OK
Apply patch................................................................ OK
Apply patch................................................................ OK
Apply patch................................................................ OK
Correct Module ambiguity 1................................................. sed: can't read D:Lab_SQADefects4J_ProjectsJacksonDatabind_62_b/src/main/java/com/fasterxml/jackson/databind/module/SimpleModule.java: No such file or directory
sed: can't read D:Lab_SQADefects4J_ProjectsJacksonDatabind_62_b/src/test/java/com/fasterxml/jackson/databind/creators/TestCreatorNullValue.java: No such file or directory
sed: can't read D:Lab_SQADefects4J_ProjectsJacksonDatabind_62_b/src/test/java/com/fasterxml/jackson/databind/module/TestSimpleModule.java: No such file or directory
FAIL
Executed command: grep -lR ' extends Module$' D:\Lab_SQA\Defects4J_Projects\JacksonDatabind_62_b | xargs sed -i'.bak' -e 's/ extends Module$/ extends com.fasterxml.jackson.databind.Module/'
Died at D:/Lab_SQA/defects4j/framework/core/Project/JacksonDatabind.pm line 93.
Compilation failed in require at D:\Lab_SQA\defects4j\framework\bin\defects4j line 195."
JacksonDatabind,64,CATG,default,1,0,False,error,0,0,False,0,0,0,0,0,0,0.0,"STATUS:ERROR:checkout JacksonDatabind-64b failed at D:\Lab_SQA\Defects4J_Projects\JacksonDatabind_64_b: exit=123
Checking out ea30c7b4 to D:\Lab_SQA\Defects4J_Projects\JacksonDatabind_64_b OK
Init local repository...................................................... OK
Tag post-fix revision...................................................... OK
Apply patch................................................................ OK
Apply patch................................................................ OK
Apply patch................................................................ OK
Apply patch................................................................ OK
Correct Module ambiguity 1................................................. sed: can't read D:Lab_SQADefects4J_ProjectsJacksonDatabind_64_b/src/main/java/com/fasterxml/jackson/databind/module/SimpleModule.java: No such file or directory
sed: can't read D:Lab_SQADefects4J_ProjectsJacksonDatabind_64_b/src/test/java/com/fasterxml/jackson/databind/creators/TestCreatorNullValue.java: No such file or directory
sed: can't read D:Lab_SQADefects4J_ProjectsJacksonDatabind_64_b/src/test/java/com/fasterxml/jackson/databind/module/TestSimpleModule.java: No such file or directory
FAIL
Executed command: grep -lR ' extends Module$' D:\Lab_SQA\Defects4J_Projects\JacksonDatabind_64_b | xargs sed -i'.bak' -e 's/ extends Module$/ extends com.fasterxml.jackson.databind.Module/'
Died at D:/Lab_SQA/defects4j/framework/core/Project/JacksonDatabind.pm line 93.
Compilation failed in require at D:\Lab_SQA\defects4j\framework\bin\defects4j line 195."
JacksonDatabind,67,CATG,default,1,0,False,error,0,0,False,0,0,0,0,0,0,0.0,"STATUS:ERROR:checkout JacksonDatabind-67b failed at D:\Lab_SQA\Defects4J_Projects\JacksonDatabind_67_b: exit=123
Checking out d906a341 to D:\Lab_SQA\Defects4J_Projects\JacksonDatabind_67_b OK
Init local repository...................................................... OK
Tag post-fix revision...................................................... OK
Apply patch................................................................ OK
Apply patch................................................................ OK
Apply patch................................................................ OK
Apply patch................................................................ OK
Correct Module ambiguity 1................................................. sed: can't read D:Lab_SQADefects4J_ProjectsJacksonDatabind_67_b/src/main/java/com/fasterxml/jackson/databind/module/SimpleModule.java: No such file or directory
sed: can't read D:Lab_SQADefects4J_ProjectsJacksonDatabind_67_b/src/test/java/com/fasterxml/jackson/databind/creators/TestCreatorNullValue.java: No such file or directory
sed: can't read D:Lab_SQADefects4J_ProjectsJacksonDatabind_67_b/src/test/java/com/fasterxml/jackson/databind/module/TestSimpleModule.java: No such file or directory
FAIL
Executed command: grep -lR ' extends Module$' D:\Lab_SQA\Defects4J_Projects\JacksonDatabind_67_b | xargs sed -i'.bak' -e 's/ extends Module$/ extends com.fasterxml.jackson.databind.Module/'
Died at D:/Lab_SQA/defects4j/framework/core/Project/JacksonDatabind.pm line 93.
Compilation failed in require at D:\Lab_SQA\defects4j\framework\bin\defects4j line 195."
JacksonDatabind,68,CATG,default,1,0,False,error,0,0,False,0,0,0,0,0,0,0.0,STATUS:ERROR:worker_exit_without_result
JacksonDatabind,69,CATG,default,1,0,False,error,0,0,False,0,0,0,0,0,0,0.0,"STATUS:ERROR:checkout JacksonDatabind-69b failed at D:\Lab_SQA\Defects4J_Projects\JacksonDatabind_69_b: exit=123
Checking out d44600d3 to D:\Lab_SQA\Defects4J_Projects\JacksonDatabind_69_b OK
Init local repository...................................................... OK
Tag post-fix revision...................................................... OK
Apply patch................................................................ OK
Apply patch................................................................ OK
Apply patch................................................................ OK
Apply patch................................................................ OK
Correct Module ambiguity 1................................................. sed: can't read D:Lab_SQADefects4J_ProjectsJacksonDatabind_69_b/src/main/java/com/fasterxml/jackson/databind/module/SimpleModule.java: No such file or directory
sed: can't read D:Lab_SQADefects4J_ProjectsJacksonDatabind_69_b/src/test/java/com/fasterxml/jackson/databind/creators/TestCreatorNullValue.java: No such file or directory
sed: can't read D:Lab_SQADefects4J_ProjectsJacksonDatabind_69_b/src/test/java/com/fasterxml/jackson/databind/module/TestSimpleModule.java: No such file or directory
FAIL
Executed command: grep -lR ' extends Module$' D:\Lab_SQA\Defects4J_Projects\JacksonDatabind_69_b | xargs sed -i'.bak' -e 's/ extends Module$/ extends com.fasterxml.jackson.databind.Module/'
Died at D:/Lab_SQA/defects4j/framework/core/Project/JacksonDatabind.pm line 93.
Compilation failed in require at D:\Lab_SQA\defects4j\framework\bin\defects4j line 195."
JacksonDatabind,70,CATG,default,1,0,False,error,0,0,False,0,0,0,0,0,0,0.0,"STATUS:ERROR:checkout JacksonDatabind-70b failed at D:\Lab_SQA\Defects4J_Projects\JacksonDatabind_70_b: exit=123
Checking out d7155de6 to D:\Lab_SQA\Defects4J_Projects\JacksonDatabind_70_b OK
Init local repository...................................................... OK
Tag post-fix revision...................................................... OK
Apply patch................................................................ OK
Apply patch................................................................ OK
Apply patch................................................................ OK
Apply patch................................................................ OK
Correct Module ambiguity 1................................................. sed: can't read D:Lab_SQADefects4J_ProjectsJacksonDatabind_70_b/src/main/java/com/fasterxml/jackson/databind/module/SimpleModule.java: No such file or directory
sed: can't read D:Lab_SQADefects4J_ProjectsJacksonDatabind_70_b/src/test/java/com/fasterxml/jackson/databind/creators/TestCreatorNullValue.java: No such file or directory
sed: can't read D:Lab_SQADefects4J_ProjectsJacksonDatabind_70_b/src/test/java/com/fasterxml/jackson/databind/module/TestSimpleModule.java: No such file or directory
FAIL
Executed command: grep -lR ' extends Module$' D:\Lab_SQA\Defects4J_Projects\JacksonDatabind_70_b | xargs sed -i'.bak' -e 's/ extends Module$/ extends com.fasterxml.jackson.databind.Module/'
Died at D:/Lab_SQA/defects4j/framework/core/Project/JacksonDatabind.pm line 93.
Compilation failed in require at D:\Lab_SQA\defects4j\framework\bin\defects4j line 195."
JacksonDatabind,71,CATG,default,1,0,False,error,0,0,False,0,0,0,0,0,0,0.0,"STATUS:ERROR:checkout JacksonDatabind-71b failed at D:\Lab_SQA\Defects4J_Projects\JacksonDatabind_71_b: exit=123
Checking out 23a73320 to D:\Lab_SQA\Defects4J_Projects\JacksonDatabind_71_b OK
Init local repository...................................................... OK
Tag post-fix revision...................................................... OK
Apply patch................................................................ OK
Apply patch................................................................ OK
Apply patch................................................................ OK
Apply patch................................................................ OK
Correct Module ambiguity 1................................................. sed: can't read D:Lab_SQADefects4J_ProjectsJacksonDatabind_71_b/src/main/java/com/fasterxml/jackson/databind/module/SimpleModule.java: No such file or directory
sed: can't read D:Lab_SQADefects4J_ProjectsJacksonDatabind_71_b/src/test/java/com/fasterxml/jackson/databind/creators/TestCreatorNullValue.java: No such file or directory
sed: can't read D:Lab_SQADefects4J_ProjectsJacksonDatabind_71_b/src/test/java/com/fasterxml/jackson/databind/module/TestSimpleModule.java: No such file or directory
FAIL
Executed command: grep -lR ' extends Module$' D:\Lab_SQA\Defects4J_Projects\JacksonDatabind_71_b | xargs sed -i'.bak' -e 's/ extends Module$/ extends com.fasterxml.jackson.databind.Module/'
Died at D:/Lab_SQA/defects4j/framework/core/Project/JacksonDatabind.pm line 93.
Compilation failed in require at D:\Lab_SQA\defects4j\framework\bin\defects4j line 195."
JacksonDatabind,72,CATG,default,1,0,False,error,0,0,False,0,0,0,0,0,0,0.0,"STATUS:ERROR:checkout JacksonDatabind-72b failed at D:\Lab_SQA\Defects4J_Projects\JacksonDatabind_72_b: exit=123
Checking out 63afa529 to D:\Lab_SQA\Defects4J_Projects\JacksonDatabind_72_b OK
Init local repository...................................................... OK
Tag post-fix revision...................................................... OK
Apply patch................................................................ OK
Apply patch................................................................ OK
Apply patch................................................................ OK
Apply patch................................................................ OK
Correct Module ambiguity 1................................................. sed: can't read D:Lab_SQADefects4J_ProjectsJacksonDatabind_72_b/src/main/java/com/fasterxml/jackson/databind/module/SimpleModule.java: No such file or directory
sed: can't read D:Lab_SQADefects4J_ProjectsJacksonDatabind_72_b/src/test/java/com/fasterxml/jackson/databind/creators/TestCreatorNullValue.java: No such file or directory
sed: can't read D:Lab_SQADefects4J_ProjectsJacksonDatabind_72_b/src/test/java/com/fasterxml/jackson/databind/module/TestSimpleModule.java: No such file or directory
FAIL
Executed command: grep -lR ' extends Module$' D:\Lab_SQA\Defects4J_Projects\JacksonDatabind_72_b | xargs sed -i'.bak' -e 's/ extends Module$/ extends com.fasterxml.jackson.databind.Module/'
Died at D:/Lab_SQA/defects4j/framework/core/Project/JacksonDatabind.pm line 93.
Compilation failed in require at D:\Lab_SQA\defects4j\framework\bin\defects4j line 195."
JacksonDatabind,73,CATG,default,1,0,False,error,0,0,False,0,0,0,0,0,0,0.0,STATUS:ERROR:worker_exit_without_result
JacksonDatabind,74,CATG,default,1,0,False,error,0,0,False,0,0,0,0,0,0,0.0,"STATUS:ERROR:checkout JacksonDatabind-74b failed at D:\Lab_SQA\Defects4J_Projects\JacksonDatabind_74_b: exit=123
Checking out 10d5ab37 to D:\Lab_SQA\Defects4J_Projects\JacksonDatabind_74_b OK
Init local repository...................................................... OK
Tag post-fix revision...................................................... OK
Apply patch................................................................ OK
Apply patch................................................................ OK
Apply patch................................................................ OK
Apply patch................................................................ OK
Correct Module ambiguity 1................................................. sed: can't read D:Lab_SQADefects4J_ProjectsJacksonDatabind_74_b/src/main/java/com/fasterxml/jackson/databind/module/SimpleModule.java: No such file or directory
sed: can't read D:Lab_SQADefects4J_ProjectsJacksonDatabind_74_b/src/test/java/com/fasterxml/jackson/databind/creators/TestCreatorNullValue.java: No such file or directory
sed: can't read D:Lab_SQADefects4J_ProjectsJacksonDatabind_74_b/src/test/java/com/fasterxml/jackson/databind/module/TestSimpleModule.java: No such file or directory
FAIL
Executed command: grep -lR ' extends Module$' D:\Lab_SQA\Defects4J_Projects\JacksonDatabind_74_b | xargs sed -i'.bak' -e 's/ extends Module$/ extends com.fasterxml.jackson.databind.Module/'
Died at D:/Lab_SQA/defects4j/framework/core/Project/JacksonDatabind.pm line 93.
Compilation failed in require at D:\Lab_SQA\defects4j\framework\bin\defects4j line 195."
JacksonDatabind,75,CATG,default,1,0,False,error,0,0,False,0,0,0,0,0,0,0.0,"STATUS:ERROR:checkout JacksonDatabind-75b failed at D:\Lab_SQA\Defects4J_Projects\JacksonDatabind_75_b: exit=123
Checking out ce114737 to D:\Lab_SQA\Defects4J_Projects\JacksonDatabind_75_b OK
Init local repository...................................................... OK
Tag post-fix revision...................................................... OK
Apply patch................................................................ OK
Apply patch................................................................ OK
Apply patch................................................................ OK
Apply patch................................................................ OK
Correct Module ambiguity 1................................................. sed: can't read D:Lab_SQADefects4J_ProjectsJacksonDatabind_75_b/src/main/java/com/fasterxml/jackson/databind/module/SimpleModule.java: No such file or directory
sed: can't read D:Lab_SQADefects4J_ProjectsJacksonDatabind_75_b/src/test/java/com/fasterxml/jackson/databind/creators/TestCreatorNullValue.java: No such file or directory
sed: can't read D:Lab_SQADefects4J_ProjectsJacksonDatabind_75_b/src/test/java/com/fasterxml/jackson/databind/module/TestSimpleModule.java: No such file or directory
FAIL
Executed command: grep -lR ' extends Module$' D:\Lab_SQA\Defects4J_Projects\JacksonDatabind_75_b | xargs sed -i'.bak' -e 's/ extends Module$/ extends com.fasterxml.jackson.databind.Module/'
Died at D:/Lab_SQA/defects4j/framework/core/Project/JacksonDatabind.pm line 93.
Compilation failed in require at D:\Lab_SQA\defects4j\framework\bin\defects4j line 195."
JacksonDatabind,76,CATG,default,1,0,False,error,0,0,False,0,0,0,0,0,0,0.0,"STATUS:ERROR:checkout JacksonDatabind-76b failed at D:\Lab_SQA\Defects4J_Projects\JacksonDatabind_76_b: exit=123
Checking out e08dafef to D:\Lab_SQA\Defects4J_Projects\JacksonDatabind_76_b OK
Init local repository...................................................... OK
Tag post-fix revision...................................................... OK
Apply patch................................................................ OK
Apply patch................................................................ OK
Apply patch................................................................ OK
Apply patch................................................................ OK
Correct Module ambiguity 1................................................. sed: can't read D:Lab_SQADefects4J_ProjectsJacksonDatabind_76_b/src/main/java/com/fasterxml/jackson/databind/module/SimpleModule.java: No such file or directory
sed: can't read D:Lab_SQADefects4J_ProjectsJacksonDatabind_76_b/src/test/java/com/fasterxml/jackson/databind/creators/TestCreatorNullValue.java: No such file or directory
sed: can't read D:Lab_SQADefects4J_ProjectsJacksonDatabind_76_b/src/test/java/com/fasterxml/jackson/databind/module/TestSimpleModule.java: No such file or directory
FAIL
Executed command: grep -lR ' extends Module$' D:\Lab_SQA\Defects4J_Projects\JacksonDatabind_76_b | xargs sed -i'.bak' -e 's/ extends Module$/ extends com.fasterxml.jackson.databind.Module/'
Died at D:/Lab_SQA/defects4j/framework/core/Project/JacksonDatabind.pm line 93.
Compilation failed in require at D:\Lab_SQA\defects4j\framework\bin\defects4j line 195."
JacksonDatabind,78,CATG,default,1,0,False,error,0,0,False,0,0,0,0,0,0,0.0,"STATUS:ERROR:checkout JacksonDatabind-78b failed at D:\Lab_SQA\Defects4J_Projects\JacksonDatabind_78_b: exit=123
Checking out 60d459ce to D:\Lab_SQA\Defects4J_Projects\JacksonDatabind_78_b OK
Init local repository...................................................... OK
Tag post-fix revision...................................................... OK
Apply patch................................................................ OK
Apply patch................................................................ OK
Apply patch................................................................ OK
Apply patch................................................................ OK
Correct Module ambiguity 1................................................. sed: can't read D:Lab_SQADefects4J_ProjectsJacksonDatabind_78_b/src/main/java/com/fasterxml/jackson/databind/module/SimpleModule.java: No such file or directory
sed: can't read D:Lab_SQADefects4J_ProjectsJacksonDatabind_78_b/src/test/java/com/fasterxml/jackson/databind/creators/TestCreatorNullValue.java: No such file or directory
sed: can't read D:Lab_SQADefects4J_ProjectsJacksonDatabind_78_b/src/test/java/com/fasterxml/jackson/databind/module/TestSimpleModule.java: No such file or directory
FAIL
Executed command: grep -lR ' extends Module$' D:\Lab_SQA\Defects4J_Projects\JacksonDatabind_78_b | xargs sed -i'.bak' -e 's/ extends Module$/ extends com.fasterxml.jackson.databind.Module/'
Died at D:/Lab_SQA/defects4j/framework/core/Project/JacksonDatabind.pm line 93.
Compilation failed in require at D:\Lab_SQA\defects4j\framework\bin\defects4j line 195."
JacksonDatabind,79,CATG,default,1,0,False,error,0,0,False,0,0,0,0,0,0,0.0,"STATUS:ERROR:checkout JacksonDatabind-79b failed at D:\Lab_SQA\Defects4J_Projects\JacksonDatabind_79_b: exit=123
Checking out ec859af1 to D:\Lab_SQA\Defects4J_Projects\JacksonDatabind_79_b OK
Init local repository...................................................... OK
Tag post-fix revision...................................................... OK
Apply patch................................................................ OK
Apply patch................................................................ OK
Apply patch................................................................ OK
Apply patch................................................................ OK
Correct Module ambiguity 1................................................. sed: can't read D:Lab_SQADefects4J_ProjectsJacksonDatabind_79_b/src/main/java/com/fasterxml/jackson/databind/module/SimpleModule.java: No such file or directory
sed: can't read D:Lab_SQADefects4J_ProjectsJacksonDatabind_79_b/src/test/java/com/fasterxml/jackson/databind/creators/TestCreatorNullValue.java: No such file or directory
sed: can't read D:Lab_SQADefects4J_ProjectsJacksonDatabind_79_b/src/test/java/com/fasterxml/jackson/databind/module/TestSimpleModule.java: No such file or directory
FAIL
Executed command: grep -lR ' extends Module$' D:\Lab_SQA\Defects4J_Projects\JacksonDatabind_79_b | xargs sed -i'.bak' -e 's/ extends Module$/ extends com.fasterxml.jackson.databind.Module/'
Died at D:/Lab_SQA/defects4j/framework/core/Project/JacksonDatabind.pm line 93.
Compilation failed in require at D:\Lab_SQA\defects4j\framework\bin\defects4j line 195."
JacksonDatabind,80,CATG,default,1,0,False,error,0,0,False,0,0,0,0,0,0,0.0,"STATUS:ERROR:checkout JacksonDatabind-80b failed at D:\Lab_SQA\Defects4J_Projects\JacksonDatabind_80_b: exit=123
Checking out 974ccddf to D:\Lab_SQA\Defects4J_Projects\JacksonDatabind_80_b OK
Init local repository...................................................... OK
Tag post-fix revision...................................................... OK
Apply patch................................................................ OK
Correct Module ambiguity 1................................................. sed: can't read D:Lab_SQADefects4J_ProjectsJacksonDatabind_80_b/src/main/java/com/fasterxml/jackson/databind/module/SimpleModule.java: No such file or directory
sed: can't read D:Lab_SQADefects4J_ProjectsJacksonDatabind_80_b/src/test/java/com/fasterxml/jackson/databind/creators/TestCreatorNullValue.java: No such file or directory
sed: can't read D:Lab_SQADefects4J_ProjectsJacksonDatabind_80_b/src/test/java/com/fasterxml/jackson/databind/deser/builder/BuilderSimpleTest.java: No such file or directory
sed: can't read D:Lab_SQADefects4J_ProjectsJacksonDatabind_80_b/src/test/java/com/fasterxml/jackson/databind/module/SimpleModuleTest.java: No such file or directory
FAIL
Executed command: grep -lR ' extends Module$' D:\Lab_SQA\Defects4J_Projects\JacksonDatabind_80_b | xargs sed -i'.bak' -e 's/ extends Module$/ extends com.fasterxml.jackson.databind.Module/'
Died at D:/Lab_SQA/defects4j/framework/core/Project/JacksonDatabind.pm line 93.
Compilation failed in require at D:\Lab_SQA\defects4j\framework\bin\defects4j line 195."
JacksonDatabind,82,CATG,default,1,0,False,error,0,0,False,0,0,0,0,0,0,0.0,"STATUS:ERROR:checkout JacksonDatabind-82b failed at D:\Lab_SQA\Defects4J_Projects\JacksonDatabind_82_b: exit=123
Checking out 4a2b1ae0 to D:\Lab_SQA\Defects4J_Projects\JacksonDatabind_82_b OK
Init local repository...................................................... OK
Tag post-fix revision...................................................... OK
Apply patch................................................................ OK
Apply patch................................................................ OK
Apply patch................................................................ OK
Apply patch................................................................ OK
Correct Module ambiguity 1................................................. sed: can't read D:Lab_SQADefects4J_ProjectsJacksonDatabind_82_b/src/main/java/com/fasterxml/jackson/databind/module/SimpleModule.java: No such file or directory
sed: can't read D:Lab_SQADefects4J_ProjectsJacksonDatabind_82_b/src/test/java/com/fasterxml/jackson/databind/creators/TestCreatorNullValue.java: No such file or directory
sed: can't read D:Lab_SQADefects4J_ProjectsJacksonDatabind_82_b/src/test/java/com/fasterxml/jackson/databind/module/TestSimpleModule.java: No such file or directory
FAIL
Executed command: grep -lR ' extends Module$' D:\Lab_SQA\Defects4J_Projects\JacksonDatabind_82_b | xargs sed -i'.bak' -e 's/ extends Module$/ extends com.fasterxml.jackson.databind.Module/'
Died at D:/Lab_SQA/defects4j/framework/core/Project/JacksonDatabind.pm line 93.
Compilation failed in require at D:\Lab_SQA\defects4j\framework\bin\defects4j line 195."
JacksonDatabind,81,CATG,default,1,0,False,error,0,0,False,0,0,0,0,0,0,0.0,"STATUS:ERROR:checkout JacksonDatabind-81b failed at D:\Lab_SQA\Defects4J_Projects\JacksonDatabind_81_b: exit=123
Checking out 029413a6 to D:\Lab_SQA\Defects4J_Projects\JacksonDatabind_81_b OK
Init local repository...................................................... OK
Tag post-fix revision...................................................... OK
Apply patch................................................................ OK
Correct Module ambiguity 1................................................. sed: can't read D:Lab_SQADefects4J_ProjectsJacksonDatabind_81_b/src/main/java/com/fasterxml/jackson/databind/module/SimpleModule.java: No such file or directory
sed: can't read D:Lab_SQADefects4J_ProjectsJacksonDatabind_81_b/src/test/java/com/fasterxml/jackson/databind/creators/TestCreatorNullValue.java: No such file or directory
sed: can't read D:Lab_SQADefects4J_ProjectsJacksonDatabind_81_b/src/test/java/com/fasterxml/jackson/databind/deser/builder/BuilderSimpleTest.java: No such file or directory
sed: can't read D:Lab_SQADefects4J_ProjectsJacksonDatabind_81_b/src/test/java/com/fasterxml/jackson/databind/module/SimpleModuleTest.java: No such file or directory
FAIL
Executed command: grep -lR ' extends Module$' D:\Lab_SQA\Defects4J_Projects\JacksonDatabind_81_b | xargs sed -i'.bak' -e 's/ extends Module$/ extends com.fasterxml.jackson.databind.Module/'
Died at D:/Lab_SQA/defects4j/framework/core/Project/JacksonDatabind.pm line 93.
Compilation failed in require at D:\Lab_SQA\defects4j\framework\bin\defects4j line 195."
JacksonDatabind,84,CATG,default,1,0,False,error,0,0,False,0,0,0,0,0,0,0.0,STATUS:ERROR:worker_exit_without_result
JacksonDatabind,85,CATG,default,1,0,False,error,0,0,False,0,0,0,0,0,0,0.0,"STATUS:ERROR:checkout JacksonDatabind-85b failed at D:\Lab_SQA\Defects4J_Projects\JacksonDatabind_85_b: exit=123
Checking out 93f7e14d to D:\Lab_SQA\Defects4J_Projects\JacksonDatabind_85_b OK
Init local repository...................................................... OK
Tag post-fix revision...................................................... OK
Apply patch................................................................ OK
Apply patch................................................................ OK
Apply patch................................................................ OK
Apply patch................................................................ OK
Correct Module ambiguity 1................................................. sed: can't read D:Lab_SQADefects4J_ProjectsJacksonDatabind_85_b/src/main/java/com/fasterxml/jackson/databind/module/SimpleModule.java: No such file or directory
sed: can't read D:Lab_SQADefects4J_ProjectsJacksonDatabind_85_b/src/test/java/com/fasterxml/jackson/databind/creators/TestCreatorNullValue.java: No such file or directory
sed: can't read D:Lab_SQADefects4J_ProjectsJacksonDatabind_85_b/src/test/java/com/fasterxml/jackson/databind/module/TestSimpleModule.java: No such file or directory
FAIL
Executed command: grep -lR ' extends Module$' D:\Lab_SQA\Defects4J_Projects\JacksonDatabind_85_b | xargs sed -i'.bak' -e 's/ extends Module$/ extends com.fasterxml.jackson.databind.Module/'
Died at D:/Lab_SQA/defects4j/framework/core/Project/JacksonDatabind.pm line 93.
Compilation failed in require at D:\Lab_SQA\defects4j\framework\bin\defects4j line 195."
JacksonDatabind,86,CATG,default,1,0,False,error,0,0,False,0,0,0,0,0,0,0.0,"STATUS:ERROR:checkout JacksonDatabind-86b failed at D:\Lab_SQA\Defects4J_Projects\JacksonDatabind_86_b: exit=123
Checking out 3d743477 to D:\Lab_SQA\Defects4J_Projects\JacksonDatabind_86_b OK
Init local repository...................................................... OK
Tag post-fix revision...................................................... OK
Apply patch................................................................ OK
Apply patch................................................................ OK
Apply patch................................................................ OK
Apply patch................................................................ OK
Correct Module ambiguity 1................................................. sed: can't read D:Lab_SQADefects4J_ProjectsJacksonDatabind_86_b/src/main/java/com/fasterxml/jackson/databind/module/SimpleModule.java: No such file or directory
sed: can't read D:Lab_SQADefects4J_ProjectsJacksonDatabind_86_b/src/test/java/com/fasterxml/jackson/databind/creators/TestCreatorNullValue.java: No such file or directory
sed: can't read D:Lab_SQADefects4J_ProjectsJacksonDatabind_86_b/src/test/java/com/fasterxml/jackson/databind/module/TestSimpleModule.java: No such file or directory
FAIL
Executed command: grep -lR ' extends Module$' D:\Lab_SQA\Defects4J_Projects\JacksonDatabind_86_b | xargs sed -i'.bak' -e 's/ extends Module$/ extends com.fasterxml.jackson.databind.Module/'
Died at D:/Lab_SQA/defects4j/framework/core/Project/JacksonDatabind.pm line 93.
Compilation failed in require at D:\Lab_SQA\defects4j\framework\bin\defects4j line 195."
JacksonDatabind,88,CATG,default,1,0,False,error,0,0,False,0,0,0,0,0,0,0.0,"STATUS:ERROR:checkout JacksonDatabind-88b failed at D:\Lab_SQA\Defects4J_Projects\JacksonDatabind_88_b: exit=123
Checking out f2c445d6 to D:\Lab_SQA\Defects4J_Projects\JacksonDatabind_88_b OK
Init local repository...................................................... OK
Tag post-fix revision...................................................... OK
Apply patch................................................................ OK
Apply patch................................................................ OK
Apply patch................................................................ OK
Apply patch................................................................ OK
Correct Module ambiguity 1................................................. sed: can't read D:Lab_SQADefects4J_ProjectsJacksonDatabind_88_b/src/main/java/com/fasterxml/jackson/databind/module/SimpleModule.java: No such file or directory
sed: can't read D:Lab_SQADefects4J_ProjectsJacksonDatabind_88_b/src/test/java/com/fasterxml/jackson/databind/creators/TestCreatorNullValue.java: No such file or directory
sed: can't read D:Lab_SQADefects4J_ProjectsJacksonDatabind_88_b/src/test/java/com/fasterxml/jackson/databind/module/TestSimpleModule.java: No such file or directory
FAIL
Executed command: grep -lR ' extends Module$' D:\Lab_SQA\Defects4J_Projects\JacksonDatabind_88_b | xargs sed -i'.bak' -e 's/ extends Module$/ extends com.fasterxml.jackson.databind.Module/'
Died at D:/Lab_SQA/defects4j/framework/core/Project/JacksonDatabind.pm line 93.
Compilation failed in require at D:\Lab_SQA\defects4j\framework\bin\defects4j line 195."
JacksonDatabind,87,CATG,default,1,0,False,error,0,0,False,0,0,0,0,0,0,0.0,STATUS:ERROR:worker_exit_without_result
JacksonDatabind,90,CATG,default,1,0,False,error,0,0,False,0,0,0,0,0,0,0.0,"STATUS:ERROR:checkout JacksonDatabind-90b failed at D:\Lab_SQA\Defects4J_Projects\JacksonDatabind_90_b: exit=123
Checking out a1404d56 to D:\Lab_SQA\Defects4J_Projects\JacksonDatabind_90_b OK
Init local repository...................................................... OK
Tag post-fix revision...................................................... OK
Apply patch................................................................ OK
Apply patch................................................................ OK
Apply patch................................................................ OK
Apply patch................................................................ OK
Correct Module ambiguity 1................................................. sed: can't read D:Lab_SQADefects4J_ProjectsJacksonDatabind_90_b/src/main/java/com/fasterxml/jackson/databind/module/SimpleModule.java: No such file or directory
sed: can't read D:Lab_SQADefects4J_ProjectsJacksonDatabind_90_b/src/test/java/com/fasterxml/jackson/databind/creators/TestCreatorNullValue.java: No such file or directory
sed: can't read D:Lab_SQADefects4J_ProjectsJacksonDatabind_90_b/src/test/java/com/fasterxml/jackson/databind/module/TestSimpleModule.java: No such file or directory
FAIL
Executed command: grep -lR ' extends Module$' D:\Lab_SQA\Defects4J_Projects\JacksonDatabind_90_b | xargs sed -i'.bak' -e 's/ extends Module$/ extends com.fasterxml.jackson.databind.Module/'
Died at D:/Lab_SQA/defects4j/framework/core/Project/JacksonDatabind.pm line 93.
Compilation failed in require at D:\Lab_SQA\defects4j\framework\bin\defects4j line 195."
JacksonDatabind,91,CATG,default,1,0,False,error,0,0,False,0,0,0,0,0,0,0.0,STATUS:ERROR:worker_exit_without_result
JacksonDatabind,92,CATG,default,1,0,False,error,0,0,False,0,0,0,0,0,0,0.0,"STATUS:ERROR:checkout JacksonDatabind-92b failed at D:\Lab_SQA\Defects4J_Projects\JacksonDatabind_92_b: exit=123
Checking out e865a7a4 to D:\Lab_SQA\Defects4J_Projects\JacksonDatabind_92_b OK
Init local repository...................................................... OK
Tag post-fix revision...................................................... OK
Apply patch................................................................ OK
Apply patch................................................................ OK
Apply patch................................................................ OK
Apply patch................................................................ OK
Correct Module ambiguity 1................................................. sed: can't read D:Lab_SQADefects4J_ProjectsJacksonDatabind_92_b/src/main/java/com/fasterxml/jackson/databind/module/SimpleModule.java: No such file or directory
sed: can't read D:Lab_SQADefects4J_ProjectsJacksonDatabind_92_b/src/test/java/com/fasterxml/jackson/databind/creators/TestCreatorNullValue.java: No such file or directory
sed: can't read D:Lab_SQADefects4J_ProjectsJacksonDatabind_92_b/src/test/java/com/fasterxml/jackson/databind/module/TestSimpleModule.java: No such file or directory
FAIL
Executed command: grep -lR ' extends Module$' D:\Lab_SQA\Defects4J_Projects\JacksonDatabind_92_b | xargs sed -i'.bak' -e 's/ extends Module$/ extends com.fasterxml.jackson.databind.Module/'
Died at D:/Lab_SQA/defects4j/framework/core/Project/JacksonDatabind.pm line 93.
Compilation failed in require at D:\Lab_SQA\defects4j\framework\bin\defects4j line 195."
JacksonDatabind,93,CATG,default,1,0,False,error,0,0,False,0,0,0,0,0,0,0.0,STATUS:ERROR:worker_exit_without_result
JacksonDatabind,94,CATG,default,1,0,False,error,0,0,False,0,0,0,0,0,0,0.0,"STATUS:ERROR:checkout JacksonDatabind-94b failed at D:\Lab_SQA\Defects4J_Projects\JacksonDatabind_94_b: exit=123
Checking out 6799f8f1 to D:\Lab_SQA\Defects4J_Projects\JacksonDatabind_94_b OK
Init local repository...................................................... OK
Tag post-fix revision...................................................... OK
Apply patch................................................................ OK
Apply patch................................................................ OK
Apply patch................................................................ OK
Apply patch................................................................ OK
Apply patch................................................................ OK
Correct Module ambiguity 1................................................. sed: can't read D:Lab_SQADefects4J_ProjectsJacksonDatabind_94_b/src/main/java/com/fasterxml/jackson/databind/module/SimpleModule.java: No such file or directory
sed: can't read D:Lab_SQADefects4J_ProjectsJacksonDatabind_94_b/src/test/java/com/fasterxml/jackson/databind/creators/TestCreatorNullValue.java: No such file or directory
sed: can't read D:Lab_SQADefects4J_ProjectsJacksonDatabind_94_b/src/test/java/com/fasterxml/jackson/databind/module/TestSimpleModule.java: No such file or directory
FAIL
Executed command: grep -lR ' extends Module$' D:\Lab_SQA\Defects4J_Projects\JacksonDatabind_94_b | xargs sed -i'.bak' -e 's/ extends Module$/ extends com.fasterxml.jackson.databind.Module/'
Died at D:/Lab_SQA/defects4j/framework/core/Project/JacksonDatabind.pm line 93.
Compilation failed in require at D:\Lab_SQA\defects4j\framework\bin\defects4j line 195."
JacksonDatabind,95,CATG,default,1,0,False,error,0,0,False,0,0,0,0,0,0,0.0,"STATUS:ERROR:checkout JacksonDatabind-95b failed at D:\Lab_SQA\Defects4J_Projects\JacksonDatabind_95_b: exit=123
Checking out 18dc249e to D:\Lab_SQA\Defects4J_Projects\JacksonDatabind_95_b OK
Init local repository...................................................... OK
Tag post-fix revision...................................................... OK
Apply patch................................................................ OK
Apply patch................................................................ OK
Apply patch................................................................ OK
Apply patch................................................................ OK
Apply patch................................................................ OK
Correct Module ambiguity 1................................................. sed: can't read D:Lab_SQADefects4J_ProjectsJacksonDatabind_95_b/src/main/java/com/fasterxml/jackson/databind/module/SimpleModule.java: No such file or directory
sed: can't read D:Lab_SQADefects4J_ProjectsJacksonDatabind_95_b/src/test/java/com/fasterxml/jackson/databind/creators/TestCreatorNullValue.java: No such file or directory
sed: can't read D:Lab_SQADefects4J_ProjectsJacksonDatabind_95_b/src/test/java/com/fasterxml/jackson/databind/module/TestSimpleModule.java: No such file or directory
FAIL
Executed command: grep -lR ' extends Module$' D:\Lab_SQA\Defects4J_Projects\JacksonDatabind_95_b | xargs sed -i'.bak' -e 's/ extends Module$/ extends com.fasterxml.jackson.databind.Module/'
Died at D:/Lab_SQA/defects4j/framework/core/Project/JacksonDatabind.pm line 93.
Compilation failed in require at D:\Lab_SQA\defects4j\framework\bin\defects4j line 195."
JacksonDatabind,96,CATG,default,1,0,False,error,0,0,False,0,0,0,0,0,0,0.0,STATUS:ERROR:worker_exit_without_result
JacksonDatabind,97,CATG,default,1,0,False,error,0,0,False,0,0,0,0,0,0,0.0,"STATUS:ERROR:checkout JacksonDatabind-97b failed at D:\Lab_SQA\Defects4J_Projects\JacksonDatabind_97_b: exit=123
Checking out 0e06d15b to D:\Lab_SQA\Defects4J_Projects\JacksonDatabind_97_b OK
Init local repository...................................................... OK
Tag post-fix revision...................................................... OK
Apply patch................................................................ OK
Apply patch................................................................ OK
Correct Module ambiguity 2................................................. sed: can't read D:Lab_SQADefects4J_ProjectsJacksonDatabind_97_b/src/main/java/com/fasterxml/jackson/databind/module/SimpleModule.java: No such file or directory
sed: can't read D:Lab_SQADefects4J_ProjectsJacksonDatabind_97_b/src/main/java/com/fasterxml/jackson/databind/Module.java: No such file or directory
sed: can't read D:Lab_SQADefects4J_ProjectsJacksonDatabind_97_b/src/main/java/com/fasterxml/jackson/databind/ObjectMapper.java: No such file or directory
FAIL
Executed command: grep -lR ' Module ' D:\Lab_SQA\Defects4J_Projects\JacksonDatabind_97_b | xargs sed -i'.bak' -e 's/ Module / com.fasterxml.jackson.databind.Module /'
Died at D:/Lab_SQA/defects4j/framework/core/Project/JacksonDatabind.pm line 100.
Compilation failed in require at D:\Lab_SQA\defects4j\framework\bin\defects4j line 195."
JacksonDatabind,98,CATG,default,1,0,False,error,0,0,False,0,0,0,0,0,0,0.0,"STATUS:ERROR:checkout JacksonDatabind-98b failed at D:\Lab_SQA\Defects4J_Projects\JacksonDatabind_98_b: exit=123
Checking out 12f82c60 to D:\Lab_SQA\Defects4J_Projects\JacksonDatabind_98_b OK
Init local repository...................................................... OK
Tag post-fix revision...................................................... OK
Apply patch................................................................ OK
Apply patch................................................................ OK
Correct Module ambiguity 2................................................. sed: can't read D:Lab_SQADefects4J_ProjectsJacksonDatabind_98_b/src/main/java/com/fasterxml/jackson/databind/module/SimpleModule.java: No such file or directory
sed: can't read D:Lab_SQADefects4J_ProjectsJacksonDatabind_98_b/src/main/java/com/fasterxml/jackson/databind/Module.java: No such file or directory
sed: can't read D:Lab_SQADefects4J_ProjectsJacksonDatabind_98_b/src/main/java/com/fasterxml/jackson/databind/ObjectMapper.java: No such file or directory
FAIL
Executed command: grep -lR ' Module ' D:\Lab_SQA\Defects4J_Projects\JacksonDatabind_98_b | xargs sed -i'.bak' -e 's/ Module / com.fasterxml.jackson.databind.Module /'
Died at D:/Lab_SQA/defects4j/framework/core/Project/JacksonDatabind.pm line 100.
Compilation failed in require at D:\Lab_SQA\defects4j\framework\bin\defects4j line 195."
JacksonDatabind,99,CATG,default,1,0,False,error,0,0,False,0,0,0,0,0,0,0.0,"STATUS:ERROR:checkout JacksonDatabind-99b failed at D:\Lab_SQA\Defects4J_Projects\JacksonDatabind_99_b: exit=123
Checking out bc91126c to D:\Lab_SQA\Defects4J_Projects\JacksonDatabind_99_b OK
Init local repository...................................................... OK
Tag post-fix revision...................................................... OK
Apply patch................................................................ OK
Apply patch................................................................ OK
Apply patch................................................................ OK
Apply patch................................................................ OK
Apply patch................................................................ OK
Correct Module ambiguity 1................................................. sed: can't read D:Lab_SQADefects4J_ProjectsJacksonDatabind_99_b/src/main/java/com/fasterxml/jackson/databind/module/SimpleModule.java: No such file or directory
sed: can't read D:Lab_SQADefects4J_ProjectsJacksonDatabind_99_b/src/test/java/com/fasterxml/jackson/databind/creators/TestCreatorNullValue.java: No such file or directory
sed: can't read D:Lab_SQADefects4J_ProjectsJacksonDatabind_99_b/src/test/java/com/fasterxml/jackson/databind/module/TestSimpleModule.java: No such file or directory
FAIL
Executed command: grep -lR ' extends Module$' D:\Lab_SQA\Defects4J_Projects\JacksonDatabind_99_b | xargs sed -i'.bak' -e 's/ extends Module$/ extends com.fasterxml.jackson.databind.Module/'
Died at D:/Lab_SQA/defects4j/framework/core/Project/JacksonDatabind.pm line 93.
Compilation failed in require at D:\Lab_SQA\defects4j\framework\bin\defects4j line 195."
JacksonDatabind,100,CATG,default,1,0,False,error,0,0,False,0,0,0,0,0,0,0.0,"STATUS:ERROR:checkout JacksonDatabind-100b failed at D:\Lab_SQA\Defects4J_Projects\JacksonDatabind_100_b: exit=123
Checking out d98ae778 to D:\Lab_SQA\Defects4J_Projects\JacksonDatabind_100_ OK
Init local repository...................................................... OK
Tag post-fix revision...................................................... OK
Apply patch................................................................ OK
Apply patch................................................................ OK
Correct Module ambiguity 2................................................. sed: can't read D:Lab_SQADefects4J_ProjectsJacksonDatabind_100_b/src/main/java/com/fasterxml/jackson/databind/module/SimpleModule.java: No such file or directory
sed: can't read D:Lab_SQADefects4J_ProjectsJacksonDatabind_100_b/src/main/java/com/fasterxml/jackson/databind/Module.java: No such file or directory
sed: can't read D:Lab_SQADefects4J_ProjectsJacksonDatabind_100_b/src/main/java/com/fasterxml/jackson/databind/ObjectMapper.java: No such file or directory
FAIL
Executed command: grep -lR ' Module ' D:\Lab_SQA\Defects4J_Projects\JacksonDatabind_100_b | xargs sed -i'.bak' -e 's/ Module / com.fasterxml.jackson.databind.Module /'
Died at D:/Lab_SQA/defects4j/framework/core/Project/JacksonDatabind.pm line 100.
Compilation failed in require at D:\Lab_SQA\defects4j\framework\bin\defects4j line 195."
JacksonDatabind,102,CATG,default,1,0,False,error,0,0,False,0,0,0,0,0,0,0.0,"STATUS:ERROR:checkout JacksonDatabind-102b failed at D:\Lab_SQA\Defects4J_Projects\JacksonDatabind_102_b: exit=123
Checking out 323cd0b3 to D:\Lab_SQA\Defects4J_Projects\JacksonDatabind_102_ OK
Init local repository...................................................... OK
Tag post-fix revision...................................................... OK
Apply patch................................................................ OK
Apply patch................................................................ OK
Correct Module ambiguity 2................................................. sed: can't read D:Lab_SQADefects4J_ProjectsJacksonDatabind_102_b/src/main/java/com/fasterxml/jackson/databind/module/SimpleModule.java: No such file or directory
sed: can't read D:Lab_SQADefects4J_ProjectsJacksonDatabind_102_b/src/main/java/com/fasterxml/jackson/databind/Module.java: No such file or directory
sed: can't read D:Lab_SQADefects4J_ProjectsJacksonDatabind_102_b/src/main/java/com/fasterxml/jackson/databind/ObjectMapper.java: No such file or directory
FAIL
Executed command: grep -lR ' Module ' D:\Lab_SQA\Defects4J_Projects\JacksonDatabind_102_b | xargs sed -i'.bak' -e 's/ Module / com.fasterxml.jackson.databind.Module /'
Died at D:/Lab_SQA/defects4j/framework/core/Project/JacksonDatabind.pm line 100.
Compilation failed in require at D:\Lab_SQA\defects4j\framework\bin\defects4j line 195."
JacksonDatabind,103,CATG,default,1,0,False,error,0,0,False,0,0,0,0,0,0,0.0,"STATUS:ERROR:checkout JacksonDatabind-103b failed at D:\Lab_SQA\Defects4J_Projects\JacksonDatabind_103_b: exit=123
Checking out f6cf1817 to D:\Lab_SQA\Defects4J_Projects\JacksonDatabind_103_ OK
Init local repository...................................................... OK
Tag post-fix revision...................................................... OK
Apply patch................................................................ OK
Apply patch................................................................ OK
Correct Module ambiguity 2................................................. sed: can't read D:Lab_SQADefects4J_ProjectsJacksonDatabind_103_b/src/main/java/com/fasterxml/jackson/databind/module/SimpleModule.java: No such file or directory
sed: can't read D:Lab_SQADefects4J_ProjectsJacksonDatabind_103_b/src/main/java/com/fasterxml/jackson/databind/Module.java: No such file or directory
sed: can't read D:Lab_SQADefects4J_ProjectsJacksonDatabind_103_b/src/main/java/com/fasterxml/jackson/databind/ObjectMapper.java: No such file or directory
FAIL
Executed command: grep -lR ' Module ' D:\Lab_SQA\Defects4J_Projects\JacksonDatabind_103_b | xargs sed -i'.bak' -e 's/ Module / com.fasterxml.jackson.databind.Module /'
Died at D:/Lab_SQA/defects4j/framework/core/Project/JacksonDatabind.pm line 100.
Compilation failed in require at D:\Lab_SQA\defects4j\framework\bin\defects4j line 195."
JacksonDatabind,104,CATG,default,1,0,False,error,0,0,False,0,0,0,0,0,0,0.0,"STATUS:ERROR:checkout JacksonDatabind-104b failed at D:\Lab_SQA\Defects4J_Projects\JacksonDatabind_104_b: exit=123
Checking out 83c7c434 to D:\Lab_SQA\Defects4J_Projects\JacksonDatabind_104_ OK
Init local repository...................................................... OK
Tag post-fix revision...................................................... OK
Apply patch................................................................ OK
Apply patch................................................................ OK
Correct Module ambiguity 2................................................. sed: can't read D:Lab_SQADefects4J_ProjectsJacksonDatabind_104_b/src/main/java/com/fasterxml/jackson/databind/module/SimpleModule.java: No such file or directory
sed: can't read D:Lab_SQADefects4J_ProjectsJacksonDatabind_104_b/src/main/java/com/fasterxml/jackson/databind/Module.java: No such file or directory
sed: can't read D:Lab_SQADefects4J_ProjectsJacksonDatabind_104_b/src/main/java/com/fasterxml/jackson/databind/ObjectMapper.java: No such file or directory
FAIL
Executed command: grep -lR ' Module ' D:\Lab_SQA\Defects4J_Projects\JacksonDatabind_104_b | xargs sed -i'.bak' -e 's/ Module / com.fasterxml.jackson.databind.Module /'
Died at D:/Lab_SQA/defects4j/framework/core/Project/JacksonDatabind.pm line 100.
Compilation failed in require at D:\Lab_SQA\defects4j\framework\bin\defects4j line 195."
JacksonDatabind,105,CATG,default,1,0,False,error,0,0,False,0,0,0,0,0,0,0.0,"STATUS:ERROR:checkout JacksonDatabind-105b failed at D:\Lab_SQA\Defects4J_Projects\JacksonDatabind_105_b: exit=123
Checking out 69903aeb to D:\Lab_SQA\Defects4J_Projects\JacksonDatabind_105_ OK
Init local repository...................................................... OK
Tag post-fix revision...................................................... OK
Apply patch................................................................ OK
Apply patch................................................................ OK
Correct Module ambiguity 2................................................. sed: can't read D:Lab_SQADefects4J_ProjectsJacksonDatabind_105_b/src/main/java/com/fasterxml/jackson/databind/module/SimpleModule.java: No such file or directory
sed: can't read D:Lab_SQADefects4J_ProjectsJacksonDatabind_105_b/src/main/java/com/fasterxml/jackson/databind/Module.java: No such file or directory
sed: can't read D:Lab_SQADefects4J_ProjectsJacksonDatabind_105_b/src/main/java/com/fasterxml/jackson/databind/ObjectMapper.java: No such file or directory
FAIL
Executed command: grep -lR ' Module ' D:\Lab_SQA\Defects4J_Projects\JacksonDatabind_105_b | xargs sed -i'.bak' -e 's/ Module / com.fasterxml.jackson.databind.Module /'
Died at D:/Lab_SQA/defects4j/framework/core/Project/JacksonDatabind.pm line 100.
Compilation failed in require at D:\Lab_SQA\defects4j\framework\bin\defects4j line 195."
JacksonDatabind,106,CATG,default,1,0,False,error,0,0,False,0,0,0,0,0,0,0.0,"STATUS:ERROR:checkout JacksonDatabind-106b failed at D:\Lab_SQA\Defects4J_Projects\JacksonDatabind_106_b: exit=123
Checking out 6ef86656 to D:\Lab_SQA\Defects4J_Projects\JacksonDatabind_106_ OK
Init local repository...................................................... OK
Tag post-fix revision...................................................... OK
Apply patch................................................................ OK
Apply patch................................................................ OK
Correct Module ambiguity 2................................................. sed: can't read D:Lab_SQADefects4J_ProjectsJacksonDatabind_106_b/src/main/java/com/fasterxml/jackson/databind/cfg/MapperBuilder.java: No such file or directory
sed: can't read D:Lab_SQADefects4J_ProjectsJacksonDatabind_106_b/src/main/java/com/fasterxml/jackson/databind/module/SimpleModule.java: No such file or directory
sed: can't read D:Lab_SQADefects4J_ProjectsJacksonDatabind_106_b/src/main/java/com/fasterxml/jackson/databind/Module.java: No such file or directory
sed: can't read D:Lab_SQADefects4J_ProjectsJacksonDatabind_106_b/src/main/java/com/fasterxml/jackson/databind/ObjectMapper.java: No such file or directory
FAIL
Executed command: grep -lR ' Module ' D:\Lab_SQA\Defects4J_Projects\JacksonDatabind_106_b | xargs sed -i'.bak' -e 's/ Module / com.fasterxml.jackson.databind.Module /'
Died at D:/Lab_SQA/defects4j/framework/core/Project/JacksonDatabind.pm line 100.
Compilation failed in require at D:\Lab_SQA\defects4j\framework\bin\defects4j line 195."
JacksonDatabind,107,CATG,default,1,0,False,error,0,0,False,0,0,0,0,0,0,0.0,"STATUS:ERROR:checkout JacksonDatabind-107b failed at D:\Lab_SQA\Defects4J_Projects\JacksonDatabind_107_b: exit=123
Checking out f3a17980 to D:\Lab_SQA\Defects4J_Projects\JacksonDatabind_107_ OK
Init local repository...................................................... OK
Tag post-fix revision...................................................... OK
Apply patch................................................................ OK
Apply patch................................................................ OK
Correct Module ambiguity 2................................................. sed: can't read D:Lab_SQADefects4J_ProjectsJacksonDatabind_107_b/src/main/java/com/fasterxml/jackson/databind/module/SimpleModule.java: No such file or directory
sed: can't read D:Lab_SQADefects4J_ProjectsJacksonDatabind_107_b/src/main/java/com/fasterxml/jackson/databind/Module.java: No such file or directory
sed: can't read D:Lab_SQADefects4J_ProjectsJacksonDatabind_107_b/src/main/java/com/fasterxml/jackson/databind/ObjectMapper.java: No such file or directory
FAIL
Executed command: grep -lR ' Module ' D:\Lab_SQA\Defects4J_Projects\JacksonDatabind_107_b | xargs sed -i'.bak' -e 's/ Module / com.fasterxml.jackson.databind.Module /'
Died at D:/Lab_SQA/defects4j/framework/core/Project/JacksonDatabind.pm line 100.
Compilation failed in require at D:\Lab_SQA\defects4j\framework\bin\defects4j line 195."
JacksonDatabind,108,CATG,default,1,0,False,error,0,0,False,0,0,0,0,0,0,0.0,"STATUS:ERROR:checkout JacksonDatabind-108b failed at D:\Lab_SQA\Defects4J_Projects\JacksonDatabind_108_b: exit=128
Checking out e797b227 to D:\Lab_SQA\Defects4J_Projects\JacksonDatabind_108_ OK
Init local repository...................................................... OK
Tag post-fix revision...................................................... OK
Apply patch................................................................ OK
Apply patch................................................................ OK
grep: D:\Lab_SQA\Defects4J_Projects\JacksonDatabind_108_b/src/main/java/com/fasterxml/jackson/databind/ser/impl/UnwrappingBeanSerializer.java: No such file or directory
grep: D:\Lab_SQA\Defects4J_Projects\JacksonDatabind_108_b/src/main/java/com/fasterxml/jackson/databind/ser/impl/WritableObjectId.java: No such file or directory
grep: D:\Lab_SQA\Defects4J_Projects\JacksonDatabind_108_b/src/main/java/com/fasterxml/jackson/databind/ser/package-info.java: No such file or directory
grep: D:\Lab_SQA\Defects4J_Projects\JacksonDatabind_108_b/src/main/java/com/fasterxml/jackson/databind/ser/PropertyBuilder.java: No such file or directory
grep: D:\Lab_SQA\Defects4J_Projects\JacksonDatabind_108_b/src/main/java/com/fasterxml/jackson/databind/ser/PropertyFilter.java: No such file or directory
grep: D:\Lab_SQA\Defects4J_Projects\JacksonDatabind_108_b/src/main/java/com/fasterxml/jackson/databind/ser/PropertyWriter.java: No such file or directory
grep: D:\Lab_SQA\Defects4J_Projects\JacksonDatabind_108_b/src/main/java/com/fasterxml/jackson/databind/ser/ResolvableSerializer.java: No such file or directory
grep: D:\Lab_SQA\Defects4J_Projects\JacksonDatabind_108_b/src/main/java/com/fasterxml/jackson/databind/ser/SerializerCache.java: No such file or directory
grep: D:\Lab_SQA\Defects4J_Projects\JacksonDatabind_108_b/src/main/java/com/fasterxml/jackson/databind/ser/SerializerFactory.java: No such file or directory
grep: D:\Lab_SQA\Defects4J_Projects\JacksonDatabind_108_b/src/main/java/com/fasterxml/jackson/databind/ser/Serializers.java: No such file or directory
grep: D:\Lab_SQA\Defects4J_Projects\JacksonDatabind_108_b/src/main/java/com/fasterxml/jackson/databind/ser/std: No such file or directory
grep: D:\Lab_SQA\Defects4J_Projects\JacksonDatabind_108_b/src/main/java/com/fasterxml/jackson/databind/ser/VirtualBeanPropertyWriter.java: No such file or directory
grep: D:\Lab_SQA\Defects4J_Projects\JacksonDatabind_108_b/src/main/java/com/fasterxml/jackson/databind/SerializationConfig.java: No such file or directory
grep: D:\Lab_SQA\Defects4J_Projects\JacksonDatabind_108_b/src/main/java/com/fasterxml/jackson/databind/SerializationFeature.java: No such file or directory
grep: D:\Lab_SQA\Defects4J_Projects\JacksonDatabind_108_b/src/main/java/com/fasterxml/jackson/databind/SerializerProvider.java: No such file or directory
grep: D:\Lab_SQA\Defects4J_Projects\JacksonDatabind_108_b/src/main/java/com/fasterxml/jackson/databind/type: No such file or directory
grep: D:\Lab_SQA\Defects4J_Projects\JacksonDatabind_108_b/src/main/java/com/fasterxml/jackson/databind/util: No such file or directory
grep: D:\Lab_SQA\Defects4J_Projects\JacksonDatabind_108_b/src/main/resources: No such file or directory
grep: D:\Lab_SQA\Defects4J_Projects\JacksonDatabind_108_b/src/test/java/com/fasterxml/jackson/databind/BaseMapTest.java: No such file or directory
grep: D:\Lab_SQA\Defects4J_Projects\JacksonDatabind_108_b/src/test/java/com/fasterxml/jackson/databind/BaseTest.java: No such file or directory
grep: D:\Lab_SQA\Defects4J_Projects\JacksonDatabind_108_b/src/test/java/com/fasterxml/jackson/databind/big: No such file or directory
grep: D:\Lab_SQA\Defects4J_Projects\JacksonDatabind_108_b/src/test/java/com/fasterxml/jackson/databind/BrokenStringReader.java: No such file or directory
grep: D:\Lab_SQA\Defects4J_Projects\JacksonDatabind_108_b/src/test/java/com/fasterxml/jackson/databind/BrokenStringWriter.java: No such file or directory
grep: D:\Lab_SQA\Defects4J_Projects\JacksonDatabind_108_b/src/test/java/com/fasterxml/jackson/databind/cfg: No such file or directory
grep: D:\Lab_SQA\Defects4J_Projects\JacksonDatabind_108_b/src/test/java/com/fasterxml/jackson/databind/contextual: No such file or directory
grep: D:\Lab_SQA\Defects4J_Projects\JacksonDatabind_108_b/src/test/java/com/fasterxml/jackson/databind/convert: No such file or directory
grep: D:\Lab_SQA\Defects4J_Projects\JacksonDatabind_108_b/src/test/java/com/fasterxml/jackson/databind/deser: No such file or directory
grep: D:\Lab_SQA\Defects4J_Projects\JacksonDatabind_108_b/src/test/java/com/fasterxml/jackson/databind/exc: No such file or directory
grep: D:\Lab_SQA\Defects4J_Projects\JacksonDatabind_108_b/src/test/java/com/fasterxml/jackson/databind/ext: No such file or directory
grep: D:\Lab_SQA\Defects4J_Projects\JacksonDatabind_108_b/src/test/java/com/fasterxml/jackson/databind/filter: No such file or directory
grep: D:\Lab_SQA\Defects4J_Projects\JacksonDatabind_108_b/src/test/java/com/fasterxml/jackson/databind/format: No such file or directory
grep: D:\Lab_SQA\Defects4J_Projects\JacksonDatabind_108_b/src/test/java/com/fasterxml/jackson/databind/FullStreamReadTest.java: No such file or directory
grep: D:\Lab_SQA\Defects4J_Projects\JacksonDatabind_108_b/src/test/java/com/fasterxml/jackson/databind/interop: No such file or directory
grep: D:\Lab_SQA\Defects4J_Projects\JacksonDatabind_108_b/src/test/java/com/fasterxml/jackson/databind/introspect: No such file or directory
grep: D:\Lab_SQA\Defects4J_Projects\JacksonDatabind_108_b/src/test/java/com/fasterxml/jackson/databind/jsonschema: No such file or directory
grep: D:\Lab_SQA\Defects4J_Projects\JacksonDatabind_108_b/src/test/java/com/fasterxml/jackson/databind/jsontype: No such file or directory
grep: D:\Lab_SQA\Defects4J_Projects\JacksonDatabind_108_b/src/test/java/com/fasterxml/jackson/databind/MapperViaParserTest.java: No such file or directory
grep: D:\Lab_SQA\Defects4J_Projects\JacksonDatabind_108_b/src/test/java/com/fasterxml/jackson/databind/MediaItem.java: No such file or directory
grep: D:\Lab_SQA\Defects4J_Projects\JacksonDatabind_108_b/src/test/java/com/fasterxml/jackson/databind/misc: No such file or directory
grep: D:\Lab_SQA\Defects4J_Projects\JacksonDatabind_108_b/src/test/java/com/fasterxml/jackson/databind/mixins: No such file or directory
grep: D:\Lab_SQA\Defects4J_Projects\JacksonDatabind_108_b/src/test/java/com/fasterxml/jackson/databind/module: No such file or directory
grep: D:\Lab_SQA\Defects4J_Projects\JacksonDatabind_108_b/src/test/java/com/fasterxml/jackson/databind/node: No such file or directory
grep: D:\Lab_SQA\Defects4J_Projects\JacksonDatabind_108_b/src/test/java/com/fasterxml/jackson/databind/objectid: No such file or directory
grep: D:\Lab_SQA\Defects4J_Projects\JacksonDatabind_108_b/src/test/java/com/fasterxml/jackson/databind/ObjectMapperTest.java: No such file or directory
grep: D:\Lab_SQA\Defects4J_Projects\JacksonDatabind_108_b/src/test/java/com/fasterxml/jackson/databind/ObjectReaderTest.java: No such file or directory
grep: D:\Lab_SQA\Defects4J_Projects\JacksonDatabind_108_b/src/test/java/com/fasterxml/jackson/databind/ObjectWriterTest.java: No such file or directory
grep: D:\Lab_SQA\Defects4J_Projects\JacksonDatabind_108_b/src/test/java/com/fasterxml/jackson/databind/RoundtripTest.java: No such file or directory
grep: D:\Lab_SQA\Defects4J_Projects\JacksonDatabind_108_b/src/test/java/com/fasterxml/jackson/databind/seq: No such file or directory
grep: D:\Lab_SQA\Defects4J_Projects\JacksonDatabind_108_b/src/test/java/com/fasterxml/jackson/databind/ser: No such file or directory
grep: D:\Lab_SQA\Defects4J_Projects\JacksonDatabind_108_b/src/test/java/com/fasterxml/jackson/databind/struct: No such file or directory
grep: D:\Lab_SQA\Defects4J_Projects\JacksonDatabind_108_b/src/test/java/com/fasterxml/jackson/databind/TestFormatSchema.java: No such file or directory
grep: D:\Lab_SQA\Defects4J_Projects\JacksonDatabind_108_b/src/test/java/com/fasterxml/jackson/databind/TestHandlerInstantiation.java: No such file or directory
grep: D:\Lab_SQA\Defects4J_Projects\JacksonDatabind_108_b/src/test/java/com/fasterxml/jackson/databind/TestJDKSerialization.java: No such file or directory
grep: D:\Lab_SQA\Defects4J_Projects\JacksonDatabind_108_b/src/test/java/com/fasterxml/jackson/databind/TestRootName.java: No such file or directory
grep: D:\Lab_SQA\Defects4J_Projects\JacksonDatabind_108_b/src/test/java/com/fasterxml/jackson/databind/TestVersions.java: No such file or directory
grep: D:\Lab_SQA\Defects4J_Projects\JacksonDatabind_108_b/src/test/java/com/fasterxml/jackson/databind/type: No such file or directory
grep: D:\Lab_SQA\Defects4J_Projects\JacksonDatabind_108_b/src/test/java/com/fasterxml/jackson/databind/util: No such file or directory
grep: D:\Lab_SQA\Defects4J_Projects\JacksonDatabind_108_b/src/test/java/com/fasterxml/jackson/databind/views: No such file or directory
grep: D:\Lab_SQA\Defects4J_Projects\JacksonDatabind_108_b/src/test/java/com/fasterxml/jackson/failing: No such file or directory
grep: D:\Lab_SQA\Defects4J_Projects\JacksonDatabind_108_b/src/test/java/com/mchange: No such file or directory
grep: D:\Lab_SQA\Defects4J_Projects\JacksonDatabind_108_b/src/test/java/org: No such file or directory
grep: D:\Lab_SQA\Defects4J_Projects\JacksonDatabind_108_b/src/test/java/perf: No such file or directory
grep: D:\Lab_SQA\Defects4J_Projects\JacksonDatabind_108_b/src/test/resources: No such file or directory
grep: D:\Lab_SQA\Defects4J_Projects\JacksonDatabind_108_b: No such file or directory
grep: D:\Lab_SQA\Defects4J_Projects\JacksonDatabind_108_b: No such file or directory
grep: D:\Lab_SQA\Defects4J_Projects\JacksonDatabind_108_b: No such file or directory
Copy generated Ant build file.............................................. OK
Run post-checkout hook..................................................... FAIL
Executed command: cd D:\Lab_SQA\Defects4J_Projects\JacksonDatabind_108_b && git add -A 2>&1 && git commit -a -m ""D4J_JacksonDatabind_108_POST_FIX_COMPILABLE"" 2>&1 && git tag --no-sign D4J_JacksonDatabind_108_POST_FIX_COMPILABLE 2>&1
fatal: Unable to create 'D:/Lab_SQA/Defects4J_Projects/JacksonDatabind_108_b/.git/index.lock': File exists.

Another git process seems to be running in this repository, e.g.
an editor opened by 'git commit'. Please make sure all processes
are terminated then try again. If it still fails, a git process
may have crashed in this repository earlier:
remove the file manually to continue.
Couldn't tag version after applying checkout hook! at D:/Lab_SQA/defects4j/framework/core/Project.pm line 454.
	Project::checkout_vid(Project::JacksonDatabind=HASH(0x1dcd7937c78), ""108b"") called at D:/Lab_SQA/defects4j/framework/bin/d4j/d4j-checkout line 96
	require D:/Lab_SQA/defects4j/framework/bin/d4j/d4j-checkout called at D:\Lab_SQA\defects4j\framework\bin\defects4j line 195
Compilation failed in require at D:\Lab_SQA\defects4j\framework\bin\defects4j line 195."
JacksonDatabind,109,CATG,default,1,0,False,error,0,0,False,0,0,0,0,0,0,0.0,"STATUS:ERROR:checkout JacksonDatabind-109b failed at D:\Lab_SQA\Defects4J_Projects\JacksonDatabind_109_b: exit=123
Checking out e287a62c to D:\Lab_SQA\Defects4J_Projects\JacksonDatabind_109_ OK
Init local repository...................................................... OK
Tag post-fix revision...................................................... OK
Apply patch................................................................ OK
Apply patch................................................................ OK
Correct Module ambiguity 2................................................. sed: can't read D:Lab_SQADefects4J_ProjectsJacksonDatabind_109_b/src/main/java/com/fasterxml/jackson/databind/cfg/MapperBuilder.java: No such file or directory
sed: can't read D:Lab_SQADefects4J_ProjectsJacksonDatabind_109_b/src/main/java/com/fasterxml/jackson/databind/module/SimpleModule.java: No such file or directory
sed: can't read D:Lab_SQADefects4J_ProjectsJacksonDatabind_109_b/src/main/java/com/fasterxml/jackson/databind/Module.java: No such file or directory
sed: can't read D:Lab_SQADefects4J_ProjectsJacksonDatabind_109_b/src/main/java/com/fasterxml/jackson/databind/ObjectMapper.java: No such file or directory
FAIL
Executed command: grep -lR ' Module ' D:\Lab_SQA\Defects4J_Projects\JacksonDatabind_109_b | xargs sed -i'.bak' -e 's/ Module / com.fasterxml.jackson.databind.Module /'
Died at D:/Lab_SQA/defects4j/framework/core/Project/JacksonDatabind.pm line 100.
Compilation failed in require at D:\Lab_SQA\defects4j\framework\bin\defects4j line 195."
JacksonDatabind,110,CATG,default,1,0,False,error,0,0,False,0,0,0,0,0,0,0.0,"STATUS:ERROR:checkout JacksonDatabind-110b failed at D:\Lab_SQA\Defects4J_Projects\JacksonDatabind_110_b: exit=123
Checking out 83264a7e to D:\Lab_SQA\Defects4J_Projects\JacksonDatabind_110_ OK
Init local repository...................................................... OK
Tag post-fix revision...................................................... OK
Apply patch................................................................ OK
Apply patch................................................................ OK
Correct Module ambiguity 2................................................. sed: can't read D:Lab_SQADefects4J_ProjectsJacksonDatabind_110_b/src/main/java/com/fasterxml/jackson/databind/module/SimpleModule.java: No such file or directory
sed: can't read D:Lab_SQADefects4J_ProjectsJacksonDatabind_110_b/src/main/java/com/fasterxml/jackson/databind/Module.java: No such file or directory
sed: can't read D:Lab_SQADefects4J_ProjectsJacksonDatabind_110_b/src/main/java/com/fasterxml/jackson/databind/ObjectMapper.java: No such file or directory
FAIL
Executed command: grep -lR ' Module ' D:\Lab_SQA\Defects4J_Projects\JacksonDatabind_110_b | xargs sed -i'.bak' -e 's/ Module / com.fasterxml.jackson.databind.Module /'
Died at D:/Lab_SQA/defects4j/framework/core/Project/JacksonDatabind.pm line 100.
Compilation failed in require at D:\Lab_SQA\defects4j\framework\bin\defects4j line 195."
JacksonDatabind,111,CATG,default,1,0,False,error,0,0,False,0,0,0,0,0,0,0.0,"STATUS:ERROR:checkout JacksonDatabind-111b failed at D:\Lab_SQA\Defects4J_Projects\JacksonDatabind_111_b: exit=123
Checking out f36222e5 to D:\Lab_SQA\Defects4J_Projects\JacksonDatabind_111_ OK
Init local repository...................................................... OK
Tag post-fix revision...................................................... OK
Apply patch................................................................ OK
Apply patch................................................................ OK
Correct Module ambiguity 2................................................. sed: can't read D:Lab_SQADefects4J_ProjectsJacksonDatabind_111_b/src/main/java/com/fasterxml/jackson/databind/module/SimpleModule.java: No such file or directory
sed: can't read D:Lab_SQADefects4J_ProjectsJacksonDatabind_111_b/src/main/java/com/fasterxml/jackson/databind/Module.java: No such file or directory
sed: can't read D:Lab_SQADefects4J_ProjectsJacksonDatabind_111_b/src/main/java/com/fasterxml/jackson/databind/ObjectMapper.java: No such file or directory
FAIL
Executed command: grep -lR ' Module ' D:\Lab_SQA\Defects4J_Projects\JacksonDatabind_111_b | xargs sed -i'.bak' -e 's/ Module / com.fasterxml.jackson.databind.Module /'
Died at D:/Lab_SQA/defects4j/framework/core/Project/JacksonDatabind.pm line 100.
Compilation failed in require at D:\Lab_SQA\defects4j\framework\bin\defects4j line 195."
JacksonDatabind,112,CATG,default,1,0,False,error,0,0,False,0,0,0,0,0,0,0.0,"STATUS:ERROR:checkout JacksonDatabind-112b failed at D:\Lab_SQA\Defects4J_Projects\JacksonDatabind_112_b: exit=123
Checking out 8bb7c9ab to D:\Lab_SQA\Defects4J_Projects\JacksonDatabind_112_ OK
Init local repository...................................................... OK
Tag post-fix revision...................................................... OK
Apply patch................................................................ OK
Apply patch................................................................ OK
Correct Module ambiguity 2................................................. sed: can't read D:Lab_SQADefects4J_ProjectsJacksonDatabind_112_b/src/main/java/com/fasterxml/jackson/databind/module/SimpleModule.java: No such file or directory
sed: can't read D:Lab_SQADefects4J_ProjectsJacksonDatabind_112_b/src/main/java/com/fasterxml/jackson/databind/Module.java: No such file or directory
sed: can't read D:Lab_SQADefects4J_ProjectsJacksonDatabind_112_b/src/main/java/com/fasterxml/jackson/databind/ObjectMapper.java: No such file or directory
FAIL
Executed command: grep -lR ' Module ' D:\Lab_SQA\Defects4J_Projects\JacksonDatabind_112_b | xargs sed -i'.bak' -e 's/ Module / com.fasterxml.jackson.databind.Module /'
Died at D:/Lab_SQA/defects4j/framework/core/Project/JacksonDatabind.pm line 100.
Compilation failed in require at D:\Lab_SQA\defects4j\framework\bin\defects4j line 195."
JacksonXml,1,CATG,default,1,1,True,completed,0,0,False,294,3,1.02,147,1,0.68,2.96,modified=com.fasterxml.jackson.dataformat.xml.deser.FromXmlParser;target=com.fasterxml.jackson.dataformat.xml.deser.FromXmlParser::nextToken;params=;catg_cases=1
JacksonXml,2,CATG,default,1,1,True,completed,0,0,False,170,3,1.76,74,1,1.35,3.09,modified=com.fasterxml.jackson.dataformat.xml.deser.XmlTokenStream;target=com.fasterxml.jackson.dataformat.xml.deser.XmlTokenStream::_next;params=;catg_cases=1
JacksonXml,3,CATG,default,1,1,True,completed,0,0,False,295,3,1.02,151,1,0.66,4.11,modified=com.fasterxml.jackson.dataformat.xml.deser.FromXmlParser;target=com.fasterxml.jackson.dataformat.xml.deser.FromXmlParser::nextTextValue;params=;catg_cases=1
JacksonXml,4,CATG,default,1,0,False,unsupported,0,0,False,0,0,0,0,0,0,0.0,STATUS:harness_limitation:unsupported_type:JsonGenerator jgen:_serializeXmlNull
JacksonXml,5,CATG,default,1,0,False,unsupported,0,0,False,0,0,0,0,0,0,0.0,STATUS:target_discovery:no_source_method
JacksonXml,6,CATG,default,1,1,True,completed,0,0,False,483,2,0.41,222,0,0.0,3.01,modified=com.fasterxml.jackson.dataformat.xml.ser.ToXmlGenerator;target=com.fasterxml.jackson.dataformat.xml.ser.ToXmlGenerator::writeBoolean;params=boolean;catg_cases=1
Jsoup,1,CATG,default,1,0,False,unsupported,0,0,False,0,0,0,0,0,0,0.0,STATUS:harness_limitation:unsupported_type:Element element:normalise
Jsoup,2,CATG,default,1,1,True,completed,0,0,False,162,6,3.7,86,0,0.0,3.24,modified=org.jsoup.parser.Parser;target=org.jsoup.parser.Parser::parseStartTag;params=;catg_cases=1
Jsoup,3,CATG,default,1,1,True,completed,0,0,False,593,132,22.26,294,4,1.36,3.11,modified=org.jsoup.nodes.Element;org.jsoup.parser.Parser;org.jsoup.parser.Tag;target=org.jsoup.parser.Tag::createInline;params=java.lang.String;catg_cases=1
Jsoup,4,CATG,default,1,0,False,error,0,0,False,0,0,0,0,0,0,4.12,"STATUS:ERROR:coverage catg.generated.CATG_CoverageSuite_Jsoup_4::runAll failed:
Running ant (compile.tests)................................................ OK
Running ant (coverage.instrument).......................................... FAIL
Executed command:  cd D:\Lab_SQA\Defects4J_Projects\Jsoup_4_b && D:/Lab_SQA/defects4j/major/bin/ant.cmd -f D:/Lab_SQA/defects4j/framework/projects/defects4j.build.xml -Dd4j.home=D:/Lab_SQA/defects4j -Dd4j.dir.projects=D:/Lab_SQA/defects4j/framework/projects -Dbasedir=D:\Lab_SQA\Defects4J_Projects\Jsoup_4_b  coverage.instrument 2>&1
Buildfile: D:\Lab_SQA\defects4j\framework\projects\defects4j.build.xml

test-offline:

get-deps:

jsoup-from-maven.compile:
    [javac] D:\Lab_SQA\Defects4J_Projects\Jsoup_4_b\maven-build.xml:74: warning: 'includeantruntime' was not set, defaulting to build.sysclasspath=last; set to false for repeatable builds

compile:

check.classes.uptodate:

reset.cobertura.ser:

coverage.instrument:
[cobertura-instrument] Cobertura 2.0.3 - GNU GPL License (NO WARRANTY) - See COPYRIGHT file
[cobertura-instrument] Exception in thread ""main"" java.lang.RuntimeException: Warning detected and failOnError is true
[cobertura-instrument] 	at net.sourceforge.cobertura.instrument.CoberturaInstrumenter.instrumentClass(CoberturaInstrumenter.java:126)
[cobertura-instrument] WARN   instrumentClass, Unable to instrument file D:\Lab_SQA\Defects4J_Projects\Jsoup_4_b\target\classes\org\jsoup\nodes\Entities.class
[cobertura-instrument] java.lang.RuntimeException: Method code too large!
[cobertura-instrument] 	at org.objectweb.asm.MethodWriter.a(Unknown Source)
[cobertura-instrument] 	at net.sourceforge.cobertura.instrument.CoberturaInstrumenter.addInstrumentationToSingleClass(CoberturaInstrumenter.java:234)	at org.objectweb.asm.ClassWriter.toByteArray(Unknown Source)
[cobertura-instrument] 	at net.sourceforge.cobertura.instrument.CoberturaInstrumenter.instrumentClass(CoberturaInstrumenter.java:208)
[cobertura-instrument] 
[cobertura-instrument] 	at net.sourceforge.cobertura.instrument.CoberturaInstrumenter.instrumentClass(CoberturaInstrumenter.java:121)
[cobertura-instrument] 	at net.sourceforge.cobertura.instrument.Main.addInstrumentationToSingleClass(Main.java:298)	at net.sourceforge.cobertura.instrument.CoberturaInstrumenter.addInstrumentationToSingleClass(CoberturaInstrumenter.java:234)
[cobertura-instrument] 
[cobertura-instrument] 	at net.sourceforge.cobertura.instrument.Main.addInstrumentationToSingleClass(Main.java:298)
[cobertura-instrument] 	at net.sourceforge.cobertura.instrument.Main.addInstrumentation(Main.java:307)	at net.sourceforge.cobertura.instrument.Main.addInstrumentation(Main.java:307)
[cobertura-instrument] 	at net.sourceforge.cobertura.instrument.Main.parseArguments(Main.java:399)
[cobertura-instrument] 
[cobertura-instrument] 	at net.sourceforge.cobertura.instrument.Main.main(Main.java:421)
[cobertura-instrument] Caused by: java.lang.RuntimeException: Method code too large!
[cobertura-instrument] 	at net.sourceforge.cobertura.instrument.Main.parseArguments(Main.java:399)	at org.objectweb.asm.MethodWriter.a(Unknown Source)
[cobertura-instrument] 	at net.sourceforge.cobertura.instrument.Main.main(Main.java:421)
[cobertura-instrument] 
[cobertura-instrument] 	at org.objectweb.asm.ClassWriter.toByteArray(Unknown Source)
[cobertura-instrument] 	at net.sourceforge.cobertura.instrument.CoberturaInstrumenter.instrumentClass(CoberturaInstrumenter.java:208)
[cobertura-instrument] 	at net.sourceforge.cobertura.instrument.CoberturaInstrumenter.instrumentClass(CoberturaInstrumenter.java:121)
[cobertura-instrument] 	... 5 more

BUILD FAILED
D:\Lab_SQA\defects4j\framework\projects\defects4j.build.xml:340: Error instrumenting classes. See messages above.

Total time: 2 seconds
Couldn't obtain coverage results! at D:/Lab_SQA/defects4j/framework/bin/d4j/d4j-coverage line 153.
Compilation failed in require at D:\Lab_SQA\defects4j\framework\bin\defects4j line 195."
Jsoup,5,CATG,default,1,1,True,completed,0,0,False,172,0,0.0,92,0,0.0,4.26,modified=org.jsoup.parser.Parser;target=org.jsoup.parser.Parser::parseAttribute;params=;catg_cases=1
Jsoup,6,CATG,default,1,0,False,error,0,0,False,0,0,0,0,0,0,3.15,"STATUS:ERROR:coverage catg.generated.CATG_CoverageSuite_Jsoup_6::runAll failed:
Running ant (compile.tests)................................................ OK
Running ant (coverage.instrument).......................................... FAIL
Executed command:  cd D:\Lab_SQA\Defects4J_Projects\Jsoup_6_b && D:/Lab_SQA/defects4j/major/bin/ant.cmd -f D:/Lab_SQA/defects4j/framework/projects/defects4j.build.xml -Dd4j.home=D:/Lab_SQA/defects4j -Dd4j.dir.projects=D:/Lab_SQA/defects4j/framework/projects -Dbasedir=D:\Lab_SQA\Defects4J_Projects\Jsoup_6_b  coverage.instrument 2>&1
Buildfile: D:\Lab_SQA\defects4j\framework\projects\defects4j.build.xml

test-offline:

get-deps:

jsoup-from-maven.compile:
    [javac] D:\Lab_SQA\Defects4J_Projects\Jsoup_6_b\maven-build.xml:74: warning: 'includeantruntime' was not set, defaulting to build.sysclasspath=last; set to false for repeatable builds

compile:

check.classes.uptodate:

reset.cobertura.ser:

coverage.instrument:
[cobertura-instrument] Cobertura 2.0.3 - GNU GPL License (NO WARRANTY) - See COPYRIGHT file
[cobertura-instrument] Exception in thread ""main"" java.lang.RuntimeException: Warning detected and failOnError is true
[cobertura-instrument] WARN   instrumentClass, Unable to instrument file D:\Lab_SQA\Defects4J_Projects\Jsoup_6_b\target\classes\org\jsoup\nodes\Entities.class
[cobertura-instrument] java.lang.RuntimeException: Method code too large!	at net.sourceforge.cobertura.instrument.CoberturaInstrumenter.instrumentClass(CoberturaInstrumenter.java:126)
[cobertura-instrument] 	at org.objectweb.asm.MethodWriter.a(Unknown Source)
[cobertura-instrument] 
[cobertura-instrument] 	at org.objectweb.asm.ClassWriter.toByteArray(Unknown Source)
[cobertura-instrument] 	at net.sourceforge.cobertura.instrument.CoberturaInstrumenter.instrumentClass(CoberturaInstrumenter.java:208)
[cobertura-instrument] 	at net.sourceforge.cobertura.instrument.CoberturaInstrumenter.instrumentClass(CoberturaInstrumenter.java:121)	at net.sourceforge.cobertura.instrument.CoberturaInstrumenter.addInstrumentationToSingleClass(CoberturaInstrumenter.java:234)
[cobertura-instrument] 
[cobertura-instrument] 	at net.sourceforge.cobertura.instrument.CoberturaInstrumenter.addInstrumentationToSingleClass(CoberturaInstrumenter.java:234)
[cobertura-instrument] 	at net.sourceforge.cobertura.instrument.Main.addInstrumentationToSingleClass(Main.java:298)
[cobertura-instrument] 	at net.sourceforge.cobertura.instrument.Main.addInstrumentationToSingleClass(Main.java:298)
[cobertura-instrument] 	at net.sourceforge.cobertura.instrument.Main.addInstrumentation(Main.java:307)
[cobertura-instrument] 	at net.sourceforge.cobertura.instrument.Main.addInstrumentation(Main.java:307)	at net.sourceforge.cobertura.instrument.Main.parseArguments(Main.java:399)
[cobertura-instrument] 
[cobertura-instrument] 	at net.sourceforge.cobertura.instrument.Main.parseArguments(Main.java:399)
[cobertura-instrument] 	at net.sourceforge.cobertura.instrument.Main.main(Main.java:421)
[cobertura-instrument] Caused by: java.lang.RuntimeException: Method code too large!
[cobertura-instrument] 	at net.sourceforge.cobertura.instrument.Main.main(Main.java:421)
[cobertura-instrument] 	at org.objectweb.asm.MethodWriter.a(Unknown Source)
[cobertura-instrument] 	at org.objectweb.asm.ClassWriter.toByteArray(Unknown Source)
[cobertura-instrument] 	at net.sourceforge.cobertura.instrument.CoberturaInstrumenter.instrumentClass(CoberturaInstrumenter.java:208)
[cobertura-instrument] 	at net.sourceforge.cobertura.instrument.CoberturaInstrumenter.instrumentClass(CoberturaInstrumenter.java:121)
[cobertura-instrument] 	... 5 more

BUILD FAILED
D:\Lab_SQA\defects4j\framework\projects\defects4j.build.xml:340: Error instrumenting classes. See messages above.

Total time: 2 seconds
Couldn't obtain coverage results! at D:/Lab_SQA/defects4j/framework/bin/d4j/d4j-coverage line 153.
Compilation failed in require at D:\Lab_SQA\defects4j\framework\bin\defects4j line 195."
Jsoup,7,CATG,default,1,1,True,completed,0,0,False,80,4,5.0,26,1,3.85,3.67,modified=org.jsoup.nodes.Document;target=org.jsoup.nodes.Document::normalise;params=;catg_cases=1
Jsoup,8,CATG,default,1,0,False,unsupported,0,0,False,0,0,0,0,0,0,0.0,STATUS:harness_limitation:unsupported_type:StringBuilder accum:outerHtml
Jsoup,9,CATG,default,1,0,False,unsupported,0,0,False,0,0,0,0,0,0,0.0,STATUS:target_discovery:no_source_method
Jsoup,10,CATG,default,1,0,False,unsupported,0,0,False,0,0,0,0,0,0,0.0,STATUS:harness_limitation:abstract_class:absUrl
Jsoup,11,CATG,default,1,1,True,completed,0,0,False,198,2,1.01,120,0,0.0,3.09,modified=org.jsoup.select.Selector;target=org.jsoup.select.Selector::select;params=;catg_cases=1
Jsoup,12,CATG,default,1,1,True,completed,0,0,False,218,2,0.92,132,0,0.0,3.39,modified=org.jsoup.select.Selector;target=org.jsoup.select.Selector::findElements;params=;catg_cases=1
Jsoup,13,CATG,default,1,0,False,unsupported,0,0,False,0,0,0,0,0,0,0.0,STATUS:harness_limitation:abstract_class:hasAttr
Jsoup,14,CATG,default,1,0,False,unsupported,0,0,False,0,0,0,0,0,0,2.65,STATUS:catg_runtime_interpreter:ClassCastException
Jsoup,15,CATG,default,1,0,False,unsupported,0,0,False,0,0,0,0,0,0,0.0,STATUS:harness_limitation:unsupported_type:Token t:process
Jsoup,16,CATG,default,1,0,False,unsupported,0,0,False,0,0,0,0,0,0,0.0,STATUS:harness_limitation:unsupported_type:StringBuilder accum:outerHtmlHead
Jsoup,17,CATG,default,1,0,False,unsupported,0,0,False,0,0,0,0,0,0,0.0,STATUS:target_discovery:no_source_method
Jsoup,18,CATG,default,1,1,True,completed,0,0,False,97,1,1.03,82,0,0.0,2.95,modified=org.jsoup.parser.CharacterReader;target=org.jsoup.parser.CharacterReader::consumeToEnd;params=;catg_cases=1
Jsoup,19,CATG,default,1,0,False,unsupported,0,0,False,0,0,0,0,0,0,0.0,STATUS:harness_limitation:unsupported_type:Element el:testValidProtocol
Jsoup,20,CATG,default,1,0,False,unsupported,0,0,False,0,0,0,0,0,0,0.0,STATUS:harness_limitation:unsupported_type:ByteBuffer byteData:parseByteData
Jsoup,21,CATG,default,1,1,True,completed,0,0,False,189,2,1.06,96,0,0.0,2.74,modified=org.jsoup.select.CombiningEvaluator;org.jsoup.select.QueryParser;target=org.jsoup.select.QueryParser::combinator;params=char;catg_cases=1
Jsoup,22,CATG,default,1,1,True,completed,1,0,True,667,2,0.3,272,0,0.0,3.27,modified=org.jsoup.nodes.Element;org.jsoup.nodes.Node;org.jsoup.select.Elements;target=org.jsoup.nodes.Element::siblingElements;params=;catg_cases=1
Jsoup,23,CATG,default,1,1,True,completed,0,0,False,217,4,1.84,152,2,1.32,2.88,modified=org.jsoup.parser.CharacterReader;org.jsoup.parser.Tokeniser;target=org.jsoup.parser.CharacterReader::consumeHexSequence;params=;catg_cases=1
Jsoup,24,CATG,default,1,0,False,unsupported,0,0,False,0,0,0,0,0,0,0.0,STATUS:harness_limitation:unsupported_type:Tokeniser t:read
Jsoup,25,CATG,default,1,0,False,unsupported,0,0,False,0,0,0,0,0,0,0.0,STATUS:target_discovery:no_source_method
Jsoup,26,CATG,default,1,0,False,unsupported,0,0,False,0,0,0,0,0,0,0.0,STATUS:harness_limitation:unsupported_type:Document dirtyDocument:clean
Jsoup,27,CATG,default,1,1,True,completed,0,0,False,48,5,10.42,24,2,8.33,3.63,modified=org.jsoup.helper.DataUtil;target=org.jsoup.helper.DataUtil::getCharsetFromContentType;params=java.lang.String;catg_cases=1
Jsoup,28,CATG,default,1,0,False,unsupported,0,0,False,0,0,0,0,0,0,5.16,STATUS:catg_runtime_interpreter:ClassCastException
Jsoup,29,CATG,default,1,1,True,completed,0,0,False,117,1,0.85,36,0,0.0,3.01,modified=org.jsoup.nodes.Document;target=org.jsoup.nodes.Document::title;params=;catg_cases=1
Jsoup,30,CATG,default,1,0,False,unsupported,0,0,False,0,0,0,0,0,0,0.0,STATUS:harness_limitation:unsupported_type:Element root:copySafeNodes
Jsoup,31,CATG,default,1,0,False,unsupported,0,0,False,0,0,0,0,0,0,0.0,STATUS:harness_limitation:unsupported_type:Token.Character characterToken:insert
Jsoup,32,CATG,default,1,1,True,completed,0,0,False,303,1,0.33,140,0,0.0,3.04,modified=org.jsoup.nodes.Element;target=org.jsoup.nodes.Element::clone;params=;catg_cases=1
Jsoup,33,CATG,default,1,0,False,unsupported,0,0,False,0,0,0,0,0,0,0.0,STATUS:harness_limitation:unsupported_type:Token.StartTag startTag:insert
Jsoup,34,CATG,default,1,0,False,unsupported,0,0,False,0,0,0,0,0,0,0.0,STATUS:harness_limitation:unsupported_type:CharSequence seq:nextIndexOf
Jsoup,35,CATG,default,1,0,False,unsupported,0,0,False,0,0,0,0,0,0,0.0,STATUS:harness_limitation:unsupported_type:Token t:process
Jsoup,36,CATG,default,1,0,False,unsupported,0,0,False,0,0,0,0,0,0,0.0,STATUS:harness_limitation:unsupported_type:ByteBuffer byteData:parseByteData
Jsoup,37,CATG,default,1,1,True,completed,0,0,False,307,3,0.98,152,0,0.0,3.28,modified=org.jsoup.nodes.Element;target=org.jsoup.nodes.Element::html;params=;catg_cases=1
Jsoup,38,CATG,default,1,0,False,unsupported,0,0,False,0,0,0,0,0,0,0.0,STATUS:harness_limitation:unsupported_type:Token t:process
Jsoup,39,CATG,default,1,0,False,unsupported,0,0,False,0,0,0,0,0,0,0.0,STATUS:harness_limitation:unsupported_type:ByteBuffer byteData:parseByteData
Jsoup,40,CATG,default,1,0,False,unsupported,0,0,False,0,0,0,0,0,0,0.0,STATUS:target_discovery:no_source_method
Jsoup,41,CATG,default,1,0,False,unsupported,0,0,False,0,0,0,0,0,0,0.0,STATUS:harness_limitation:unsupported_type:Object o:equals
Jsoup,42,CATG,default,1,0,False,error,0,0,False,0,0,0,0,0,0,0.0,"STATUS:ERROR:checkout Jsoup-42b failed at D:\Lab_SQA\Defects4J_Projects\Jsoup_42_b: exit=128
Checking out c01fcd33 to D:\Lab_SQA\Defects4J_Projects\Jsoup_42_b.......... OK
Init local repository...................................................... OK
Tag post-fix revision...................................................... OK
Copy generated Ant build file.............................................. OK
Run post-checkout hook..................................................... OK
Excluding broken/flaky tests............................................... OK
Excluding broken/flaky tests............................................... OK
Initialize fixed program version........................................... FAIL
Executed command: cd D:\Lab_SQA\Defects4J_Projects\Jsoup_42_b && git add -A 2>&1 && git commit -a -m ""D4J_Jsoup_42_FIXED_VERSION"" 2>&1 && git tag --no-sign D4J_Jsoup_42_FIXED_VERSION 2>&1
fatal: bad object HEAD
fatal: 'git status --porcelain=2' failed in submodule Defects4J_Projects/Closure_135_b
Couldn't tag fixed program version! at D:/Lab_SQA/defects4j/framework/core/Project.pm line 478.
	Project::checkout_vid(Project::Jsoup=HASH(0x204092ed970), ""42b"") called at D:/Lab_SQA/defects4j/framework/bin/d4j/d4j-checkout line 96
	require D:/Lab_SQA/defects4j/framework/bin/d4j/d4j-checkout called at D:\Lab_SQA\defects4j\framework\bin\defects4j line 195
Compilation failed in require at D:\Lab_SQA\defects4j\framework\bin\defects4j line 195."
Jsoup,43,CATG,default,1,0,False,unsupported,0,0,False,0,0,0,0,0,0,0.0,STATUS:harness_limitation:unsupported_type:Element search:indexInList
Jsoup,44,CATG,default,1,0,False,unsupported,0,0,False,0,0,0,0,0,0,0.0,STATUS:harness_limitation:abstract_class:currentElement
Jsoup,45,CATG,default,1,0,False,error,0,0,False,0,0,0,0,0,0,2.2,"STATUS:ERROR:CATG failed with exit 1:
ERROR: --harness-classes directory not found: /d/Lab_SQA/SQA_Project_Group9/CATG/Result_Round2/enhanced/Jsoup_45/harness-classes"
Jsoup,46,CATG,default,1,0,False,error,0,0,False,0,0,0,0,0,0,0.0,"STATUS:ERROR:checkout Jsoup-46b failed at D:\Lab_SQA\Defects4J_Projects\Jsoup_46_b: exit=128
Checking out 3ba88d8c to D:\Lab_SQA\Defects4J_Projects\Jsoup_46_b.......... OK
Init local repository...................................................... OK
Tag post-fix revision...................................................... OK
Copy generated Ant build file.............................................. OK
fatal: bad object HEAD
fatal: 'git status --porcelain=2' failed in submodule Defects4J_Projects/Closure_135_b
Excluding broken/flaky tests............................................... OK
Excluding broken/flaky tests............................................... OK
Backing up build file: D:\Lab_SQA\Defects4J_Projects\Jsoup_46_b/maven-build OK
Initialize fixed program version........................................... FAIL
Executed command: cd D:\Lab_SQA\Defects4J_Projects\Jsoup_46_b && git add -A 2>&1 && git commit -a -m ""D4J_Jsoup_46_FIXED_VERSION"" 2>&1 && git tag --no-sign D4J_Jsoup_46_FIXED_VERSION 2>&1
fatal: bad object HEAD
fatal: 'git status --porcelain=2' failed in submodule Defects4J_Projects/Closure_135_b
Couldn't tag fixed program version! at D:/Lab_SQA/defects4j/framework/core/Project.pm line 478.
	Project::checkout_vid(Project::Jsoup=HASH(0x1cd7cbeada8), ""46b"") called at D:/Lab_SQA/defects4j/framework/bin/d4j/d4j-checkout line 96
	require D:/Lab_SQA/defects4j/framework/bin/d4j/d4j-checkout called at D:\Lab_SQA\defects4j\framework\bin\defects4j line 195
Compilation failed in require at D:\Lab_SQA\defects4j\framework\bin\defects4j line 195."
Jsoup,47,CATG,default,1,0,False,unsupported,0,0,False,0,0,0,0,0,0,0.0,STATUS:harness_limitation:unsupported_type:StringBuilder accum:escape
Jsoup,48,CATG,default,1,0,False,unsupported,0,0,False,0,0,0,0,0,0,0.0,STATUS:harness_limitation:unsupported_type:final Connection.Request req:setOutputContentType
Jsoup,49,CATG,default,1,0,False,unsupported,0,0,False,0,0,0,0,0,0,0.0,STATUS:harness_limitation:unsupported_type:Node... children:addChildren
Jsoup,50,CATG,default,1,0,False,error,0,0,False,0,0,0,0,0,0,0.0,"STATUS:ERROR:checkout Jsoup-50b failed at D:\Lab_SQA\Defects4J_Projects\Jsoup_50_b: exit=128
Checking out c3cbe1b6 to D:\Lab_SQA\Defects4J_Projects\Jsoup_50_b.......... OK
Init local repository...................................................... OK
Tag post-fix revision...................................................... OK
Copy generated Ant build file.............................................. OK
Run post-checkout hook..................................................... OK
Excluding broken/flaky tests............................................... OK
Excluding broken/flaky tests............................................... OK
Backing up build file: D:\Lab_SQA\Defects4J_Projects\Jsoup_50_b/maven-build OK
Backing up build file: D:\Lab_SQA\Defects4J_Projects\Jsoup_50_b/pom.xml.... OK
Initialize fixed program version........................................... OK
Apply patch................................................................ OK
Initialize buggy program version........................................... OK
Diff c3cbe1b6:cc19d302..................................................... OK
Cannot determine how to apply patch!
All attempts failed:
* cd D:\Lab_SQA\Defects4J_Projects\Jsoup_50_b && git apply -p1 --ignore-whitespace --check D:\Lab_SQA\Defects4J_Projects\Jsoup_50_b/.defects4j.diff 2>&1
error: git diff header lacks filename information when removing 1 leading pathname component (line 125)
* cd D:\Lab_SQA\Defects4J_Projects\Jsoup_50_b && git apply -p0 --ignore-whitespace --check D:\Lab_SQA\Defects4J_Projects\Jsoup_50_b/.defects4j.diff 2>&1
error: git diff header lacks filename information when removing 0 leading pathname components (line 125)
* cd D:\Lab_SQA\Defects4J_Projects\Jsoup_50_b && git apply -p2 --ignore-whitespace --check D:\Lab_SQA\Defects4J_Projects\Jsoup_50_b/.defects4j.diff 2>&1
error: git diff header lacks filename information when removing 2 leading pathname components (line 5)
----------------------------------------------------------------------
 at D:/Lab_SQA/defects4j/framework/core/Vcs.pm line 414.
	Vcs::_apply_cmd(Vcs::Git=HASH(0x21ece204eb0), ""D:\\Lab_SQA\\Defects4J_Projects\\Jsoup_50_b"", ""D:\\Lab_SQA\\Defects4J_Projects\\Jsoup_50_b/.defects4j.diff"", undef) called at D:/Lab_SQA/defects4j/framework/core/Vcs.pm line 375
	Vcs::apply_patch(Vcs::Git=HASH(0x21ece204eb0), ""D:\\Lab_SQA\\Defects4J_Projects\\Jsoup_50_b"", ""D:\\Lab_SQA\\Defects4J_Projects\\Jsoup_50_b/.defects4j.diff"") called at D:/Lab_SQA/defects4j/framework/core/Project.pm line 507
	Project::checkout_vid(Project::Jsoup=HASH(0x21ece1fd818), ""50b"") called at D:/Lab_SQA/defects4j/framework/bin/d4j/d4j-checkout line 96
	require D:/Lab_SQA/defects4j/framework/bin/d4j/d4j-checkout called at D:\Lab_SQA\defects4j\framework\bin\defects4j line 195
Compilation failed in require at D:\Lab_SQA\defects4j\framework\bin\defects4j line 195."
Jsoup,51,CATG,default,1,0,False,unsupported,0,0,False,0,0,0,0,0,0,3.17,STATUS:catg_runtime_interpreter:ClassCastException
Jsoup,52,CATG,default,1,1,True,completed,0,0,False,195,2,1.03,123,0,0.0,3.41,modified=org.jsoup.helper.DataUtil;org.jsoup.nodes.XmlDeclaration;org.jsoup.parser.XmlTreeBuilder;target=org.jsoup.nodes.XmlDeclaration::getWholeDeclaration;params=;catg_cases=1
Jsoup,53,CATG,default,1,1,True,completed,0,0,False,130,7,5.38,108,0,0.0,2.92,"modified=org.jsoup.parser.TokenQueue;target=org.jsoup.parser.TokenQueue::chompBalanced;params=char,char;catg_cases=1"
Jsoup,54,CATG,default,1,0,False,unsupported,0,0,False,0,0,0,0,0,0,0.0,STATUS:harness_limitation:unsupported_type:org.jsoup.nodes.Node source:copyAttributes
Jsoup,55,CATG,default,1,0,False,unsupported,0,0,False,0,0,0,0,0,0,0.0,STATUS:harness_limitation:unsupported_type:Tokeniser t:read
Jsoup,56,CATG,default,1,1,True,completed,0,0,False,2494,1,0.04,1169,0,0.0,2.53,modified=org.jsoup.nodes.DocumentType;org.jsoup.parser.HtmlTreeBuilderState;org.jsoup.parser.Token;org.jsoup.parser.TokeniserState;org.jsoup.parser.XmlTreeBuilder;target=org.jsoup.nodes.DocumentType::nodeName;params=;catg_cases=1
Jsoup,57,CATG,default,1,5,True,completed,0,0,False,127,3,2.36,76,0,0.0,6.45,modified=org.jsoup.nodes.Attributes;target=org.jsoup.nodes.Attributes::removeIgnoreCase;params=java.lang.String;catg_cases=5
Jsoup,58,CATG,default,1,0,False,unsupported,0,0,False,0,0,0,0,0,0,0.0,STATUS:harness_limitation:unsupported_type:Whitelist whitelist:isValid
Jsoup,59,CATG,default,1,0,False,unsupported,0,0,False,0,0,0,0,0,0,0.0,STATUS:harness_limitation:abstract_class:newAttribute
Jsoup,60,CATG,default,1,0,False,error,0,0,False,0,0,0,0,0,0,0.0,"STATUS:ERROR:generated Java compilation failed:
Picked up JAVA_TOOL_OPTIONS: -Dfile.encoding=UTF-8
error: error reading D:\Lab_SQA\SQA_Project_Group9\CATG\Result_Round2\enhanced\Jsoup_60\CatgOutcome_c5d26bfc64.java; D:\Lab_SQA\SQA_Project_Group9\CATG\Result_Round2\enhanced\Jsoup_60\CatgOutcome_c5d26bfc64.java (The system cannot find the file specified)
1 error"
Jsoup,61,CATG,default,1,1,True,completed,0,0,False,352,2,0.57,184,0,0.0,3.12,modified=org.jsoup.nodes.Element;target=org.jsoup.nodes.Element::hasClass;params=java.lang.String;catg_cases=1
Jsoup,62,CATG,default,1,0,False,unsupported,0,0,False,0,0,0,0,0,0,0.0,STATUS:harness_limitation:unsupported_type:Token t:anyOtherEndTag
Jsoup,63,CATG,default,1,1,True,completed,0,0,False,543,6,1.1,296,1,0.34,3.05,modified=org.jsoup.parser.HtmlTreeBuilder;org.jsoup.parser.Tokeniser;target=org.jsoup.parser.Tokeniser::read;params=;catg_cases=1
Jsoup,64,CATG,default,1,0,False,unsupported,0,0,False,0,0,0,0,0,0,0.0,STATUS:harness_limitation:unsupported_type:Token.StartTag startTag:handleRawtext
Jsoup,65,CATG,default,1,1,True,completed,0,0,False,1480,12,0.81,983,0,0.0,3.33,modified=org.jsoup.parser.HtmlTreeBuilder;org.jsoup.parser.HtmlTreeBuilderState;target=org.jsoup.parser.HtmlTreeBuilder::clearStackToTableBodyContext;params=;catg_cases=1
Jsoup,66,CATG,default,1,1,True,completed,0,0,False,390,4,1.03,204,1,0.49,4.24,modified=org.jsoup.nodes.Element;target=org.jsoup.nodes.Element::ensureChildNodes;params=;catg_cases=1
Jsoup,67,CATG,default,1,0,False,unsupported,0,0,False,0,0,0,0,0,0,0.0,STATUS:harness_limitation:unsupported_type:String[] targetNames:inSpecificScope
Jsoup,68,CATG,default,1,0,False,unsupported,0,0,False,0,0,0,0,0,0,0.0,STATUS:harness_limitation:unsupported_type:String[] targetNames:inSpecificScope
Jsoup,69,CATG,default,1,0,False,error,0,0,False,0,0,0,0,0,0,0.0,"STATUS:ERROR:checkout Jsoup-69b failed at D:\Lab_SQA\Defects4J_Projects\Jsoup_69_b: exit=128
Checking out f75f4739 to D:\Lab_SQA\Defects4J_Projects\Jsoup_69_b.......... FAIL
Executed command: git clone D:/Lab_SQA/defects4j/project_repos/jsoup.git D:\Lab_SQA\Defects4J_Projects\Jsoup_69_b 2>&1 && cd D:\Lab_SQA\Defects4J_Projects\Jsoup_69_b && git checkout f75f47397836ba2127f06c8390a87eada369f7cc 2>&1
Cloning into 'D:\Lab_SQA\Defects4J_Projects\Jsoup_69_b'...
done.
fatal: unable to read tree (f75f47397836ba2127f06c8390a87eada369f7cc)
Cannot checkout program version! at D:/Lab_SQA/defects4j/framework/bin/d4j/d4j-checkout line 96.
Compilation failed in require at D:\Lab_SQA\defects4j\framework\bin\defects4j line 195."
Jsoup,70,CATG,default,1,0,False,unsupported,0,0,False,0,0,0,0,0,0,0.0,STATUS:harness_limitation:unsupported_type:Node node:preserveWhitespace
Jsoup,71,CATG,default,1,0,False,error,0,0,False,0,0,0,0,0,0,0.0,"STATUS:ERROR:generated Java compilation failed:
Picked up JAVA_TOOL_OPTIONS: -Dfile.encoding=UTF-8
javac: file not found: D:\Lab_SQA\SQA_Project_Group9\CATG\Result_Round2\enhanced\Jsoup_71\CatgHarness_0ce18c5263.java
Usage: javac <options> <source files>
use -help for a list of possible options"
Jsoup,72,CATG,default,1,0,False,unsupported,0,0,False,0,0,0,0,0,0,0.0,STATUS:harness_limitation:unsupported_type:final char[] charBuf:cacheString
Jsoup,73,CATG,default,1,0,False,unsupported,0,0,False,0,0,0,0,0,0,0.0,STATUS:harness_limitation:unsupported_type:org.jsoup.nodes.Node source:head
Jsoup,74,CATG,default,1,0,False,error,0,0,False,0,0,0,0,0,0,0.0,"STATUS:ERROR:checkout Jsoup-74b failed at D:\Lab_SQA\Defects4J_Projects\Jsoup_74_b: exit=1
Checking out c3f8caa7 to D:\Lab_SQA\Defects4J_Projects\Jsoup_74_b.......... OK
Init local repository...................................................... OK
Tag post-fix revision...................................................... OK
Copy generated Ant build file.............................................. OK
Run post-checkout hook..................................................... OK
Excluding broken/flaky tests............................................... OK
Initialize fixed program version........................................... OK
Cannot determine how to apply patch!
All attempts failed:
* cd D:\Lab_SQA\Defects4J_Projects\Jsoup_74_b && git apply -p1 --ignore-whitespace --check D:/Lab_SQA/defects4j/framework/projects/Jsoup/patches/74.src.patch 2>&1
error: src/main/java/org/jsoup/helper/StringUtil.java: No such file or directory
* cd D:\Lab_SQA\Defects4J_Projects\Jsoup_74_b && git apply -p0 --ignore-whitespace --check D:/Lab_SQA/defects4j/framework/projects/Jsoup/patches/74.src.patch 2>&1
error: a/src/main/java/org/jsoup/helper/StringUtil.java: No such file or directory
* cd D:\Lab_SQA\Defects4J_Projects\Jsoup_74_b && git apply -p2 --ignore-whitespace --check D:/Lab_SQA/defects4j/framework/projects/Jsoup/patches/74.src.patch 2>&1
error: main/java/org/jsoup/helper/StringUtil.java: No such file or directory
----------------------------------------------------------------------
 at D:/Lab_SQA/defects4j/framework/core/Vcs.pm line 414.
	Vcs::_apply_cmd(Vcs::Git=HASH(0x1518cf3c1c0), ""D:\\Lab_SQA\\Defects4J_Projects\\Jsoup_74_b"", ""D:/Lab_SQA/defects4j/framework/projects/Jsoup/patches/74.src.""..., undef) called at D:/Lab_SQA/defects4j/framework/core/Vcs.pm line 375
	Vcs::apply_patch(Vcs::Git=HASH(0x1518cf3c1c0), ""D:\\Lab_SQA\\Defects4J_Projects\\Jsoup_74_b"", ""D:/Lab_SQA/defects4j/framework/projects/Jsoup/patches/74.src.""...) called at D:/Lab_SQA/defects4j/framework/core/Project.pm line 1084
	Project::apply_patch(Project::Jsoup=HASH(0x1518cf37ba0), ""D:\\Lab_SQA\\Defects4J_Projects\\Jsoup_74_b"", ""D:/Lab_SQA/defects4j/framework/projects/Jsoup/patches/74.src.""...) called at D:/Lab_SQA/defects4j/framework/core/Project.pm line 484
	Project::checkout_vid(Project::Jsoup=HASH(0x1518cf37ba0), ""74b"") called at D:/Lab_SQA/defects4j/framework/bin/d4j/d4j-checkout line 96
	require D:/Lab_SQA/defects4j/framework/bin/d4j/d4j-checkout called at D:\Lab_SQA\defects4j\framework\bin\defects4j line 195
Compilation failed in require at D:\Lab_SQA\defects4j\framework\bin\defects4j line 195."
Jsoup,75,CATG,default,1,0,False,error,0,0,False,0,0,0,0,0,0,0.0,"STATUS:ERROR:checkout Jsoup-75b failed at D:\Lab_SQA\Defects4J_Projects\Jsoup_75_b: exit=1
Checking out f627193c to D:\Lab_SQA\Defects4J_Projects\Jsoup_75_b.......... OK
Init local repository...................................................... OK
Tag post-fix revision...................................................... OK
Copy generated Ant build file.............................................. OK
Run post-checkout hook..................................................... OK
Excluding broken/flaky tests............................................... OK
Backing up build file: D:\Lab_SQA\Defects4J_Projects\Jsoup_75_b/pom.xml.... OK
Initialize fixed program version........................................... OK
Apply patch................................................................ OK
Initialize buggy program version........................................... OK
Couldn't checkout POST_FIX_REVISION at D:/Lab_SQA/defects4j/framework/core/Project.pm line 501.
	Project::checkout_vid(Project::Jsoup=HASH(0x16f0c69da20), ""75b"") called at D:/Lab_SQA/defects4j/framework/bin/d4j/d4j-checkout line 96
	require D:/Lab_SQA/defects4j/framework/bin/d4j/d4j-checkout called at D:\Lab_SQA\defects4j\framework\bin\defects4j line 195
Compilation failed in require at D:\Lab_SQA\defects4j\framework\bin\defects4j line 195."
Jsoup,76,CATG,default,1,0,False,error,0,0,False,0,0,0,0,0,0,0.0,"STATUS:ERROR:checkout Jsoup-76b failed at D:\Lab_SQA\Defects4J_Projects\Jsoup_76_b: exit=1
Checking out 02668f75 to D:\Lab_SQA\Defects4J_Projects\Jsoup_76_b.......... OK
Init local repository...................................................... OK
Tag post-fix revision...................................................... OK
Copy generated Ant build file.............................................. OK
Run post-checkout hook..................................................... OK
Excluding broken/flaky tests............................................... OK
Initialize fixed program version........................................... OK
Cannot determine how to apply patch!
All attempts failed:
* cd D:\Lab_SQA\Defects4J_Projects\Jsoup_76_b && git apply -p1 --ignore-whitespace --check D:/Lab_SQA/defects4j/framework/projects/Jsoup/patches/76.src.patch 2>&1
error: src/main/java/org/jsoup/parser/HtmlTreeBuilderState.java: No such file or directory
* cd D:\Lab_SQA\Defects4J_Projects\Jsoup_76_b && git apply -p0 --ignore-whitespace --check D:/Lab_SQA/defects4j/framework/projects/Jsoup/patches/76.src.patch 2>&1
error: a/src/main/java/org/jsoup/parser/HtmlTreeBuilderState.java: No such file or directory
* cd D:\Lab_SQA\Defects4J_Projects\Jsoup_76_b && git apply -p2 --ignore-whitespace --check D:/Lab_SQA/defects4j/framework/projects/Jsoup/patches/76.src.patch 2>&1
error: main/java/org/jsoup/parser/HtmlTreeBuilderState.java: No such file or directory
----------------------------------------------------------------------
 at D:/Lab_SQA/defects4j/framework/core/Vcs.pm line 414.
	Vcs::_apply_cmd(Vcs::Git=HASH(0x2118a6c4528), ""D:\\Lab_SQA\\Defects4J_Projects\\Jsoup_76_b"", ""D:/Lab_SQA/defects4j/framework/projects/Jsoup/patches/76.src.""..., undef) called at D:/Lab_SQA/defects4j/framework/core/Vcs.pm line 375
	Vcs::apply_patch(Vcs::Git=HASH(0x2118a6c4528), ""D:\\Lab_SQA\\Defects4J_Projects\\Jsoup_76_b"", ""D:/Lab_SQA/defects4j/framework/projects/Jsoup/patches/76.src.""...) called at D:/Lab_SQA/defects4j/framework/core/Project.pm line 1084
	Project::apply_patch(Project::Jsoup=HASH(0x2118a6c4480), ""D:\\Lab_SQA\\Defects4J_Projects\\Jsoup_76_b"", ""D:/Lab_SQA/defects4j/framework/projects/Jsoup/patches/76.src.""...) called at D:/Lab_SQA/defects4j/framework/core/Project.pm line 484
	Project::checkout_vid(Project::Jsoup=HASH(0x2118a6c4480), ""76b"") called at D:/Lab_SQA/defects4j/framework/bin/d4j/d4j-checkout line 96
	require D:/Lab_SQA/defects4j/framework/bin/d4j/d4j-checkout called at D:\Lab_SQA\defects4j\framework\bin\defects4j line 195
Compilation failed in require at D:\Lab_SQA\defects4j\framework\bin\defects4j line 195."
Jsoup,77,CATG,default,1,0,False,error,0,0,False,0,0,0,0,0,0,0.0,"STATUS:ERROR:checkout Jsoup-77b failed at D:\Lab_SQA\Defects4J_Projects\Jsoup_77_b: exit=1
Checking out df272b77 to D:\Lab_SQA\Defects4J_Projects\Jsoup_77_b.......... OK
Init local repository...................................................... OK
Tag post-fix revision...................................................... OK
Copy generated Ant build file.............................................. OK
Run post-checkout hook..................................................... OK
Excluding broken/flaky tests............................................... OK
Backing up build file: D:\Lab_SQA\Defects4J_Projects\Jsoup_77_b/pom.xml.... OK
Initialize fixed program version........................................... OK
Apply patch................................................................ OK
Initialize buggy program version........................................... OK
Couldn't checkout POST_FIX_REVISION at D:/Lab_SQA/defects4j/framework/core/Project.pm line 501.
	Project::checkout_vid(Project::Jsoup=HASH(0x1ed245343c0), ""77b"") called at D:/Lab_SQA/defects4j/framework/bin/d4j/d4j-checkout line 96
	require D:/Lab_SQA/defects4j/framework/bin/d4j/d4j-checkout called at D:\Lab_SQA\defects4j\framework\bin\defects4j line 195
Compilation failed in require at D:\Lab_SQA\defects4j\framework\bin\defects4j line 195."
Jsoup,78,CATG,default,1,0,False,unsupported,0,0,False,0,0,0,0,0,0,0.0,STATUS:harness_limitation:unsupported_type:InputStream input:parseInputStream
Jsoup,79,CATG,default,1,0,False,unsupported,0,0,False,0,0,0,0,0,0,0.0,STATUS:harness_limitation:abstract_class:ensureChildNodes
Jsoup,80,CATG,default,1,0,False,unsupported,0,0,False,0,0,0,0,0,0,0.0,STATUS:harness_limitation:unsupported_type:Token.Comment commentToken:insert
Jsoup,81,CATG,default,1,0,False,unsupported,0,0,False,0,0,0,0,0,0,0.0,STATUS:harness_limitation:unsupported_type:InputStream input:parseInputStream
Jsoup,82,CATG,default,1,0,False,unsupported,0,0,False,0,0,0,0,0,0,0.0,STATUS:harness_limitation:unsupported_type:InputStream input:parseInputStream
Jsoup,83,CATG,default,1,1,True,completed,0,0,False,1393,3,0.22,533,1,0.19,3.3,modified=org.jsoup.parser.CharacterReader;org.jsoup.parser.TokeniserState;target=org.jsoup.parser.CharacterReader::consumeTagName;params=;catg_cases=1
Jsoup,84,CATG,default,1,0,False,unsupported,0,0,False,0,0,0,0,0,0,0.0,STATUS:harness_limitation:unsupported_type:org.jsoup.nodes.Node source:head
Jsoup,85,CATG,default,1,0,False,unsupported,0,0,False,0,0,0,0,0,0,0.0,STATUS:target_discovery:no_source_method
Jsoup,86,CATG,default,1,1,True,completed,0,0,False,27,5,18.52,10,0,0.0,3.23,modified=org.jsoup.nodes.Comment;target=org.jsoup.nodes.Comment::asXmlDeclaration;params=;catg_cases=1
Jsoup,87,CATG,default,1,1,True,completed,0,0,False,2005,10,0.5,1259,1,0.08,3.34,modified=org.jsoup.nodes.Element;org.jsoup.parser.HtmlTreeBuilder;org.jsoup.parser.HtmlTreeBuilderState;org.jsoup.parser.Tag;target=org.jsoup.parser.HtmlTreeBuilder::generateImpliedEndTags;params=java.lang.String;catg_cases=1
Jsoup,88,CATG,default,1,1,True,completed,1,0,True,66,2,3.03,50,0,0.0,2.97,modified=org.jsoup.nodes.Attribute;target=org.jsoup.nodes.Attribute::getValue;params=;catg_cases=1
Jsoup,89,CATG,default,1,1,True,completed,1,0,True,66,2,3.03,50,0,0.0,3.35,modified=org.jsoup.nodes.Attribute;target=org.jsoup.nodes.Attribute::setValue;params=java.lang.String;catg_cases=1
Jsoup,90,CATG,default,1,0,False,unsupported,0,0,False,0,0,0,0,0,0,0.0,STATUS:harness_limitation:unsupported_type:byte[] input:looksLikeUtf8
Jsoup,91,CATG,default,1,1,True,completed,0,0,False,249,1,0.4,190,0,0.0,4.55,modified=org.jsoup.UncheckedIOException;org.jsoup.parser.CharacterReader;target=org.jsoup.UncheckedIOException::ioException;params=;catg_cases=1
Jsoup,92,CATG,default,1,1,True,completed,0,0,False,797,5,0.63,363,0,0.0,4.03,"modified=org.jsoup.nodes.Attributes;org.jsoup.parser.HtmlTreeBuilder;org.jsoup.parser.ParseSettings;org.jsoup.parser.Token;org.jsoup.parser.XmlTreeBuilder;target=org.jsoup.nodes.Attributes$Dataset::put;params=java.lang.String,java.lang.String;catg_cases=1"
Jsoup,93,CATG,default,1,1,True,completed,0,0,False,41,2,4.88,28,0,0.0,5.36,modified=org.jsoup.nodes.FormElement;target=org.jsoup.nodes.FormElement::formData;params=;catg_cases=1
JxPath,1,CATG,default,1,0,False,unsupported,0,0,False,0,0,0,0,0,0,0.0,STATUS:harness_limitation:unsupported_type:Node node:testNode
JxPath,2,CATG,default,1,0,False,unsupported,0,0,False,0,0,0,0,0,0,0.0,STATUS:harness_limitation:unsupported_type:EvalContext context:iteratePointers
JxPath,3,CATG,default,1,0,False,unsupported,0,0,False,0,0,0,0,0,0,0.0,STATUS:harness_limitation:unsupported_type:JXPathContext context:createPath
JxPath,4,CATG,default,1,0,False,error,0,0,False,0,0,0,0,0,0,0.0,"STATUS:ERROR:generated Java compilation failed:
Picked up JAVA_TOOL_OPTIONS: -Dfile.encoding=UTF-8
error: error reading D:\Lab_SQA\Defects4J_Projects\JxPath_4_b\target\lib\servletapi-2.2.jar; zip file is empty
1 error"
JxPath,5,CATG,default,1,0,False,unsupported,0,0,False,0,0,0,0,0,0,0.0,STATUS:harness_limitation:unsupported_type:NodePointer p1:compareNodePointers
JxPath,6,CATG,default,1,0,False,error,0,0,False,0,0,0,0,0,0,0.0,STATUS:ERROR:worker_exit_without_result
JxPath,7,CATG,default,1,0,False,unsupported,0,0,False,0,0,0,0,0,0,0.0,STATUS:harness_limitation:unsupported_type:org.apache.commons.jxpath.ri.EvalContext context:computeValue
JxPath,8,CATG,default,1,0,False,unsupported,0,0,False,0,0,0,0,0,0,0.0,STATUS:harness_limitation:unsupported_type:Object o:reduce
JxPath,9,CATG,default,1,0,False,error,0,0,False,0,0,0,0,0,0,0.0,STATUS:ERROR:worker_exit_without_result
JxPath,10,CATG,default,1,0,False,unsupported,0,0,False,0,0,0,0,0,0,0.0,STATUS:harness_limitation:unsupported_type:EvalContext context:computeValue
JxPath,11,CATG,default,1,0,False,unsupported,0,0,False,0,0,0,0,0,0,0.0,STATUS:harness_limitation:unsupported_type:Element element:getAttribute
JxPath,12,CATG,default,1,0,False,error,0,0,False,0,0,0,0,0,0,0.0,"STATUS:ERROR:checkout JxPath-12b failed at D:\Lab_SQA\Defects4J_Projects\JxPath_12_b: exit=1
Checking out d5207401 to D:\Lab_SQA\Defects4J_Projects\JxPath_12_b......... OK
Init local repository...................................................... OK
Tag post-fix revision...................................................... OK
Run post-checkout hook..................................................... OK
Initialize fixed program version........................................... OK
Cannot determine how to apply patch!
All attempts failed:
* cd D:\Lab_SQA\Defects4J_Projects\JxPath_12_b && git apply -p1 --ignore-whitespace --check D:/Lab_SQA/defects4j/framework/projects/JxPath/patches/12.src.patch 2>&1
error: src/java/org/apache/commons/jxpath/ri/model/dom/DOMNodePointer.java: No such file or directory
* cd D:\Lab_SQA\Defects4J_Projects\JxPath_12_b && git apply -p0 --ignore-whitespace --check D:/Lab_SQA/defects4j/framework/projects/JxPath/patches/12.src.patch 2>&1
error: a/src/java/org/apache/commons/jxpath/ri/model/dom/DOMNodePointer.java: No such file or directory
* cd D:\Lab_SQA\Defects4J_Projects\JxPath_12_b && git apply -p2 --ignore-whitespace --check D:/Lab_SQA/defects4j/framework/projects/JxPath/patches/12.src.patch 2>&1
error: java/org/apache/commons/jxpath/ri/model/dom/DOMNodePointer.java: No such file or directory
----------------------------------------------------------------------
 at D:/Lab_SQA/defects4j/framework/core/Vcs.pm line 414.
	Vcs::_apply_cmd(Vcs::Git=HASH(0x115b8ff4d78), ""D:\\Lab_SQA\\Defects4J_Projects\\JxPath_12_b"", ""D:/Lab_SQA/defects4j/framework/projects/JxPath/patches/12.src""..., undef) called at D:/Lab_SQA/defects4j/framework/core/Vcs.pm line 375
	Vcs::apply_patch(Vcs::Git=HASH(0x115b8ff4d78), ""D:\\Lab_SQA\\Defects4J_Projects\\JxPath_12_b"", ""D:/Lab_SQA/defects4j/framework/projects/JxPath/patches/12.src""...) called at D:/Lab_SQA/defects4j/framework/core/Project.pm line 1084
	Project::apply_patch(Project::JxPath=HASH(0x115b8ff3db8), ""D:\\Lab_SQA\\Defects4J_Projects\\JxPath_12_b"", ""D:/Lab_SQA/defects4j/framework/projects/JxPath/patches/12.src""...) called at D:/Lab_SQA/defects4j/framework/core/Project.pm line 484
	Project::checkout_vid(Project::JxPath=HASH(0x115b8ff3db8), ""12b"") called at D:/Lab_SQA/defects4j/framework/bin/d4j/d4j-checkout line 96
	require D:/Lab_SQA/defects4j/framework/bin/d4j/d4j-checkout called at D:\Lab_SQA\defects4j\framework\bin\defects4j line 195
Compilation failed in require at D:\Lab_SQA\defects4j\framework\bin\defects4j line 195."
JxPath,13,CATG,default,1,0,False,error,0,0,False,0,0,0,0,0,0,0.0,"STATUS:ERROR:checkout JxPath-13b failed at D:\Lab_SQA\Defects4J_Projects\JxPath_13_b: exit=1
Checking out 15a67164 to D:\Lab_SQA\Defects4J_Projects\JxPath_13_b......... OK
Init local repository...................................................... OK
Tag post-fix revision...................................................... OK
Run post-checkout hook..................................................... OK
Initialize fixed program version........................................... OK
Cannot determine how to apply patch!
All attempts failed:
* cd D:\Lab_SQA\Defects4J_Projects\JxPath_13_b && git apply -p1 --ignore-whitespace --check D:/Lab_SQA/defects4j/framework/projects/JxPath/patches/13.src.patch 2>&1
error: src/java/org/apache/commons/jxpath/ri/NamespaceResolver.java: No such file or directory
error: src/java/org/apache/commons/jxpath/ri/model/dom/DOMNodePointer.java: No such file or directory
* cd D:\Lab_SQA\Defects4J_Projects\JxPath_13_b && git apply -p0 --ignore-whitespace --check D:/Lab_SQA/defects4j/framework/projects/JxPath/patches/13.src.patch 2>&1
error: a/src/java/org/apache/commons/jxpath/ri/NamespaceResolver.java: No such file or directory
error: a/src/java/org/apache/commons/jxpath/ri/model/dom/DOMNodePointer.java: No such file or directory
* cd D:\Lab_SQA\Defects4J_Projects\JxPath_13_b && git apply -p2 --ignore-whitespace --check D:/Lab_SQA/defects4j/framework/projects/JxPath/patches/13.src.patch 2>&1
error: java/org/apache/commons/jxpath/ri/NamespaceResolver.java: No such file or directory
error: java/org/apache/commons/jxpath/ri/model/dom/DOMNodePointer.java: No such file or directory
----------------------------------------------------------------------
 at D:/Lab_SQA/defects4j/framework/core/Vcs.pm line 414.
	Vcs::_apply_cmd(Vcs::Git=HASH(0x261f96e4ed8), ""D:\\Lab_SQA\\Defects4J_Projects\\JxPath_13_b"", ""D:/Lab_SQA/defects4j/framework/projects/JxPath/patches/13.src""..., undef) called at D:/Lab_SQA/defects4j/framework/core/Vcs.pm line 375
	Vcs::apply_patch(Vcs::Git=HASH(0x261f96e4ed8), ""D:\\Lab_SQA\\Defects4J_Projects\\JxPath_13_b"", ""D:/Lab_SQA/defects4j/framework/projects/JxPath/patches/13.src""...) called at D:/Lab_SQA/defects4j/framework/core/Project.pm line 1084
	Project::apply_patch(Project::JxPath=HASH(0x261f96e37f8), ""D:\\Lab_SQA\\Defects4J_Projects\\JxPath_13_b"", ""D:/Lab_SQA/defects4j/framework/projects/JxPath/patches/13.src""...) called at D:/Lab_SQA/defects4j/framework/core/Project.pm line 484
	Project::checkout_vid(Project::JxPath=HASH(0x261f96e37f8), ""13b"") called at D:/Lab_SQA/defects4j/framework/bin/d4j/d4j-checkout line 96
	require D:/Lab_SQA/defects4j/framework/bin/d4j/d4j-checkout called at D:\Lab_SQA\defects4j\framework\bin\defects4j line 195
Compilation failed in require at D:\Lab_SQA\defects4j\framework\bin\defects4j line 195."
JxPath,14,CATG,default,1,0,False,error,0,0,False,0,0,0,0,0,0,0.0,"STATUS:ERROR:checkout JxPath-14b failed at D:\Lab_SQA\Defects4J_Projects\JxPath_14_b: exit=1
Checking out 8a04f62f to D:\Lab_SQA\Defects4J_Projects\JxPath_14_b......... OK
Init local repository...................................................... OK
Tag post-fix revision...................................................... OK
Run post-checkout hook..................................................... OK
Initialize fixed program version........................................... OK
Cannot determine how to apply patch!
All attempts failed:
* cd D:\Lab_SQA\Defects4J_Projects\JxPath_14_b && git apply -p1 --ignore-whitespace --check D:/Lab_SQA/defects4j/framework/projects/JxPath/patches/14.src.patch 2>&1
error: src/java/org/apache/commons/jxpath/ri/compiler/CoreFunction.java: No such file or directory
* cd D:\Lab_SQA\Defects4J_Projects\JxPath_14_b && git apply -p0 --ignore-whitespace --check D:/Lab_SQA/defects4j/framework/projects/JxPath/patches/14.src.patch 2>&1
error: a/src/java/org/apache/commons/jxpath/ri/compiler/CoreFunction.java: No such file or directory
* cd D:\Lab_SQA\Defects4J_Projects\JxPath_14_b && git apply -p2 --ignore-whitespace --check D:/Lab_SQA/defects4j/framework/projects/JxPath/patches/14.src.patch 2>&1
error: java/org/apache/commons/jxpath/ri/compiler/CoreFunction.java: No such file or directory
----------------------------------------------------------------------
 at D:/Lab_SQA/defects4j/framework/core/Vcs.pm line 414.
	Vcs::_apply_cmd(Vcs::Git=HASH(0x18412686c70), ""D:\\Lab_SQA\\Defects4J_Projects\\JxPath_14_b"", ""D:/Lab_SQA/defects4j/framework/projects/JxPath/patches/14.src""..., undef) called at D:/Lab_SQA/defects4j/framework/core/Vcs.pm line 375
	Vcs::apply_patch(Vcs::Git=HASH(0x18412686c70), ""D:\\Lab_SQA\\Defects4J_Projects\\JxPath_14_b"", ""D:/Lab_SQA/defects4j/framework/projects/JxPath/patches/14.src""...) called at D:/Lab_SQA/defects4j/framework/core/Project.pm line 1084
	Project::apply_patch(Project::JxPath=HASH(0x18412686dd8), ""D:\\Lab_SQA\\Defects4J_Projects\\JxPath_14_b"", ""D:/Lab_SQA/defects4j/framework/projects/JxPath/patches/14.src""...) called at D:/Lab_SQA/defects4j/framework/core/Project.pm line 484
	Project::checkout_vid(Project::JxPath=HASH(0x18412686dd8), ""14b"") called at D:/Lab_SQA/defects4j/framework/bin/d4j/d4j-checkout line 96
	require D:/Lab_SQA/defects4j/framework/bin/d4j/d4j-checkout called at D:\Lab_SQA\defects4j\framework\bin\defects4j line 195
Compilation failed in require at D:\Lab_SQA\defects4j\framework\bin\defects4j line 195."
JxPath,15,CATG,default,1,0,False,error,0,0,False,0,0,0,0,0,0,0.0,"STATUS:ERROR:checkout JxPath-15b failed at D:\Lab_SQA\Defects4J_Projects\JxPath_15_b: exit=2
Checking out 497ed5f8 to D:\Lab_SQA\Defects4J_Projects\JxPath_15_b......... OK
Init local repository...................................................... OK
Tag post-fix revision...................................................... OK
Invalid working directory! Cannot read: D:\Lab_SQA\Defects4J_Projects\JxPath_15_b/.defects4j.config at D:/Lab_SQA/defects4j/framework/core/Utils.pm line 568.
Compilation failed in require at D:\Lab_SQA\defects4j\framework\bin\defects4j line 195."
JxPath,16,CATG,default,1,0,False,unsupported,0,0,False,0,0,0,0,0,0,0.0,STATUS:harness_limitation:unsupported_type:Node node:testNode
JxPath,17,CATG,default,1,0,False,error,0,0,False,0,0,0,0,0,0,0.0,"STATUS:ERROR:generated Java compilation failed:
Picked up JAVA_TOOL_OPTIONS: -Dfile.encoding=UTF-8
javac: file not found: D:\Lab_SQA\SQA_Project_Group9\CATG\Result_Round2\enhanced\JxPath_17\CatgOutcome_77f90497c6.java
Usage: javac <options> <source files>
use -help for a list of possible options"
JxPath,18,CATG,default,1,0,False,unsupported,0,0,False,0,0,0,0,0,0,3.6,STATUS:catg_runtime_interpreter:ClassCastException
JxPath,19,CATG,default,1,0,False,error,0,0,False,0,0,0,0,0,0,5.41,"STATUS:ERROR:CATG failed with exit 1:
Now testing catg.generated.CatgHarness_18ccea8eec

========== Input 1 ==========
WARNING: 
java.lang.LinkageError: loader (instance of  sun/misc/Launcher$AppClassLoader): attempted  duplicate class definition for name: ""org/apache/commons/jxpath/ri/model/dom/DOMNodePointer""
	at java.lang.ClassLoader.defineClass1(Native Method)
	at java.lang.ClassLoader.defineClass(ClassLoader.java:756)
	at java.security.SecureClassLoader.defineClass(SecureClassLoader.java:142)
	at java.net.URLClassLoader.defineClass(URLClassLoader.java:473)
	at java.net.URLClassLoader.access$100(URLClassLoader.java:74)
	at java.net.URLClassLoader$1.run(URLClassLoader.java:369)
	at java.net.URLClassLoader$1.run(URLClassLoader.java:363)
	at java.security.AccessController.doPrivileged(Native Method)
	at java.net.URLClassLoader.findClass(URLClassLoader.java:362)
	at java.lang.ClassLoader.loadClass(ClassLoader.java:418)
	at sun.misc.Launcher$AppClassLoader.loadClass(Launcher.java:352)
	at java.lang.ClassLoader.loadClass(ClassLoader.java:351)
	at java.lang.Class.forName0(Native Method)
	at java.lang.Class.forName(Class.java:264)
	at catg.generated.CatgHarness_18ccea8eec.main(CatgHarness_18ccea8eec.java:12)
Java exited with status 1"
JxPath,20,CATG,default,1,0,False,unsupported,0,0,False,0,0,0,0,0,0,0.0,STATUS:harness_limitation:unsupported_type:Object left:compute
JxPath,21,CATG,default,1,0,False,unsupported,0,0,False,0,0,0,0,0,0,0.0,STATUS:harness_limitation:abstract_class:getLength
JxPath,22,CATG,default,1,0,False,error,0,0,False,0,0,0,0,0,0,4.1,"STATUS:ERROR:CATG failed with exit 1:
Now testing catg.generated.CatgHarness_8c8bb88644

========== Input 1 ==========
WARNING: 
java.lang.LinkageError: loader (instance of  sun/misc/Launcher$AppClassLoader): attempted  duplicate class definition for name: ""org/apache/commons/jxpath/ri/model/dom/DOMNodePointer""
	at java.lang.ClassLoader.defineClass1(Native Method)
	at java.lang.ClassLoader.defineClass(ClassLoader.java:756)
	at java.security.SecureClassLoader.defineClass(SecureClassLoader.java:142)
	at java.net.URLClassLoader.defineClass(URLClassLoader.java:473)
	at java.net.URLClassLoader.access$100(URLClassLoader.java:74)
	at java.net.URLClassLoader$1.run(URLClassLoader.java:369)
	at java.net.URLClassLoader$1.run(URLClassLoader.java:363)
	at java.security.AccessController.doPrivileged(Native Method)
	at java.net.URLClassLoader.findClass(URLClassLoader.java:362)
	at java.lang.ClassLoader.loadClass(ClassLoader.java:418)
	at sun.misc.Launcher$AppClassLoader.loadClass(Launcher.java:352)
	at java.lang.ClassLoader.loadClass(ClassLoader.java:351)
	at java.lang.Class.forName0(Native Method)
	at java.lang.Class.forName(Class.java:264)
	at catg.generated.CatgHarness_8c8bb88644.main(CatgHarness_8c8bb88644.java:12)
Java exited with status 1"
Lang,3,CATG,default,1,0,False,error,0,0,False,0,0,0,0,0,0,4.39,"STATUS:ERROR:CATG failed with exit 1:
Now testing catg.generated.CatgHarness_fdc0b378e9

========== Input 1 ==========
--- Generated input ---
-#
--- History generated ---

========== Input 2 ==========
WARNING: 
Error: Could not find or load main class catg.generated.CatgHarness_fdc0b378e9
Java exited with status 1"
Lang,4,CATG,default,1,0,False,error,0,0,False,0,0,0,0,0,0,0.0,"STATUS:ERROR:checkout Lang-4b failed at D:\Lab_SQA\Defects4J_Projects\Lang_4_b: exit=128
Checking out 0cdc9766 to D:\Lab_SQA\Defects4J_Projects\Lang_4_b............ FAIL
Executed command: git clone D:/Lab_SQA/defects4j/project_repos/commons-lang.git D:\Lab_SQA\Defects4J_Projects\Lang_4_b 2>&1 && cd D:\Lab_SQA\Defects4J_Projects\Lang_4_b && git checkout 0cdc976684efcf478397b68c1d54cefc87bb92c9 2>&1
Cloning into 'D:\Lab_SQA\Defects4J_Projects\Lang_4_b'...
done.
fatal: unable to read tree (0cdc976684efcf478397b68c1d54cefc87bb92c9)
Cannot checkout program version! at D:/Lab_SQA/defects4j/framework/bin/d4j/d4j-checkout line 96.
Compilation failed in require at D:\Lab_SQA\defects4j\framework\bin\defects4j line 195."
Lang,5,CATG,default,1,5,True,completed,0,0,False,82,9,10.98,56,3,5.36,8.94,modified=org.apache.commons.lang3.LocaleUtils;target=org.apache.commons.lang3.LocaleUtils::toLocale;params=java.lang.String;catg_cases=5
Lang,6,CATG,default,1,0,False,unsupported,0,0,False,0,0,0,0,0,0,0.0,STATUS:harness_limitation:unsupported_type:CharSequence input:translate
Lang,7,CATG,default,1,5,True,completed,0,0,False,380,21,5.53,366,2,0.55,8.05,modified=org.apache.commons.lang3.math.NumberUtils;target=org.apache.commons.lang3.math.NumberUtils::createBigDecimal;params=java.lang.String;catg_cases=5
Lang,8,CATG,default,1,0,False,unsupported,0,0,False,0,0,0,0,0,0,0.0,STATUS:target_discovery:no_source_method
Lang,9,CATG,default,1,1,True,completed,0,0,False,273,35,12.82,123,0,0.0,2.91,modified=org.apache.commons.lang3.time.FastDateParser;target=org.apache.commons.lang3.time.FastDateParser::init;params=;catg_cases=1
Lang,10,CATG,default,1,0,False,unsupported,0,0,False,0,0,0,0,0,0,0.0,STATUS:harness_limitation:unsupported_type:StringBuilder regex:escapeRegex
Lang,11,CATG,default,1,0,False,unsupported,0,0,False,0,0,0,0,0,0,0.0,STATUS:harness_limitation:unsupported_type:char[] chars:random
Lang,12,CATG,default,1,0,False,unsupported,0,0,False,0,0,0,0,0,0,0.0,STATUS:harness_limitation:unsupported_type:char[] chars:random
Lang,13,CATG,default,1,0,False,unsupported,0,0,False,0,0,0,0,0,0,0.0,STATUS:target_discovery:no_source_method
Lang,14,CATG,default,1,0,False,error,0,0,False,0,0,0,0,0,0,0.0,"STATUS:ERROR:checkout Lang-14b failed at D:\Lab_SQA\Defects4J_Projects\Lang_14_b: exit=128
Checking out dfa6882a to D:\Lab_SQA\Defects4J_Projects\Lang_14_b........... OK
Init local repository...................................................... OK
Tag post-fix revision...................................................... FAIL
Executed command: cd D:\Lab_SQA\Defects4J_Projects\Lang_14_b && git init 2>&1 && echo "".svn"" > .gitignore && git add -A 2>&1 && git commit -a -m D4J_Lang_14_POST_FIX_REVISION 2>&1 && git tag --no-sign D4J_Lang_14_POST_FIX_REVISION 2>&1
Reinitialized existing Git repository in D:/Lab_SQA/Defects4J_Projects/Lang_14_b/.git/
fatal: could not parse HEAD
Couldn't tag post-fix revision! at D:/Lab_SQA/defects4j/framework/core/Project.pm line 434.
	Project::checkout_vid(Project::Lang=HASH(0x1e657d44310), ""14b"") called at D:/Lab_SQA/defects4j/framework/bin/d4j/d4j-checkout line 96
	require D:/Lab_SQA/defects4j/framework/bin/d4j/d4j-checkout called at D:\Lab_SQA\defects4j\framework\bin\defects4j line 195
Compilation failed in require at D:\Lab_SQA\defects4j\framework\bin\defects4j line 195."
Lang,15,CATG,default,1,0,False,error,0,0,False,0,0,0,0,0,0,0.0,"STATUS:ERROR:checkout Lang-15b failed at D:\Lab_SQA\Defects4J_Projects\Lang_15_b: exit=128
Checking out c71d0f03 to D:\Lab_SQA\Defects4J_Projects\Lang_15_b........... FAIL
Executed command: git clone D:/Lab_SQA/defects4j/project_repos/commons-lang.git D:\Lab_SQA\Defects4J_Projects\Lang_15_b 2>&1 && cd D:\Lab_SQA\Defects4J_Projects\Lang_15_b && git checkout c71d0f03dab384f98ef2c0ba0050822fba22a063 2>&1
Cloning into 'D:\Lab_SQA\Defects4J_Projects\Lang_15_b'...
done.
fatal: unable to read tree (c71d0f03dab384f98ef2c0ba0050822fba22a063)
Cannot checkout program version! at D:/Lab_SQA/defects4j/framework/bin/d4j/d4j-checkout line 96.
Compilation failed in require at D:\Lab_SQA\defects4j\framework\bin\defects4j line 195."
Lang,16,CATG,default,1,5,True,completed,0,0,False,375,27,7.2,358,9,2.51,11.42,modified=org.apache.commons.lang3.math.NumberUtils;target=org.apache.commons.lang3.math.NumberUtils::createNumber;params=java.lang.String;catg_cases=5
Lang,17,CATG,default,1,0,False,unsupported,0,0,False,0,0,0,0,0,0,0.0,STATUS:harness_limitation:unsupported_type:CharSequence input:translate
Lang,19,CATG,default,1,0,False,unsupported,0,0,False,0,0,0,0,0,0,0.0,STATUS:harness_limitation:unsupported_type:CharSequence input:translate
Lang,20,CATG,default,1,0,False,unsupported,0,0,False,0,0,0,0,0,0,0.0,STATUS:harness_limitation:unsupported_type:Object[] array:join
Lang,21,CATG,default,1,0,False,unsupported,0,0,False,0,0,0,0,0,0,0.0,STATUS:harness_limitation:unsupported_type:Calendar cal1:isSameLocalTime
Lang,22,CATG,default,1,0,False,error,0,0,False,0,0,0,0,0,0,0.0,"STATUS:ERROR:generated Java compilation failed:
Picked up JAVA_TOOL_OPTIONS: -Dfile.encoding=UTF-8
javac: file not found: D:\Lab_SQA\SQA_Project_Group9\CATG\Result_Round2\enhanced\Lang_22\CatgHarness_772d2bc8bf.java
Usage: javac <options> <source files>
use -help for a list of possible options"
Lang,23,CATG,default,1,1,True,completed,0,0,False,167,2,1.2,99,1,1.01,6.07,modified=org.apache.commons.lang3.text.ExtendedMessageFormat;target=org.apache.commons.lang3.text.ExtendedMessageFormat::getFormat;params=java.lang.String;catg_cases=1
Lang,24,CATG,default,1,0,False,unsupported,0,0,False,0,0,0,0,0,0,3.86,STATUS:catg_runtime_interpreter:ClassCastException
Lang,26,CATG,default,1,0,False,unsupported,0,0,False,0,0,0,0,0,0,0.0,STATUS:harness_limitation:unsupported_type:Date date:format
Lang,27,CATG,default,1,5,True,completed,0,0,False,374,27,7.22,352,9,2.56,6.65,modified=org.apache.commons.lang3.math.NumberUtils;target=org.apache.commons.lang3.math.NumberUtils::createNumber;params=java.lang.String;catg_cases=5
Lang,28,CATG,default,1,0,False,unsupported,0,0,False,0,0,0,0,0,0,0.0,STATUS:harness_limitation:unsupported_type:CharSequence input:translate
Lang,29,CATG,default,1,0,False,unsupported,0,0,False,0,0,0,0,0,0,2.75,STATUS:catg_runtime_interpreter:ClassCastException
Lang,30,CATG,default,1,0,False,unsupported,0,0,False,0,0,0,0,0,0,2.88,STATUS:catg_runtime_interpreter:ClassCastException
Lang,31,CATG,default,1,0,False,unsupported,0,0,False,0,0,0,0,0,0,0.0,STATUS:harness_limitation:unsupported_type:CharSequence cs:containsAny
Lang,32,CATG,default,1,0,False,error,0,0,False,0,0,0,0,0,0,2.48,"STATUS:ERROR:CATG failed with exit 1:
Now testing catg.generated.CatgHarness_95da571cf7

========== Input 1 ==========
WARNING: 
java.lang.NoSuchMethodException: org.apache.commons.lang3.builder.HashCodeBuilder.initialValue()
	at java.lang.Class.getDeclaredMethod(Class.java:2130)
	at catg.generated.CatgHarness_95da571cf7.main(CatgHarness_95da571cf7.java:14)
Java exited with status 1"
Lang,33,CATG,default,1,0,False,unsupported,0,0,False,0,0,0,0,0,0,0.0,STATUS:harness_limitation:unsupported_type:Object[] array:toClass
Lang,34,CATG,default,1,0,False,error,0,0,False,0,0,0,0,0,0,0.0,"STATUS:ERROR:generated Java compilation failed:
Picked up JAVA_TOOL_OPTIONS: -Dfile.encoding=UTF-8
javac: file not found: D:\Lab_SQA\SQA_Project_Group9\CATG\Result_Round2\enhanced\Lang_34\CatgHarness_f587136d72.java
Usage: javac <options> <source files>
use -help for a list of possible options"
Lang,35,CATG,default,1,0,False,unsupported,0,0,False,0,0,0,0,0,0,0.0,STATUS:harness_limitation:unsupported_type:T[] array:add
Lang,36,CATG,default,1,0,False,error,0,0,False,0,0,0,0,0,0,2.22,"STATUS:ERROR:CATG failed with exit 1:
/d/Lab_SQA/SQA_Project_Group9/CATG/Code/dconcolic: line 334: cd: /d/Lab_SQA/SQA_Project_Group9/CATG/Result_Round2/enhanced/Lang_36/catg-state: No such file or directory"
Lang,37,CATG,default,1,0,False,unsupported,0,0,False,0,0,0,0,0,0,0.0,STATUS:harness_limitation:unsupported_type:T[] array1:addAll
Lang,38,CATG,default,1,0,False,unsupported,0,0,False,0,0,0,0,0,0,0.0,STATUS:harness_limitation:unsupported_type:Calendar calendar:format
Lang,39,CATG,default,1,0,False,error,0,0,False,0,0,0,0,0,0,0.0,"STATUS:ERROR:checkout Lang-39b failed at D:\Lab_SQA\Defects4J_Projects\Lang_39_b: exit=128
Checking out 56550bf2 to D:\Lab_SQA\Defects4J_Projects\Lang_39_b........... OK
Init local repository...................................................... OK
Tag post-fix revision...................................................... FAIL
Executed command: cd D:\Lab_SQA\Defects4J_Projects\Lang_39_b && git init 2>&1 && echo "".svn"" > .gitignore && git add -A 2>&1 && git commit -a -m D4J_Lang_39_POST_FIX_REVISION 2>&1 && git tag --no-sign D4J_Lang_39_POST_FIX_REVISION 2>&1
Reinitialized existing Git repository in D:/Lab_SQA/Defects4J_Projects/Lang_39_b/.git/
fatal: could not parse HEAD
Couldn't tag post-fix revision! at D:/Lab_SQA/defects4j/framework/core/Project.pm line 434.
	Project::checkout_vid(Project::Lang=HASH(0x2da2560c9b8), ""39b"") called at D:/Lab_SQA/defects4j/framework/bin/d4j/d4j-checkout line 96
	require D:/Lab_SQA/defects4j/framework/bin/d4j/d4j-checkout called at D:\Lab_SQA\defects4j\framework\bin\defects4j line 195
Compilation failed in require at D:\Lab_SQA\defects4j\framework\bin\defects4j line 195."
Lang,40,CATG,default,1,0,False,unsupported,0,0,False,0,0,0,0,0,0,3.31,STATUS:catg_runtime_interpreter:ClassCastException
Lang,41,CATG,default,1,0,False,error,0,0,False,0,0,0,0,0,0,4.61,"STATUS:ERROR:CATG failed with exit 4:
Now testing catg.generated.CatgHarness_5e6c551181

========== Input 1 ==========
--- Generated input ---

--- History generated ---

========== Input 2 ==========
--- Generated input ---
0
--- History generated ---

========== Input 3 ==========
WARNING: 
WARNING: !!!!!!!!!!!!!!!!! Prediction failed (checkAndSetBranch) !!!!!!!!!!!!!!!!! index 1 history.size() 24
WARNING: At old iid 37967 at iid 300111 constraint null
WARNING: !!!!!!!!!!!!!!!!! Prediction failed (checkAndSetBranch) !!!!!!!!!!!!!!!!! index 1 history.size() 24
WARNING: At old iid 37967 at iid 300111 constraint null
ERROR: CATG produced no input file"
Lang,42,CATG,default,1,0,False,error,0,0,False,0,0,0,0,0,0,0.0,"STATUS:ERROR:checkout Lang-42b failed at D:\Lab_SQA\Defects4J_Projects\Lang_42_b: exit=123
Checking out c0683957 to D:\Lab_SQA\Defects4J_Projects\Lang_42_b........... OK
Init local repository...................................................... OK
Tag post-fix revision...................................................... OK
Apply patch................................................................ OK
Apply patch................................................................ OK
Apply patch................................................................ OK
Apply patch................................................................ OK
Rename enum package in src................................................. sed: can't read D:Lab_SQADefects4J_ProjectsLang_42_b/src/java/org/apache/commons/lang/enum/Enum.java: No such file or directory
sed: can't read D:Lab_SQADefects4J_ProjectsLang_42_b/src/java/org/apache/commons/lang/enum/EnumUtils.java: No such file or directory
sed: can't read D:Lab_SQADefects4J_ProjectsLang_42_b/src/java/org/apache/commons/lang/enum/ValuedEnum.java: No such file or directory
FAIL
Executed command: grep -lR '\.enum;' D:\Lab_SQA\Defects4J_Projects\Lang_42_b'/'src/java'/org/apache/commons/lang/enum/' | xargs sed -i'.bak' 's/\.enum;/\.oldenum;/'
Died at D:/Lab_SQA/defects4j/framework/core/Project/Lang.pm line 113.
Compilation failed in require at D:\Lab_SQA\defects4j\framework\bin\defects4j line 195."
Lang,43,CATG,default,1,0,False,error,0,0,False,0,0,0,0,0,0,0.0,"STATUS:ERROR:checkout Lang-43b failed at D:\Lab_SQA\Defects4J_Projects\Lang_43_b: exit=123
Checking out a38e2e94 to D:\Lab_SQA\Defects4J_Projects\Lang_43_b........... OK
Init local repository...................................................... OK
Tag post-fix revision...................................................... OK
Apply patch................................................................ OK
Apply patch................................................................ OK
Apply patch................................................................ OK
Apply patch................................................................ OK
Rename enum package in src................................................. sed: can't read D:Lab_SQADefects4J_ProjectsLang_43_b/src/java/org/apache/commons/lang/enum/Enum.java: No such file or directory
sed: can't read D:Lab_SQADefects4J_ProjectsLang_43_b/src/java/org/apache/commons/lang/enum/EnumUtils.java: No such file or directory
sed: can't read D:Lab_SQADefects4J_ProjectsLang_43_b/src/java/org/apache/commons/lang/enum/ValuedEnum.java: No such file or directory
FAIL
Executed command: grep -lR '\.enum;' D:\Lab_SQA\Defects4J_Projects\Lang_43_b'/'src/java'/org/apache/commons/lang/enum/' | xargs sed -i'.bak' 's/\.enum;/\.oldenum;/'
Died at D:/Lab_SQA/defects4j/framework/core/Project/Lang.pm line 113.
Compilation failed in require at D:\Lab_SQA\defects4j\framework\bin\defects4j line 195."
Lang,44,CATG,default,1,0,False,error,0,0,False,0,0,0,0,0,0,0.0,"STATUS:ERROR:checkout Lang-44b failed at D:\Lab_SQA\Defects4J_Projects\Lang_44_b: exit=123
Checking out 0d0061f2 to D:\Lab_SQA\Defects4J_Projects\Lang_44_b........... OK
Init local repository...................................................... OK
Tag post-fix revision...................................................... OK
Apply patch................................................................ OK
Apply patch................................................................ OK
Apply patch................................................................ OK
Apply patch................................................................ OK
Apply patch................................................................ OK
Rename enum package in src................................................. sed: can't read D:Lab_SQADefects4J_ProjectsLang_44_b/src/java/org/apache/commons/lang/enum/Enum.java: No such file or directory
sed: can't read D:Lab_SQADefects4J_ProjectsLang_44_b/src/java/org/apache/commons/lang/enum/EnumUtils.java: No such file or directory
sed: can't read D:Lab_SQADefects4J_ProjectsLang_44_b/src/java/org/apache/commons/lang/enum/ValuedEnum.java: No such file or directory
FAIL
Executed command: grep -lR '\.enum;' D:\Lab_SQA\Defects4J_Projects\Lang_44_b'/'src/java'/org/apache/commons/lang/enum/' | xargs sed -i'.bak' 's/\.enum;/\.oldenum;/'
Died at D:/Lab_SQA/defects4j/framework/core/Project/Lang.pm line 113.
Compilation failed in require at D:\Lab_SQA\defects4j\framework\bin\defects4j line 195."
Lang,45,CATG,default,1,0,False,error,0,0,False,0,0,0,0,0,0,0.0,"STATUS:ERROR:checkout Lang-45b failed at D:\Lab_SQA\Defects4J_Projects\Lang_45_b: exit=123
Checking out 4342bd5d to D:\Lab_SQA\Defects4J_Projects\Lang_45_b........... OK
Init local repository...................................................... OK
Tag post-fix revision...................................................... OK
Apply patch................................................................ OK
Apply patch................................................................ OK
Apply patch................................................................ OK
Apply patch................................................................ OK
Apply patch................................................................ OK
Rename enum package in src................................................. sed: can't read D:Lab_SQADefects4J_ProjectsLang_45_b/src/java/org/apache/commons/lang/enum/Enum.java: No such file or directory
sed: can't read D:Lab_SQADefects4J_ProjectsLang_45_b/src/java/org/apache/commons/lang/enum/EnumUtils.java: No such file or directory
sed: can't read D:Lab_SQADefects4J_ProjectsLang_45_b/src/java/org/apache/commons/lang/enum/ValuedEnum.java: No such file or directory
FAIL
Executed command: grep -lR '\.enum;' D:\Lab_SQA\Defects4J_Projects\Lang_45_b'/'src/java'/org/apache/commons/lang/enum/' | xargs sed -i'.bak' 's/\.enum;/\.oldenum;/'
Died at D:/Lab_SQA/defects4j/framework/core/Project/Lang.pm line 113.
Compilation failed in require at D:\Lab_SQA\defects4j\framework\bin\defects4j line 195."
Lang,46,CATG,default,1,0,False,error,0,0,False,0,0,0,0,0,0,0.0,"STATUS:ERROR:checkout Lang-46b failed at D:\Lab_SQA\Defects4J_Projects\Lang_46_b: exit=123
Checking out dd0deed0 to D:\Lab_SQA\Defects4J_Projects\Lang_46_b........... OK
Init local repository...................................................... OK
Tag post-fix revision...................................................... OK
Apply patch................................................................ OK
Apply patch................................................................ OK
Apply patch................................................................ OK
Apply patch................................................................ OK
Apply patch................................................................ OK
Rename enum package in src................................................. sed: can't read D:Lab_SQADefects4J_ProjectsLang_46_b/src/java/org/apache/commons/lang/enum/Enum.java: No such file or directory
sed: can't read D:Lab_SQADefects4J_ProjectsLang_46_b/src/java/org/apache/commons/lang/enum/EnumUtils.java: No such file or directory
sed: can't read D:Lab_SQADefects4J_ProjectsLang_46_b/src/java/org/apache/commons/lang/enum/ValuedEnum.java: No such file or directory
FAIL
Executed command: grep -lR '\.enum;' D:\Lab_SQA\Defects4J_Projects\Lang_46_b'/'src/java'/org/apache/commons/lang/enum/' | xargs sed -i'.bak' 's/\.enum;/\.oldenum;/'
Died at D:/Lab_SQA/defects4j/framework/core/Project/Lang.pm line 113.
Compilation failed in require at D:\Lab_SQA\defects4j\framework\bin\defects4j line 195."
Lang,47,CATG,default,1,0,False,error,0,0,False,0,0,0,0,0,0,0.0,"STATUS:ERROR:checkout Lang-47b failed at D:\Lab_SQA\Defects4J_Projects\Lang_47_b: exit=123
Checking out 1fe5439b to D:\Lab_SQA\Defects4J_Projects\Lang_47_b........... OK
Init local repository...................................................... OK
Tag post-fix revision...................................................... OK
Apply patch................................................................ OK
Apply patch................................................................ OK
Apply patch................................................................ OK
Apply patch................................................................ OK
Apply patch................................................................ OK
Rename enum package in src................................................. sed: can't read D:Lab_SQADefects4J_ProjectsLang_47_b/src/java/org/apache/commons/lang/enum/Enum.java: No such file or directory
sed: can't read D:Lab_SQADefects4J_ProjectsLang_47_b/src/java/org/apache/commons/lang/enum/EnumUtils.java: No such file or directory
sed: can't read D:Lab_SQADefects4J_ProjectsLang_47_b/src/java/org/apache/commons/lang/enum/ValuedEnum.java: No such file or directory
FAIL
Executed command: grep -lR '\.enum;' D:\Lab_SQA\Defects4J_Projects\Lang_47_b'/'src/java'/org/apache/commons/lang/enum/' | xargs sed -i'.bak' 's/\.enum;/\.oldenum;/'
Died at D:/Lab_SQA/defects4j/framework/core/Project/Lang.pm line 113.
Compilation failed in require at D:\Lab_SQA\defects4j\framework\bin\defects4j line 195."
Lang,49,CATG,default,1,0,False,error,0,0,False,0,0,0,0,0,0,0.0,"STATUS:ERROR:checkout Lang-49b failed at D:\Lab_SQA\Defects4J_Projects\Lang_49_b: exit=123
Checking out 673385b4 to D:\Lab_SQA\Defects4J_Projects\Lang_49_b........... OK
Init local repository...................................................... OK
Tag post-fix revision...................................................... OK
Apply patch................................................................ OK
Apply patch................................................................ OK
Apply patch................................................................ OK
Apply patch................................................................ OK
Rename enum package in src................................................. sed: can't read D:Lab_SQADefects4J_ProjectsLang_49_b/src/java/org/apache/commons/lang/enum/Enum.java: No such file or directory
sed: can't read D:Lab_SQADefects4J_ProjectsLang_49_b/src/java/org/apache/commons/lang/enum/EnumUtils.java: No such file or directory
sed: can't read D:Lab_SQADefects4J_ProjectsLang_49_b/src/java/org/apache/commons/lang/enum/ValuedEnum.java: No such file or directory
FAIL
Executed command: grep -lR '\.enum;' D:\Lab_SQA\Defects4J_Projects\Lang_49_b'/'src/java'/org/apache/commons/lang/enum/' | xargs sed -i'.bak' 's/\.enum;/\.oldenum;/'
Died at D:/Lab_SQA/defects4j/framework/core/Project/Lang.pm line 113.
Compilation failed in require at D:\Lab_SQA\defects4j\framework\bin\defects4j line 195."
Lang,50,CATG,default,1,0,False,error,0,0,False,0,0,0,0,0,0,0.0,"STATUS:ERROR:checkout Lang-50b failed at D:\Lab_SQA\Defects4J_Projects\Lang_50_b: exit=123
Checking out 127e6e33 to D:\Lab_SQA\Defects4J_Projects\Lang_50_b........... OK
Init local repository...................................................... OK
Tag post-fix revision...................................................... OK
Apply patch................................................................ OK
Apply patch................................................................ OK
Apply patch................................................................ OK
Apply patch................................................................ OK
Apply patch................................................................ OK
Rename enum package in src................................................. sed: can't read D:Lab_SQADefects4J_ProjectsLang_50_b/src/java/org/apache/commons/lang/enum/Enum.java: No such file or directory
sed: can't read D:Lab_SQADefects4J_ProjectsLang_50_b/src/java/org/apache/commons/lang/enum/EnumUtils.java: No such file or directory
sed: can't read D:Lab_SQADefects4J_ProjectsLang_50_b/src/java/org/apache/commons/lang/enum/ValuedEnum.java: No such file or directory
FAIL
Executed command: grep -lR '\.enum;' D:\Lab_SQA\Defects4J_Projects\Lang_50_b'/'src/java'/org/apache/commons/lang/enum/' | xargs sed -i'.bak' 's/\.enum;/\.oldenum;/'
Died at D:/Lab_SQA/defects4j/framework/core/Project/Lang.pm line 113.
Compilation failed in require at D:\Lab_SQA\defects4j\framework\bin\defects4j line 195."
Lang,51,CATG,default,1,0,False,error,0,0,False,0,0,0,0,0,0,0.0,"STATUS:ERROR:checkout Lang-51b failed at D:\Lab_SQA\Defects4J_Projects\Lang_51_b: exit=123
Checking out 796b8982 to D:\Lab_SQA\Defects4J_Projects\Lang_51_b........... OK
Init local repository...................................................... OK
Tag post-fix revision...................................................... OK
Apply patch................................................................ OK
Apply patch................................................................ OK
Apply patch................................................................ OK
Apply patch................................................................ OK
Rename enum package in src................................................. sed: can't read D:Lab_SQADefects4J_ProjectsLang_51_b/src/java/org/apache/commons/lang/enum/Enum.java: No such file or directory
sed: can't read D:Lab_SQADefects4J_ProjectsLang_51_b/src/java/org/apache/commons/lang/enum/EnumUtils.java: No such file or directory
sed: can't read D:Lab_SQADefects4J_ProjectsLang_51_b/src/java/org/apache/commons/lang/enum/ValuedEnum.java: No such file or directory
FAIL
Executed command: grep -lR '\.enum;' D:\Lab_SQA\Defects4J_Projects\Lang_51_b'/'src/java'/org/apache/commons/lang/enum/' | xargs sed -i'.bak' 's/\.enum;/\.oldenum;/'
Died at D:/Lab_SQA/defects4j/framework/core/Project/Lang.pm line 113.
Compilation failed in require at D:\Lab_SQA\defects4j\framework\bin\defects4j line 195."
Lang,52,CATG,default,1,0,False,error,0,0,False,0,0,0,0,0,0,0.0,"STATUS:ERROR:checkout Lang-52b failed at D:\Lab_SQA\Defects4J_Projects\Lang_52_b: exit=123
Checking out c22d9d59 to D:\Lab_SQA\Defects4J_Projects\Lang_52_b........... OK
Init local repository...................................................... OK
Tag post-fix revision...................................................... OK
Apply patch................................................................ OK
Apply patch................................................................ OK
Apply patch................................................................ OK
Apply patch................................................................ OK
Rename enum package in src................................................. sed: can't read D:Lab_SQADefects4J_ProjectsLang_52_b/src/java/org/apache/commons/lang/enum/Enum.java: No such file or directory
sed: can't read D:Lab_SQADefects4J_ProjectsLang_52_b/src/java/org/apache/commons/lang/enum/EnumUtils.java: No such file or directory
sed: can't read D:Lab_SQADefects4J_ProjectsLang_52_b/src/java/org/apache/commons/lang/enum/ValuedEnum.java: No such file or directory
FAIL
Executed command: grep -lR '\.enum;' D:\Lab_SQA\Defects4J_Projects\Lang_52_b'/'src/java'/org/apache/commons/lang/enum/' | xargs sed -i'.bak' 's/\.enum;/\.oldenum;/'
Died at D:/Lab_SQA/defects4j/framework/core/Project/Lang.pm line 113.
Compilation failed in require at D:\Lab_SQA\defects4j\framework\bin\defects4j line 195."
Lang,53,CATG,default,1,0,False,error,0,0,False,0,0,0,0,0,0,0.0,"STATUS:ERROR:checkout Lang-53b failed at D:\Lab_SQA\Defects4J_Projects\Lang_53_b: exit=123
Checking out 050fe8e9 to D:\Lab_SQA\Defects4J_Projects\Lang_53_b........... OK
Init local repository...................................................... OK
Tag post-fix revision...................................................... OK
Apply patch................................................................ OK
Apply patch................................................................ OK
Apply patch................................................................ OK
Apply patch................................................................ OK
Rename enum package in src................................................. sed: can't read D:Lab_SQADefects4J_ProjectsLang_53_b/src/java/org/apache/commons/lang/enum/Enum.java: No such file or directory
sed: can't read D:Lab_SQADefects4J_ProjectsLang_53_b/src/java/org/apache/commons/lang/enum/EnumUtils.java: No such file or directory
sed: can't read D:Lab_SQADefects4J_ProjectsLang_53_b/src/java/org/apache/commons/lang/enum/ValuedEnum.java: No such file or directory
FAIL
Executed command: grep -lR '\.enum;' D:\Lab_SQA\Defects4J_Projects\Lang_53_b'/'src/java'/org/apache/commons/lang/enum/' | xargs sed -i'.bak' 's/\.enum;/\.oldenum;/'
Died at D:/Lab_SQA/defects4j/framework/core/Project/Lang.pm line 113.
Compilation failed in require at D:\Lab_SQA\defects4j\framework\bin\defects4j line 195."
Lang,54,CATG,default,1,0,False,error,0,0,False,0,0,0,0,0,0,0.0,"STATUS:ERROR:checkout Lang-54b failed at D:\Lab_SQA\Defects4J_Projects\Lang_54_b: exit=123
Checking out 75d931a3 to D:\Lab_SQA\Defects4J_Projects\Lang_54_b........... OK
Init local repository...................................................... OK
Tag post-fix revision...................................................... OK
Apply patch................................................................ OK
Apply patch................................................................ OK
Apply patch................................................................ OK
Apply patch................................................................ OK
Rename enum package in src................................................. sed: can't read D:Lab_SQADefects4J_ProjectsLang_54_b/src/java/org/apache/commons/lang/enum/Enum.java: No such file or directory
sed: can't read D:Lab_SQADefects4J_ProjectsLang_54_b/src/java/org/apache/commons/lang/enum/EnumUtils.java: No such file or directory
sed: can't read D:Lab_SQADefects4J_ProjectsLang_54_b/src/java/org/apache/commons/lang/enum/ValuedEnum.java: No such file or directory
FAIL
Executed command: grep -lR '\.enum;' D:\Lab_SQA\Defects4J_Projects\Lang_54_b'/'src/java'/org/apache/commons/lang/enum/' | xargs sed -i'.bak' 's/\.enum;/\.oldenum;/'
Died at D:/Lab_SQA/defects4j/framework/core/Project/Lang.pm line 113.
Compilation failed in require at D:\Lab_SQA\defects4j\framework\bin\defects4j line 195."
Lang,55,CATG,default,1,0,False,error,0,0,False,0,0,0,0,0,0,0.0,"STATUS:ERROR:checkout Lang-55b failed at D:\Lab_SQA\Defects4J_Projects\Lang_55_b: exit=123
Checking out b16235ad to D:\Lab_SQA\Defects4J_Projects\Lang_55_b........... OK
Init local repository...................................................... OK
Tag post-fix revision...................................................... OK
Apply patch................................................................ OK
Apply patch................................................................ OK
Apply patch................................................................ OK
Apply patch................................................................ OK
Apply patch................................................................ OK
Rename enum package in src................................................. sed: can't read D:Lab_SQADefects4J_ProjectsLang_55_b/src/java/org/apache/commons/lang/enum/Enum.java: No such file or directory
sed: can't read D:Lab_SQADefects4J_ProjectsLang_55_b/src/java/org/apache/commons/lang/enum/EnumUtils.java: No such file or directory
sed: can't read D:Lab_SQADefects4J_ProjectsLang_55_b/src/java/org/apache/commons/lang/enum/ValuedEnum.java: No such file or directory
FAIL
Executed command: grep -lR '\.enum;' D:\Lab_SQA\Defects4J_Projects\Lang_55_b'/'src/java'/org/apache/commons/lang/enum/' | xargs sed -i'.bak' 's/\.enum;/\.oldenum;/'
Died at D:/Lab_SQA/defects4j/framework/core/Project/Lang.pm line 113.
Compilation failed in require at D:\Lab_SQA\defects4j\framework\bin\defects4j line 195."
Lang,56,CATG,default,1,0,False,error,0,0,False,0,0,0,0,0,0,0.0,"STATUS:ERROR:checkout Lang-56b failed at D:\Lab_SQA\Defects4J_Projects\Lang_56_b: exit=123
Checking out e9e167f9 to D:\Lab_SQA\Defects4J_Projects\Lang_56_b........... OK
Init local repository...................................................... OK
Tag post-fix revision...................................................... OK
Apply patch................................................................ OK
Apply patch................................................................ OK
Apply patch................................................................ OK
Apply patch................................................................ OK
Apply patch................................................................ OK
Rename enum package in src................................................. sed: can't read D:Lab_SQADefects4J_ProjectsLang_56_b/src/java/org/apache/commons/lang/enum/Enum.java: No such file or directory
sed: can't read D:Lab_SQADefects4J_ProjectsLang_56_b/src/java/org/apache/commons/lang/enum/EnumUtils.java: No such file or directory
sed: can't read D:Lab_SQADefects4J_ProjectsLang_56_b/src/java/org/apache/commons/lang/enum/ValuedEnum.java: No such file or directory
FAIL
Executed command: grep -lR '\.enum;' D:\Lab_SQA\Defects4J_Projects\Lang_56_b'/'src/java'/org/apache/commons/lang/enum/' | xargs sed -i'.bak' 's/\.enum;/\.oldenum;/'
Died at D:/Lab_SQA/defects4j/framework/core/Project/Lang.pm line 113.
Compilation failed in require at D:\Lab_SQA\defects4j\framework\bin\defects4j line 195."
Lang,57,CATG,default,1,0,False,error,0,0,False,0,0,0,0,0,0,0.0,"STATUS:ERROR:checkout Lang-57b failed at D:\Lab_SQA\Defects4J_Projects\Lang_57_b: exit=123
Checking out cf20d13c to D:\Lab_SQA\Defects4J_Projects\Lang_57_b........... OK
Init local repository...................................................... OK
Tag post-fix revision...................................................... OK
Apply patch................................................................ OK
Apply patch................................................................ OK
Apply patch................................................................ OK
Apply patch................................................................ OK
Apply patch................................................................ OK
Rename enum package in src................................................. sed: can't read D:Lab_SQADefects4J_ProjectsLang_57_b/src/java/org/apache/commons/lang/enum/Enum.java: No such file or directory
sed: can't read D:Lab_SQADefects4J_ProjectsLang_57_b/src/java/org/apache/commons/lang/enum/EnumUtils.java: No such file or directory
sed: can't read D:Lab_SQADefects4J_ProjectsLang_57_b/src/java/org/apache/commons/lang/enum/ValuedEnum.java: No such file or directory
FAIL
Executed command: grep -lR '\.enum;' D:\Lab_SQA\Defects4J_Projects\Lang_57_b'/'src/java'/org/apache/commons/lang/enum/' | xargs sed -i'.bak' 's/\.enum;/\.oldenum;/'
Died at D:/Lab_SQA/defects4j/framework/core/Project/Lang.pm line 113.
Compilation failed in require at D:\Lab_SQA\defects4j\framework\bin\defects4j line 195."
Lang,58,CATG,default,1,0,False,error,0,0,False,0,0,0,0,0,0,0.0,"STATUS:ERROR:checkout Lang-58b failed at D:\Lab_SQA\Defects4J_Projects\Lang_58_b: exit=123
Checking out 15360774 to D:\Lab_SQA\Defects4J_Projects\Lang_58_b........... OK
Init local repository...................................................... OK
Tag post-fix revision...................................................... OK
Apply patch................................................................ OK
Apply patch................................................................ OK
Apply patch................................................................ OK
Apply patch................................................................ OK
Apply patch................................................................ OK
Rename enum package in src................................................. sed: can't read D:Lab_SQADefects4J_ProjectsLang_58_b/src/java/org/apache/commons/lang/enum/Enum.java: No such file or directory
sed: can't read D:Lab_SQADefects4J_ProjectsLang_58_b/src/java/org/apache/commons/lang/enum/EnumUtils.java: No such file or directory
sed: can't read D:Lab_SQADefects4J_ProjectsLang_58_b/src/java/org/apache/commons/lang/enum/ValuedEnum.java: No such file or directory
FAIL
Executed command: grep -lR '\.enum;' D:\Lab_SQA\Defects4J_Projects\Lang_58_b'/'src/java'/org/apache/commons/lang/enum/' | xargs sed -i'.bak' 's/\.enum;/\.oldenum;/'
Died at D:/Lab_SQA/defects4j/framework/core/Project/Lang.pm line 113.
Compilation failed in require at D:\Lab_SQA\defects4j\framework\bin\defects4j line 195."
Lang,59,CATG,default,1,0,False,error,0,0,False,0,0,0,0,0,0,0.0,"STATUS:ERROR:checkout Lang-59b failed at D:\Lab_SQA\Defects4J_Projects\Lang_59_b: exit=123
Checking out 9b0b19a9 to D:\Lab_SQA\Defects4J_Projects\Lang_59_b........... OK
Init local repository...................................................... OK
Tag post-fix revision...................................................... OK
Apply patch................................................................ OK
Apply patch................................................................ OK
Apply patch................................................................ OK
Apply patch................................................................ OK
Apply patch................................................................ OK
Rename enum package in src................................................. sed: can't read D:Lab_SQADefects4J_ProjectsLang_59_b/src/java/org/apache/commons/lang/enum/Enum.java: No such file or directory
sed: can't read D:Lab_SQADefects4J_ProjectsLang_59_b/src/java/org/apache/commons/lang/enum/EnumUtils.java: No such file or directory
sed: can't read D:Lab_SQADefects4J_ProjectsLang_59_b/src/java/org/apache/commons/lang/enum/ValuedEnum.java: No such file or directory
FAIL
Executed command: grep -lR '\.enum;' D:\Lab_SQA\Defects4J_Projects\Lang_59_b'/'src/java'/org/apache/commons/lang/enum/' | xargs sed -i'.bak' 's/\.enum;/\.oldenum;/'
Died at D:/Lab_SQA/defects4j/framework/core/Project/Lang.pm line 113.
Compilation failed in require at D:\Lab_SQA\defects4j\framework\bin\defects4j line 195."
Lang,60,CATG,default,1,0,False,error,0,0,False,0,0,0,0,0,0,0.0,"STATUS:ERROR:checkout Lang-60b failed at D:\Lab_SQA\Defects4J_Projects\Lang_60_b: exit=123
Checking out 1a158281 to D:\Lab_SQA\Defects4J_Projects\Lang_60_b........... OK
Init local repository...................................................... OK
Tag post-fix revision...................................................... OK
Apply patch................................................................ OK
Apply patch................................................................ OK
Apply patch................................................................ OK
Apply patch................................................................ OK
Apply patch................................................................ OK
Rename enum package in src................................................. sed: can't read D:Lab_SQADefects4J_ProjectsLang_60_b/src/java/org/apache/commons/lang/enum/Enum.java: No such file or directory
sed: can't read D:Lab_SQADefects4J_ProjectsLang_60_b/src/java/org/apache/commons/lang/enum/EnumUtils.java: No such file or directory
sed: can't read D:Lab_SQADefects4J_ProjectsLang_60_b/src/java/org/apache/commons/lang/enum/ValuedEnum.java: No such file or directory
FAIL
Executed command: grep -lR '\.enum;' D:\Lab_SQA\Defects4J_Projects\Lang_60_b'/'src/java'/org/apache/commons/lang/enum/' | xargs sed -i'.bak' 's/\.enum;/\.oldenum;/'
Died at D:/Lab_SQA/defects4j/framework/core/Project/Lang.pm line 113.
Compilation failed in require at D:\Lab_SQA\defects4j\framework\bin\defects4j line 195."
Lang,61,CATG,default,1,0,False,error,0,0,False,0,0,0,0,0,0,0.0,"STATUS:ERROR:checkout Lang-61b failed at D:\Lab_SQA\Defects4J_Projects\Lang_61_b: exit=123
Checking out 8e52e216 to D:\Lab_SQA\Defects4J_Projects\Lang_61_b........... OK
Init local repository...................................................... OK
Tag post-fix revision...................................................... OK
Apply patch................................................................ OK
Apply patch................................................................ OK
Apply patch................................................................ OK
Apply patch................................................................ OK
Apply patch................................................................ OK
Rename enum package in src................................................. sed: can't read D:Lab_SQADefects4J_ProjectsLang_61_b/src/java/org/apache/commons/lang/enum/Enum.java: No such file or directory
sed: can't read D:Lab_SQADefects4J_ProjectsLang_61_b/src/java/org/apache/commons/lang/enum/EnumUtils.java: No such file or directory
sed: can't read D:Lab_SQADefects4J_ProjectsLang_61_b/src/java/org/apache/commons/lang/enum/ValuedEnum.java: No such file or directory
FAIL
Executed command: grep -lR '\.enum;' D:\Lab_SQA\Defects4J_Projects\Lang_61_b'/'src/java'/org/apache/commons/lang/enum/' | xargs sed -i'.bak' 's/\.enum;/\.oldenum;/'
Died at D:/Lab_SQA/defects4j/framework/core/Project/Lang.pm line 113.
Compilation failed in require at D:\Lab_SQA\defects4j\framework\bin\defects4j line 195."
Lang,62,CATG,default,1,0,False,error,0,0,False,0,0,0,0,0,0,0.0,"STATUS:ERROR:checkout Lang-62b failed at D:\Lab_SQA\Defects4J_Projects\Lang_62_b: exit=123
Checking out d8b6f5b5 to D:\Lab_SQA\Defects4J_Projects\Lang_62_b........... OK
Init local repository...................................................... OK
Tag post-fix revision...................................................... OK
Apply patch................................................................ OK
Apply patch................................................................ OK
Apply patch................................................................ OK
Apply patch................................................................ OK
Rename enum package in src................................................. sed: can't read D:Lab_SQADefects4J_ProjectsLang_62_b/src/java/org/apache/commons/lang/enum/Enum.java: No such file or directory
sed: can't read D:Lab_SQADefects4J_ProjectsLang_62_b/src/java/org/apache/commons/lang/enum/EnumUtils.java: No such file or directory
sed: can't read D:Lab_SQADefects4J_ProjectsLang_62_b/src/java/org/apache/commons/lang/enum/ValuedEnum.java: No such file or directory
FAIL
Executed command: grep -lR '\.enum;' D:\Lab_SQA\Defects4J_Projects\Lang_62_b'/'src/java'/org/apache/commons/lang/enum/' | xargs sed -i'.bak' 's/\.enum;/\.oldenum;/'
Died at D:/Lab_SQA/defects4j/framework/core/Project/Lang.pm line 113.
Compilation failed in require at D:\Lab_SQA\defects4j\framework\bin\defects4j line 195."
Lang,63,CATG,default,1,0,False,error,0,0,False,0,0,0,0,0,0,0.0,"STATUS:ERROR:checkout Lang-63b failed at D:\Lab_SQA\Defects4J_Projects\Lang_63_b: exit=123
Checking out 1d5c03fa to D:\Lab_SQA\Defects4J_Projects\Lang_63_b........... OK
Init local repository...................................................... OK
Tag post-fix revision...................................................... OK
Apply patch................................................................ OK
Apply patch................................................................ OK
Apply patch................................................................ OK
Apply patch................................................................ OK
Rename enum package in src................................................. sed: can't read D:Lab_SQADefects4J_ProjectsLang_63_b/src/java/org/apache/commons/lang/enum/Enum.java: No such file or directory
sed: can't read D:Lab_SQADefects4J_ProjectsLang_63_b/src/java/org/apache/commons/lang/enum/EnumUtils.java: No such file or directory
sed: can't read D:Lab_SQADefects4J_ProjectsLang_63_b/src/java/org/apache/commons/lang/enum/ValuedEnum.java: No such file or directory
FAIL
Executed command: grep -lR '\.enum;' D:\Lab_SQA\Defects4J_Projects\Lang_63_b'/'src/java'/org/apache/commons/lang/enum/' | xargs sed -i'.bak' 's/\.enum;/\.oldenum;/'
Died at D:/Lab_SQA/defects4j/framework/core/Project/Lang.pm line 113.
Compilation failed in require at D:\Lab_SQA\defects4j\framework\bin\defects4j line 195."
Lang,64,CATG,default,1,0,False,error,0,0,False,0,0,0,0,0,0,0.0,"STATUS:ERROR:checkout Lang-64b failed at D:\Lab_SQA\Defects4J_Projects\Lang_64_b: exit=123
Checking out 07b7795b to D:\Lab_SQA\Defects4J_Projects\Lang_64_b........... OK
Init local repository...................................................... OK
Tag post-fix revision...................................................... OK
Apply patch................................................................ OK
Apply patch................................................................ OK
Apply patch................................................................ OK
Apply patch................................................................ OK
Rename enum package in src................................................. sed: can't read D:Lab_SQADefects4J_ProjectsLang_64_b/src/java/org/apache/commons/lang/enum/Enum.java: No such file or directory
sed: can't read D:Lab_SQADefects4J_ProjectsLang_64_b/src/java/org/apache/commons/lang/enum/EnumUtils.java: No such file or directory
sed: can't read D:Lab_SQADefects4J_ProjectsLang_64_b/src/java/org/apache/commons/lang/enum/ValuedEnum.java: No such file or directory
FAIL
Executed command: grep -lR '\.enum;' D:\Lab_SQA\Defects4J_Projects\Lang_64_b'/'src/java'/org/apache/commons/lang/enum/' | xargs sed -i'.bak' 's/\.enum;/\.oldenum;/'
Died at D:/Lab_SQA/defects4j/framework/core/Project/Lang.pm line 113.
Compilation failed in require at D:\Lab_SQA\defects4j\framework\bin\defects4j line 195."
Lang,65,CATG,default,1,0,False,error,0,0,False,0,0,0,0,0,0,0.0,"STATUS:ERROR:checkout Lang-65b failed at D:\Lab_SQA\Defects4J_Projects\Lang_65_b: exit=123
Checking out 9cbf70d8 to D:\Lab_SQA\Defects4J_Projects\Lang_65_b........... OK
Init local repository...................................................... OK
Tag post-fix revision...................................................... OK
Apply patch................................................................ OK
Apply patch................................................................ OK
Apply patch................................................................ OK
Apply patch................................................................ OK
Apply patch................................................................ OK
Rename enum package in src................................................. sed: can't read D:Lab_SQADefects4J_ProjectsLang_65_b/src/java/org/apache/commons/lang/enum/Enum.java: No such file or directory
sed: can't read D:Lab_SQADefects4J_ProjectsLang_65_b/src/java/org/apache/commons/lang/enum/EnumUtils.java: No such file or directory
sed: can't read D:Lab_SQADefects4J_ProjectsLang_65_b/src/java/org/apache/commons/lang/enum/ValuedEnum.java: No such file or directory
FAIL
Executed command: grep -lR '\.enum;' D:\Lab_SQA\Defects4J_Projects\Lang_65_b'/'src/java'/org/apache/commons/lang/enum/' | xargs sed -i'.bak' 's/\.enum;/\.oldenum;/'
Died at D:/Lab_SQA/defects4j/framework/core/Project/Lang.pm line 113.
Compilation failed in require at D:\Lab_SQA\defects4j\framework\bin\defects4j line 195."
Math,1,CATG,default,1,0,False,error,0,0,False,0,0,0,0,0,0,0.0,"STATUS:ERROR:checkout Math-1b failed at D:\Lab_SQA\Defects4J_Projects\Math_1_b: exit=1
Checking out 86545dab to D:\Lab_SQA\Defects4J_Projects\Math_1_b............ OK
Init local repository...................................................... OK
Tag post-fix revision...................................................... OK
Run post-checkout hook..................................................... OK
Excluding broken/flaky tests............................................... OK
Excluding broken/flaky tests............................................... OK
Excluding broken/flaky tests............................................... OK
Initialize fixed program version........................................... FAIL
Executed command: cd D:\Lab_SQA\Defects4J_Projects\Math_1_b && git add -A 2>&1 && git commit -a -m ""D4J_Math_1_FIXED_VERSION"" 2>&1 && git tag --no-sign D4J_Math_1_FIXED_VERSION 2>&1
HEAD detached from 86545dab3
nothing to commit, working tree clean
Couldn't tag fixed program version! at D:/Lab_SQA/defects4j/framework/core/Project.pm line 478.
	Project::checkout_vid(Project::Math=HASH(0x17a9d04f0a0), ""1b"") called at D:/Lab_SQA/defects4j/framework/bin/d4j/d4j-checkout line 96
	require D:/Lab_SQA/defects4j/framework/bin/d4j/d4j-checkout called at D:\Lab_SQA\defects4j\framework\bin\defects4j line 195
Compilation failed in require at D:\Lab_SQA\defects4j\framework\bin\defects4j line 195."
Math,2,CATG,default,1,0,False,error,0,0,False,0,0,0,0,0,0,0.0,"STATUS:ERROR:checkout Math-2b failed at D:\Lab_SQA\Defects4J_Projects\Math_2_b: exit=1
Checking out f1467e45 to D:\Lab_SQA\Defects4J_Projects\Math_2_b............ OK
Init local repository...................................................... OK
Tag post-fix revision...................................................... OK
Run post-checkout hook..................................................... OK
Excluding broken/flaky tests............................................... OK
Excluding broken/flaky tests............................................... OK
Excluding broken/flaky tests............................................... OK
Initialize fixed program version........................................... FAIL
Executed command: cd D:\Lab_SQA\Defects4J_Projects\Math_2_b && git add -A 2>&1 && git commit -a -m ""D4J_Math_2_FIXED_VERSION"" 2>&1 && git tag --no-sign D4J_Math_2_FIXED_VERSION 2>&1
HEAD detached from f1467e45a
nothing to commit, working tree clean
Couldn't tag fixed program version! at D:/Lab_SQA/defects4j/framework/core/Project.pm line 478.
	Project::checkout_vid(Project::Math=HASH(0x23605401230), ""2b"") called at D:/Lab_SQA/defects4j/framework/bin/d4j/d4j-checkout line 96
	require D:/Lab_SQA/defects4j/framework/bin/d4j/d4j-checkout called at D:\Lab_SQA\defects4j\framework\bin\defects4j line 195
Compilation failed in require at D:\Lab_SQA\defects4j\framework\bin\defects4j line 195."
Math,3,CATG,default,1,0,False,unsupported,0,0,False,0,0,0,0,0,0,0.0,STATUS:harness_limitation:unsupported_type:final double[] a:linearCombination
Math,4,CATG,default,1,0,False,error,0,0,False,0,0,0,0,0,0,0.0,"STATUS:ERROR:checkout Math-4b failed at D:\Lab_SQA\Defects4J_Projects\Math_4_b: exit=128
Checking out d270055e to D:\Lab_SQA\Defects4J_Projects\Math_4_b............ FAIL
Executed command: git clone D:/Lab_SQA/defects4j/project_repos/commons-math.git D:\Lab_SQA\Defects4J_Projects\Math_4_b 2>&1 && cd D:\Lab_SQA\Defects4J_Projects\Math_4_b && git checkout d270055e874148a2742604be36ab977eec030fba 2>&1
Cloning into 'D:\Lab_SQA\Defects4J_Projects\Math_4_b'...
done.
Updating files:  47% (634/1346)
Updating files:  48% (647/1346)
Updating files:  49% (660/1346)
Updating files:  50% (673/1346)
Updating files:  51% (687/1346)
Updating files:  52% (700/1346)
Updating files:  53% (714/1346)
Updating files:  54% (727/1346)
Updating files:  55% (741/1346)
Updating files:  56% (754/1346)
Updating files:  57% (768/1346)
Updating files:  58% (781/1346)
Updating files:  59% (795/1346)
Updating files:  60% (808/1346)
Updating files:  61% (822/1346)
Updating files:  62% (835/1346)
Updating files:  63% (848/1346)
Updating files:  64% (862/1346)
Updating files:  65% (875/1346)
Updating files:  66% (889/1346)
Updating files:  67% (902/1346)
Updating files:  68% (916/1346)
Updating files:  69% (929/1346)
Updating files:  70% (943/1346)
Updating files:  71% (956/1346)
Updating files:  72% (970/1346)
Updating files:  73% (983/1346)
Updating files:  74% (997/1346)
Updating files:  75% (1010/1346)
Updating files:  76% (1023/1346)
Updating files:  77% (1037/1346)
Updating files:  78% (1050/1346)
Updating files:  79% (1064/1346)
Updating files:  80% (1077/1346)
Updating files:  81% (1091/1346)
Updating files:  82% (1104/1346)
Updating files:  83% (1118/1346)
Updating files:  84% (1131/1346)
Updating files:  85% (1145/1346)
Updating files:  86% (1158/1346)
Updating files:  87% (1172/1346)
Updating files:  87% (1178/1346)
Updating files:  88% (1185/1346)
Updating files:  89% (1198/1346)
Updating files:  90% (1212/1346)
Updating files:  91% (1225/1346)
Updating files:  92% (1239/1346)
Updating files:  93% (1252/1346)
Updating files:  94% (1266/1346)
Updating files:  95% (1279/1346)
Updating files:  96% (1293/1346)
Updating files:  97% (1306/1346)
Updating files:  98% (1320/1346)
Updating files:  99% (1333/1346)
Updating files: 100% (1346/1346)
Updating files: 100% (1346/1346), done.
fatal: unable to read tree (d270055e874148a2742604be36ab977eec030fba)
Cannot checkout program version! at D:/Lab_SQA/defects4j/framework/bin/d4j/d4j-checkout line 96.
Compilation failed in require at D:\Lab_SQA\defects4j\framework\bin\defects4j line 195."
Math,5,CATG,default,1,1,True,completed,1,0,True,226,16,7.08,170,11,6.47,7.32,modified=org.apache.commons.math3.complex.Complex;target=org.apache.commons.math3.complex.Complex::reciprocal;params=;catg_cases=1
Math,6,CATG,default,1,1,True,completed,0,0,False,1201,5,0.42,587,0,0.0,7.72,modified=org.apache.commons.math3.optim.BaseOptimizer;org.apache.commons.math3.optim.nonlinear.scalar.gradient.NonLinearConjugateGradientOptimizer;org.apache.commons.math3.optim.nonlinear.scalar.noderiv.CMAESOptimizer;org.apache.commons.math3.optim.nonlinear.scalar.noderiv.PowellOptimizer;org.apache.commons.math3.optim.nonlinear.scalar.noderiv.SimplexOptimizer;org.apache.commons.math3.optim.nonlinear.vector.jacobian.GaussNewtonOptimizer;org.apache.commons.math3.optim.nonlinear.vector.jacobian.LevenbergMarquardtOptimizer;target=org.apache.commons.math3.optim.nonlinear.scalar.gradient.NonLinearConjugateGradientOptimizer::doOptimize;params=;catg_cases=1
Math,7,CATG,default,1,0,False,unsupported,0,0,False,0,0,0,0,0,0,0.0,STATUS:harness_limitation:unsupported_type:final AbstractStepInterpolator interpolator:acceptStep
Math,8,CATG,default,1,0,False,unsupported,0,0,False,0,0,0,0,0,0,4.72,STATUS:catg_runtime_interpreter:ClassCastException
Math,9,CATG,default,1,1,True,completed,0,0,False,46,1,2.17,16,0,0.0,9.94,modified=org.apache.commons.math3.geometry.euclidean.threed.Line;target=org.apache.commons.math3.geometry.euclidean.threed.Line::revert;params=;catg_cases=1
Math,10,CATG,default,1,0,False,unsupported,0,0,False,0,0,0,0,0,0,0.0,STATUS:harness_limitation:unsupported_type:final double[] y:atan2
Math,11,CATG,default,1,0,False,unsupported,0,0,False,0,0,0,0,0,0,0.0,STATUS:harness_limitation:unsupported_type:final double[] vals:density
Math,12,CATG,default,1,0,False,unsupported,0,0,False,0,0,0,0,0,0,0.0,STATUS:target_discovery:no_source_method
Math,13,CATG,default,1,0,False,error,0,0,False,0,0,0,0,0,0,0.0,"STATUS:ERROR:checkout Math-13b failed at D:\Lab_SQA\Defects4J_Projects\Math_13_b: exit=1
Checking out 2836a6f9 to D:\Lab_SQA\Defects4J_Projects\Math_13_b........... OK
Init local repository...................................................... OK
Tag post-fix revision...................................................... OK
Run post-checkout hook..................................................... OK
Excluding broken/flaky tests............................................... OK
Excluding broken/flaky tests............................................... OK
Excluding broken/flaky tests............................................... OK
Initialize fixed program version........................................... FAIL
Executed command: cd D:\Lab_SQA\Defects4J_Projects\Math_13_b && git add -A 2>&1 && git commit -a -m ""D4J_Math_13_FIXED_VERSION"" 2>&1 && git tag --no-sign D4J_Math_13_FIXED_VERSION 2>&1
HEAD detached from 2836a6f9e
nothing to commit, working tree clean
Couldn't tag fixed program version! at D:/Lab_SQA/defects4j/framework/core/Project.pm line 478.
	Project::checkout_vid(Project::Math=HASH(0x2ac5ad84758), ""13b"") called at D:/Lab_SQA/defects4j/framework/bin/d4j/d4j-checkout line 96
	require D:/Lab_SQA/defects4j/framework/bin/d4j/d4j-checkout called at D:\Lab_SQA\defects4j\framework\bin\defects4j line 195
Compilation failed in require at D:\Lab_SQA\defects4j\framework\bin\defects4j line 195."
Math,14,CATG,default,1,0,False,error,0,0,False,0,0,0,0,0,0,0.0,"STATUS:ERROR:checkout Math-14b failed at D:\Lab_SQA\Defects4J_Projects\Math_14_b: exit=1
Checking out b07ecae3 to D:\Lab_SQA\Defects4J_Projects\Math_14_b........... OK
Init local repository...................................................... OK
Tag post-fix revision...................................................... OK
Run post-checkout hook..................................................... OK
Excluding broken/flaky tests............................................... OK
Excluding broken/flaky tests............................................... OK
Excluding broken/flaky tests............................................... OK
Initialize fixed program version........................................... FAIL
Executed command: cd D:\Lab_SQA\Defects4J_Projects\Math_14_b && git add -A 2>&1 && git commit -a -m ""D4J_Math_14_FIXED_VERSION"" 2>&1 && git tag --no-sign D4J_Math_14_FIXED_VERSION 2>&1
HEAD detached from b07ecae3d
nothing to commit, working tree clean
Couldn't tag fixed program version! at D:/Lab_SQA/defects4j/framework/core/Project.pm line 478.
	Project::checkout_vid(Project::Math=HASH(0x2191ea55748), ""14b"") called at D:/Lab_SQA/defects4j/framework/bin/d4j/d4j-checkout line 96
	require D:/Lab_SQA/defects4j/framework/bin/d4j/d4j-checkout called at D:\Lab_SQA\defects4j\framework\bin\defects4j line 195
Compilation failed in require at D:\Lab_SQA\defects4j\framework\bin\defects4j line 195."
Math,15,CATG,default,1,0,False,error,0,0,False,0,0,0,0,0,0,0.0,"STATUS:ERROR:checkout Math-15b failed at D:\Lab_SQA\Defects4J_Projects\Math_15_b: exit=1
Checking out 6844aba9 to D:\Lab_SQA\Defects4J_Projects\Math_15_b........... OK
Init local repository...................................................... OK
Tag post-fix revision...................................................... OK
Run post-checkout hook..................................................... OK
Excluding broken/flaky tests............................................... OK
Excluding broken/flaky tests............................................... OK
Excluding broken/flaky tests............................................... OK
Initialize fixed program version........................................... FAIL
Executed command: cd D:\Lab_SQA\Defects4J_Projects\Math_15_b && git add -A 2>&1 && git commit -a -m ""D4J_Math_15_FIXED_VERSION"" 2>&1 && git tag --no-sign D4J_Math_15_FIXED_VERSION 2>&1
HEAD detached from 6844aba98
nothing to commit, working tree clean
Couldn't tag fixed program version! at D:/Lab_SQA/defects4j/framework/core/Project.pm line 478.
	Project::checkout_vid(Project::Math=HASH(0x200682e3998), ""15b"") called at D:/Lab_SQA/defects4j/framework/bin/d4j/d4j-checkout line 96
	require D:/Lab_SQA/defects4j/framework/bin/d4j/d4j-checkout called at D:\Lab_SQA\defects4j\framework\bin\defects4j line 195
Compilation failed in require at D:\Lab_SQA\defects4j\framework\bin\defects4j line 195."
Math,16,CATG,default,1,0,False,error,0,0,False,0,0,0,0,0,0,0.0,"STATUS:ERROR:checkout Math-16b failed at D:\Lab_SQA\Defects4J_Projects\Math_16_b: exit=1
Checking out 46ed0af1 to D:\Lab_SQA\Defects4J_Projects\Math_16_b........... OK
Init local repository...................................................... OK
Tag post-fix revision...................................................... OK
Run post-checkout hook..................................................... OK
Excluding broken/flaky tests............................................... OK
Excluding broken/flaky tests............................................... OK
Excluding broken/flaky tests............................................... OK
Initialize fixed program version........................................... FAIL
Executed command: cd D:\Lab_SQA\Defects4J_Projects\Math_16_b && git add -A 2>&1 && git commit -a -m ""D4J_Math_16_FIXED_VERSION"" 2>&1 && git tag --no-sign D4J_Math_16_FIXED_VERSION 2>&1
HEAD detached from 46ed0af1c
nothing to commit, working tree clean
Couldn't tag fixed program version! at D:/Lab_SQA/defects4j/framework/core/Project.pm line 478.
	Project::checkout_vid(Project::Math=HASH(0x212ed3f7070), ""16b"") called at D:/Lab_SQA/defects4j/framework/bin/d4j/d4j-checkout line 96
	require D:/Lab_SQA/defects4j/framework/bin/d4j/d4j-checkout called at D:\Lab_SQA\defects4j\framework\bin\defects4j line 195
Compilation failed in require at D:\Lab_SQA\defects4j\framework\bin\defects4j line 195."
Math,17,CATG,default,1,0,False,error,0,0,False,0,0,0,0,0,0,0.0,"STATUS:ERROR:compile D:\Lab_SQA\Defects4J_Projects\Math_17_b failed:

Running ant (compile)...................................................... FAIL
Executed command:  cd D:\Lab_SQA\Defects4J_Projects\Math_17_b && D:/Lab_SQA/defects4j/major/bin/ant.cmd -f D:/Lab_SQA/defects4j/framework/projects/defects4j.build.xml -Dd4j.home=D:/Lab_SQA/defects4j -Dd4j.dir.projects=D:/Lab_SQA/defects4j/framework/projects -Dbasedir=D:\Lab_SQA\Defects4J_Projects\Math_17_b  compile 2>&1
Picked up JAVA_TOOL_OPTIONS: -Dfile.encoding=UTF-8
Buildfile: D:\Lab_SQA\defects4j\framework\projects\defects4j.build.xml

init:
     [echo] -------- Commons MATH 3.0-SNAPSHOT --------
    [mkdir] Created dir: D:\Lab_SQA\Defects4J_Projects\Math_17_b\target
    [mkdir] Created dir: D:\Lab_SQA\Defects4J_Projects\Math_17_b\target\classes
    [mkdir] Created dir: D:\Lab_SQA\Defects4J_Projects\Math_17_b\target\test-classes
     [copy] Copying 1 file to D:\Lab_SQA\Defects4J_Projects\Math_17_b\target\classes

compile:
    [javac] Compiling 668 source files to D:\Lab_SQA\Defects4J_Projects\Math_17_b\target\classes
    [javac] warning: [options] bootstrap class path not set in conjunction with -source 1.6
    [javac] D:\Lab_SQA\Defects4J_Projects\Math_17_b\src\main\java\org\apache\commons\math3\stat\correlation\StorelessBivariateCovariance.java:26: error: unmappable character for encoding UTF8
    [javac]  * <p>This class is based on a paper written by Philippe P�bay:
    [javac]                                                           ^
    [javac] D:\Lab_SQA\Defects4J_Projects\Math_17_b\src\main\java\org\apache\commons\math3\stat\correlation\StorelessCovariance.java:31: error: unmappable character for encoding UTF8
    [javac]  * <p>This class is based on a paper written by Philippe P�bay:
    [javac]                                                           ^
    [javac] 2 errors
    [javac] 1 warning

BUILD FAILED
D:\Lab_SQA\Defects4J_Projects\Math_17_b\build.xml:165: Compile failed; see the compiler error output for details.

Total time: 4 seconds
Cannot compile sources! at D:/Lab_SQA/defects4j/framework/bin/d4j/d4j-compile line 82.
Compilation failed in require at D:\Lab_SQA\defects4j\framework\bin\defects4j line 195.
"
Math,18,CATG,default,1,0,False,error,0,0,False,0,0,0,0,0,0,0.0,"STATUS:ERROR:compile D:\Lab_SQA\Defects4J_Projects\Math_18_b failed:

Running ant (compile)...................................................... FAIL
Executed command:  cd D:\Lab_SQA\Defects4J_Projects\Math_18_b && D:/Lab_SQA/defects4j/major/bin/ant.cmd -f D:/Lab_SQA/defects4j/framework/projects/defects4j.build.xml -Dd4j.home=D:/Lab_SQA/defects4j -Dd4j.dir.projects=D:/Lab_SQA/defects4j/framework/projects -Dbasedir=D:\Lab_SQA\Defects4J_Projects\Math_18_b  compile 2>&1
Picked up JAVA_TOOL_OPTIONS: -Dfile.encoding=UTF-8
Buildfile: D:\Lab_SQA\defects4j\framework\projects\defects4j.build.xml

init:
     [echo] -------- Commons MATH 3.0-SNAPSHOT --------

compile:
    [javac] Compiling 664 source files to D:\Lab_SQA\Defects4J_Projects\Math_18_b\target\classes
    [javac] warning: [options] bootstrap class path not set in conjunction with -source 1.6
    [javac] D:\Lab_SQA\Defects4J_Projects\Math_18_b\src\main\java\org\apache\commons\math3\stat\correlation\StorelessBivariateCovariance.java:26: error: unmappable character for encoding UTF8
    [javac]  * <p>This class is based on a paper written by Philippe P�bay:
    [javac]                                                           ^
    [javac] D:\Lab_SQA\Defects4J_Projects\Math_18_b\src\main\java\org\apache\commons\math3\stat\correlation\StorelessCovariance.java:31: error: unmappable character for encoding UTF8
    [javac]  * <p>This class is based on a paper written by Philippe P�bay:
    [javac]                                                           ^
    [javac] 2 errors
    [javac] 1 warning

BUILD FAILED
D:\Lab_SQA\Defects4J_Projects\Math_18_b\build.xml:165: Compile failed; see the compiler error output for details.

Total time: 4 seconds
Cannot compile sources! at D:/Lab_SQA/defects4j/framework/bin/d4j/d4j-compile line 82.
Compilation failed in require at D:\Lab_SQA\defects4j\framework\bin\defects4j line 195.
"
Math,19,CATG,default,1,0,False,error,0,0,False,0,0,0,0,0,0,0.0,"STATUS:ERROR:compile D:\Lab_SQA\Defects4J_Projects\Math_19_b failed:

Running ant (compile)...................................................... FAIL
Executed command:  cd D:\Lab_SQA\Defects4J_Projects\Math_19_b && D:/Lab_SQA/defects4j/major/bin/ant.cmd -f D:/Lab_SQA/defects4j/framework/projects/defects4j.build.xml -Dd4j.home=D:/Lab_SQA/defects4j -Dd4j.dir.projects=D:/Lab_SQA/defects4j/framework/projects -Dbasedir=D:\Lab_SQA\Defects4J_Projects\Math_19_b  compile 2>&1
Picked up JAVA_TOOL_OPTIONS: -Dfile.encoding=UTF-8
Buildfile: D:\Lab_SQA\defects4j\framework\projects\defects4j.build.xml

init:
     [echo] -------- Commons MATH 3.0-SNAPSHOT --------
    [mkdir] Created dir: D:\Lab_SQA\Defects4J_Projects\Math_19_b\target
    [mkdir] Created dir: D:\Lab_SQA\Defects4J_Projects\Math_19_b\target\classes
    [mkdir] Created dir: D:\Lab_SQA\Defects4J_Projects\Math_19_b\target\test-classes
     [copy] Copying 1 file to D:\Lab_SQA\Defects4J_Projects\Math_19_b\target\classes

compile:
    [javac] Compiling 663 source files to D:\Lab_SQA\Defects4J_Projects\Math_19_b\target\classes
    [javac] warning: [options] bootstrap class path not set in conjunction with -source 1.6
    [javac] D:\Lab_SQA\Defects4J_Projects\Math_19_b\src\main\java\org\apache\commons\math3\stat\correlation\StorelessBivariateCovariance.java:26: error: unmappable character for encoding UTF8
    [javac]  * <p>This class is based on a paper written by Philippe P�bay:
    [javac]                                                           ^
    [javac] D:\Lab_SQA\Defects4J_Projects\Math_19_b\src\main\java\org\apache\commons\math3\stat\correlation\StorelessCovariance.java:31: error: unmappable character for encoding UTF8
    [javac]  * <p>This class is based on a paper written by Philippe P�bay:
    [javac]                                                           ^
    [javac] 2 errors
    [javac] 1 warning

BUILD FAILED
D:\Lab_SQA\Defects4J_Projects\Math_19_b\build.xml:165: Compile failed; see the compiler error output for details.

Total time: 5 seconds
Cannot compile sources! at D:/Lab_SQA/defects4j/framework/bin/d4j/d4j-compile line 82.
Compilation failed in require at D:\Lab_SQA\defects4j\framework\bin\defects4j line 195.
"
Math,20,CATG,default,1,0,False,error,0,0,False,0,0,0,0,0,0,0.0,"STATUS:ERROR:compile D:\Lab_SQA\Defects4J_Projects\Math_20_b failed:

Running ant (compile)...................................................... FAIL
Executed command:  cd D:\Lab_SQA\Defects4J_Projects\Math_20_b && D:/Lab_SQA/defects4j/major/bin/ant.cmd -f D:/Lab_SQA/defects4j/framework/projects/defects4j.build.xml -Dd4j.home=D:/Lab_SQA/defects4j -Dd4j.dir.projects=D:/Lab_SQA/defects4j/framework/projects -Dbasedir=D:\Lab_SQA\Defects4J_Projects\Math_20_b  compile 2>&1
Picked up JAVA_TOOL_OPTIONS: -Dfile.encoding=UTF-8
Buildfile: D:\Lab_SQA\defects4j\framework\projects\defects4j.build.xml

init:
     [echo] -------- Commons MATH 3.0-SNAPSHOT --------

compile:
    [javac] Compiling 663 source files to D:\Lab_SQA\Defects4J_Projects\Math_20_b\target\classes
    [javac] warning: [options] bootstrap class path not set in conjunction with -source 1.6
    [javac] D:\Lab_SQA\Defects4J_Projects\Math_20_b\src\main\java\org\apache\commons\math3\stat\correlation\StorelessBivariateCovariance.java:26: error: unmappable character for encoding UTF8
    [javac]  * <p>This class is based on a paper written by Philippe P�bay:
    [javac]                                                           ^
    [javac] D:\Lab_SQA\Defects4J_Projects\Math_20_b\src\main\java\org\apache\commons\math3\stat\correlation\StorelessCovariance.java:31: error: unmappable character for encoding UTF8
    [javac]  * <p>This class is based on a paper written by Philippe P�bay:
    [javac]                                                           ^
    [javac] 2 errors
    [javac] 1 warning

BUILD FAILED
D:\Lab_SQA\Defects4J_Projects\Math_20_b\build.xml:165: Compile failed; see the compiler error output for details.

Total time: 4 seconds
Cannot compile sources! at D:/Lab_SQA/defects4j/framework/bin/d4j/d4j-compile line 82.
Compilation failed in require at D:\Lab_SQA\defects4j\framework\bin\defects4j line 195.
"
Math,21,CATG,default,1,0,False,error,0,0,False,0,0,0,0,0,0,0.0,"STATUS:ERROR:checkout Math-21b failed at D:\Lab_SQA\Defects4J_Projects\Math_21_b: exit=128
Checking out 621bbb8f to D:\Lab_SQA\Defects4J_Projects\Math_21_b........... OK
Init local repository...................................................... OK
Tag post-fix revision...................................................... FAIL
Executed command: cd D:\Lab_SQA\Defects4J_Projects\Math_21_b && git init 2>&1 && echo "".svn"" > .gitignore && git add -A 2>&1 && git commit -a -m D4J_Math_21_POST_FIX_REVISION 2>&1 && git tag --no-sign D4J_Math_21_POST_FIX_REVISION 2>&1
Reinitialized existing Git repository in D:/Lab_SQA/Defects4J_Projects/Math_21_b/.git/
fatal: could not parse HEAD
Couldn't tag post-fix revision! at D:/Lab_SQA/defects4j/framework/core/Project.pm line 434.
	Project::checkout_vid(Project::Math=HASH(0x1e6ebf21ef0), ""21b"") called at D:/Lab_SQA/defects4j/framework/bin/d4j/d4j-checkout line 96
	require D:/Lab_SQA/defects4j/framework/bin/d4j/d4j-checkout called at D:\Lab_SQA\defects4j\framework\bin\defects4j line 195
Compilation failed in require at D:\Lab_SQA\defects4j\framework\bin\defects4j line 195."
Math,22,CATG,default,1,0,False,error,0,0,False,0,0,0,0,0,0,0.0,"STATUS:ERROR:checkout Math-22b failed at D:\Lab_SQA\Defects4J_Projects\Math_22_b: exit=128
Checking out 66dece12 to D:\Lab_SQA\Defects4J_Projects\Math_22_b........... FAIL
Executed command: git clone D:/Lab_SQA/defects4j/project_repos/commons-math.git D:\Lab_SQA\Defects4J_Projects\Math_22_b 2>&1 && cd D:\Lab_SQA\Defects4J_Projects\Math_22_b && git checkout 66dece126a7a3130cc79b44e0527b8b5eea41bcc 2>&1
Cloning into 'D:\Lab_SQA\Defects4J_Projects\Math_22_b'...
done.
fatal: unable to read tree (66dece126a7a3130cc79b44e0527b8b5eea41bcc)
Cannot checkout program version! at D:/Lab_SQA/defects4j/framework/bin/d4j/d4j-checkout line 96.
Compilation failed in require at D:\Lab_SQA\defects4j\framework\bin\defects4j line 195."
Math,23,CATG,default,1,0,False,error,0,0,False,0,0,0,0,0,0,0.0,"STATUS:ERROR:checkout Math-23b failed at D:\Lab_SQA\Defects4J_Projects\Math_23_b: exit=128
Checking out ac597cc1 to D:\Lab_SQA\Defects4J_Projects\Math_23_b........... FAIL
Executed command: git clone D:/Lab_SQA/defects4j/project_repos/commons-math.git D:\Lab_SQA\Defects4J_Projects\Math_23_b 2>&1 && cd D:\Lab_SQA\Defects4J_Projects\Math_23_b && git checkout ac597cc1720cd06840486b309b6deefb09123982 2>&1
Cloning into 'D:\Lab_SQA\Defects4J_Projects\Math_23_b'...
done.
fatal: unable to read tree (ac597cc1720cd06840486b309b6deefb09123982)
Cannot checkout program version! at D:/Lab_SQA/defects4j/framework/bin/d4j/d4j-checkout line 96.
Compilation failed in require at D:\Lab_SQA\defects4j\framework\bin\defects4j line 195."
Math,24,CATG,default,1,0,False,error,0,0,False,0,0,0,0,0,0,0.0,"STATUS:ERROR:checkout Math-24b failed at D:\Lab_SQA\Defects4J_Projects\Math_24_b: exit=128
Checking out 350f726c to D:\Lab_SQA\Defects4J_Projects\Math_24_b........... FAIL
Executed command: git clone D:/Lab_SQA/defects4j/project_repos/commons-math.git D:\Lab_SQA\Defects4J_Projects\Math_24_b 2>&1 && cd D:\Lab_SQA\Defects4J_Projects\Math_24_b && git checkout 350f726ce591004a795c3a241540887e79c3c7bc 2>&1
Cloning into 'D:\Lab_SQA\Defects4J_Projects\Math_24_b'...
done.
fatal: unable to read tree (350f726ce591004a795c3a241540887e79c3c7bc)
Cannot checkout program version! at D:/Lab_SQA/defects4j/framework/bin/d4j/d4j-checkout line 96.
Compilation failed in require at D:\Lab_SQA\defects4j\framework\bin\defects4j line 195."
Math,25,CATG,default,1,0,False,error,0,0,False,0,0,0,0,0,0,0.0,"STATUS:ERROR:checkout Math-25b failed at D:\Lab_SQA\Defects4J_Projects\Math_25_b: exit=128
Checking out 7994d3ee to D:\Lab_SQA\Defects4J_Projects\Math_25_b........... FAIL
Executed command: git clone D:/Lab_SQA/defects4j/project_repos/commons-math.git D:\Lab_SQA\Defects4J_Projects\Math_25_b 2>&1 && cd D:\Lab_SQA\Defects4J_Projects\Math_25_b && git checkout 7994d3ee9d49098dcffb0c5470714076305e38cf 2>&1
Cloning into 'D:\Lab_SQA\Defects4J_Projects\Math_25_b'...
done.
fatal: unable to read tree (7994d3ee9d49098dcffb0c5470714076305e38cf)
Cannot checkout program version! at D:/Lab_SQA/defects4j/framework/bin/d4j/d4j-checkout line 96.
Compilation failed in require at D:\Lab_SQA\defects4j\framework\bin\defects4j line 195."
Math,26,CATG,default,1,0,False,error,0,0,False,0,0,0,0,0,0,0.0,"STATUS:ERROR:compile D:\Lab_SQA\Defects4J_Projects\Math_26_b failed:

Running ant (compile)...................................................... FAIL
Executed command:  cd D:\Lab_SQA\Defects4J_Projects\Math_26_b && D:/Lab_SQA/defects4j/major/bin/ant.cmd -f D:/Lab_SQA/defects4j/framework/projects/defects4j.build.xml -Dd4j.home=D:/Lab_SQA/defects4j -Dd4j.dir.projects=D:/Lab_SQA/defects4j/framework/projects -Dbasedir=D:\Lab_SQA\Defects4J_Projects\Math_26_b  compile 2>&1
Picked up JAVA_TOOL_OPTIONS: -Dfile.encoding=UTF-8
Buildfile: D:\Lab_SQA\defects4j\framework\projects\defects4j.build.xml

init:
     [echo] -------- Commons MATH 3.0-SNAPSHOT --------
    [mkdir] Created dir: D:\Lab_SQA\Defects4J_Projects\Math_26_b\target
    [mkdir] Created dir: D:\Lab_SQA\Defects4J_Projects\Math_26_b\target\classes
    [mkdir] Created dir: D:\Lab_SQA\Defects4J_Projects\Math_26_b\target\test-classes
     [copy] Copying 1 file to D:\Lab_SQA\Defects4J_Projects\Math_26_b\target\classes

compile:
    [javac] Compiling 632 source files to D:\Lab_SQA\Defects4J_Projects\Math_26_b\target\classes
    [javac] warning: [options] bootstrap class path not set in conjunction with -source 1.6
    [javac] D:\Lab_SQA\Defects4J_Projects\Math_26_b\src\main\java\org\apache\commons\math3\stat\correlation\StorelessBivariateCovariance.java:26: error: unmappable character for encoding UTF8
    [javac]  * <p>This class is based on a paper written by Philippe P�bay:
    [javac]                                                           ^
    [javac] D:\Lab_SQA\Defects4J_Projects\Math_26_b\src\main\java\org\apache\commons\math3\stat\correlation\StorelessCovariance.java:31: error: unmappable character for encoding UTF8
    [javac]  * <p>This class is based on a paper written by Philippe P�bay:
    [javac]                                                           ^
    [javac] 2 errors
    [javac] 1 warning

BUILD FAILED
D:\Lab_SQA\Defects4J_Projects\Math_26_b\build.xml:165: Compile failed; see the compiler error output for details.

Total time: 3 seconds
Cannot compile sources! at D:/Lab_SQA/defects4j/framework/bin/d4j/d4j-compile line 82.
Compilation failed in require at D:\Lab_SQA\defects4j\framework\bin\defects4j line 195.
"
Math,27,CATG,default,1,0,False,error,0,0,False,0,0,0,0,0,0,0.0,"STATUS:ERROR:compile D:\Lab_SQA\Defects4J_Projects\Math_27_b failed:

Running ant (compile)...................................................... FAIL
Executed command:  cd D:\Lab_SQA\Defects4J_Projects\Math_27_b && D:/Lab_SQA/defects4j/major/bin/ant.cmd -f D:/Lab_SQA/defects4j/framework/projects/defects4j.build.xml -Dd4j.home=D:/Lab_SQA/defects4j -Dd4j.dir.projects=D:/Lab_SQA/defects4j/framework/projects -Dbasedir=D:\Lab_SQA\Defects4J_Projects\Math_27_b  compile 2>&1
Picked up JAVA_TOOL_OPTIONS: -Dfile.encoding=UTF-8
Buildfile: D:\Lab_SQA\defects4j\framework\projects\defects4j.build.xml

init:
     [echo] -------- Commons MATH 3.0-SNAPSHOT --------

compile:
    [javac] Compiling 632 source files to D:\Lab_SQA\Defects4J_Projects\Math_27_b\target\classes
    [javac] warning: [options] bootstrap class path not set in conjunction with -source 1.6
    [javac] D:\Lab_SQA\Defects4J_Projects\Math_27_b\src\main\java\org\apache\commons\math3\stat\correlation\StorelessBivariateCovariance.java:26: error: unmappable character for encoding UTF8
    [javac]  * <p>This class is based on a paper written by Philippe P�bay:
    [javac]                                                           ^
    [javac] D:\Lab_SQA\Defects4J_Projects\Math_27_b\src\main\java\org\apache\commons\math3\stat\correlation\StorelessCovariance.java:31: error: unmappable character for encoding UTF8
    [javac]  * <p>This class is based on a paper written by Philippe P�bay:
    [javac]                                                           ^
    [javac] 2 errors
    [javac] 1 warning

BUILD FAILED
D:\Lab_SQA\Defects4J_Projects\Math_27_b\build.xml:165: Compile failed; see the compiler error output for details.

Total time: 4 seconds
Cannot compile sources! at D:/Lab_SQA/defects4j/framework/bin/d4j/d4j-compile line 82.
Compilation failed in require at D:\Lab_SQA\defects4j\framework\bin\defects4j line 195.
"
Math,28,CATG,default,1,0,False,error,0,0,False,0,0,0,0,0,0,0.0,"STATUS:ERROR:checkout Math-28b failed at D:\Lab_SQA\Defects4J_Projects\Math_28_b: exit=128
Checking out a49e443c to D:\Lab_SQA\Defects4J_Projects\Math_28_b........... OK
Init local repository...................................................... OK
Tag post-fix revision...................................................... FAIL
Executed command: cd D:\Lab_SQA\Defects4J_Projects\Math_28_b && git init 2>&1 && echo "".svn"" > .gitignore && git add -A 2>&1 && git commit -a -m D4J_Math_28_POST_FIX_REVISION 2>&1 && git tag --no-sign D4J_Math_28_POST_FIX_REVISION 2>&1
Reinitialized existing Git repository in D:/Lab_SQA/Defects4J_Projects/Math_28_b/.git/
fatal: could not parse HEAD
Couldn't tag post-fix revision! at D:/Lab_SQA/defects4j/framework/core/Project.pm line 434.
	Project::checkout_vid(Project::Math=HASH(0x2bfa2e0be40), ""28b"") called at D:/Lab_SQA/defects4j/framework/bin/d4j/d4j-checkout line 96
	require D:/Lab_SQA/defects4j/framework/bin/d4j/d4j-checkout called at D:\Lab_SQA\defects4j\framework\bin\defects4j line 195
Compilation failed in require at D:\Lab_SQA\defects4j\framework\bin\defects4j line 195."
Math,29,CATG,default,1,0,False,error,0,0,False,0,0,0,0,0,0,0.0,"STATUS:ERROR:compile D:\Lab_SQA\Defects4J_Projects\Math_29_b failed:

Running ant (compile)...................................................... FAIL
Executed command:  cd D:\Lab_SQA\Defects4J_Projects\Math_29_b && D:/Lab_SQA/defects4j/major/bin/ant.cmd -f D:/Lab_SQA/defects4j/framework/projects/defects4j.build.xml -Dd4j.home=D:/Lab_SQA/defects4j -Dd4j.dir.projects=D:/Lab_SQA/defects4j/framework/projects -Dbasedir=D:\Lab_SQA\Defects4J_Projects\Math_29_b  compile 2>&1
Picked up JAVA_TOOL_OPTIONS: -Dfile.encoding=UTF-8
Buildfile: D:\Lab_SQA\defects4j\framework\projects\defects4j.build.xml

init:
     [echo] -------- Commons MATH 3.0-SNAPSHOT --------
    [mkdir] Created dir: D:\Lab_SQA\Defects4J_Projects\Math_29_b\target
    [mkdir] Created dir: D:\Lab_SQA\Defects4J_Projects\Math_29_b\target\classes
    [mkdir] Created dir: D:\Lab_SQA\Defects4J_Projects\Math_29_b\target\test-classes
     [copy] Copying 1 file to D:\Lab_SQA\Defects4J_Projects\Math_29_b\target\classes

compile:
    [javac] Compiling 622 source files to D:\Lab_SQA\Defects4J_Projects\Math_29_b\target\classes
    [javac] warning: [options] bootstrap class path not set in conjunction with -source 1.6
    [javac] D:\Lab_SQA\Defects4J_Projects\Math_29_b\src\main\java\org\apache\commons\math3\stat\correlation\StorelessBivariateCovariance.java:26: error: unmappable character for encoding UTF8
    [javac]  * <p>This class is based on a paper written by Philippe P�bay:
    [javac]                                                           ^
    [javac] D:\Lab_SQA\Defects4J_Projects\Math_29_b\src\main\java\org\apache\commons\math3\stat\correlation\StorelessCovariance.java:31: error: unmappable character for encoding UTF8
    [javac]  * <p>This class is based on a paper written by Philippe P�bay:
    [javac]                                                           ^
    [javac] 2 errors
    [javac] 1 warning

BUILD FAILED
D:\Lab_SQA\Defects4J_Projects\Math_29_b\build.xml:165: Compile failed; see the compiler error output for details.

Total time: 2 seconds
Cannot compile sources! at D:/Lab_SQA/defects4j/framework/bin/d4j/d4j-compile line 82.
Compilation failed in require at D:\Lab_SQA\defects4j\framework\bin\defects4j line 195.
"
Math,30,CATG,default,1,0,False,error,0,0,False,0,0,0,0,0,0,0.0,"STATUS:ERROR:compile D:\Lab_SQA\Defects4J_Projects\Math_30_b failed:

Running ant (compile)...................................................... FAIL
Executed command:  cd D:\Lab_SQA\Defects4J_Projects\Math_30_b && D:/Lab_SQA/defects4j/major/bin/ant.cmd -f D:/Lab_SQA/defects4j/framework/projects/defects4j.build.xml -Dd4j.home=D:/Lab_SQA/defects4j -Dd4j.dir.projects=D:/Lab_SQA/defects4j/framework/projects -Dbasedir=D:\Lab_SQA\Defects4J_Projects\Math_30_b  compile 2>&1
Picked up JAVA_TOOL_OPTIONS: -Dfile.encoding=UTF-8
Buildfile: D:\Lab_SQA\defects4j\framework\projects\defects4j.build.xml

init:
     [echo] -------- Commons MATH 3.0-SNAPSHOT --------

compile:
    [javac] Compiling 622 source files to D:\Lab_SQA\Defects4J_Projects\Math_30_b\target\classes
    [javac] warning: [options] bootstrap class path not set in conjunction with -source 1.6
    [javac] D:\Lab_SQA\Defects4J_Projects\Math_30_b\src\main\java\org\apache\commons\math3\stat\correlation\StorelessBivariateCovariance.java:26: error: unmappable character for encoding UTF8
    [javac]  * <p>This class is based on a paper written by Philippe P�bay:
    [javac]                                                           ^
    [javac] D:\Lab_SQA\Defects4J_Projects\Math_30_b\src\main\java\org\apache\commons\math3\stat\correlation\StorelessCovariance.java:31: error: unmappable character for encoding UTF8
    [javac]  * <p>This class is based on a paper written by Philippe P�bay:
    [javac]                                                           ^
    [javac] 2 errors
    [javac] 1 warning

BUILD FAILED
D:\Lab_SQA\Defects4J_Projects\Math_30_b\build.xml:165: Compile failed; see the compiler error output for details.

Total time: 4 seconds
Cannot compile sources! at D:/Lab_SQA/defects4j/framework/bin/d4j/d4j-compile line 82.
Compilation failed in require at D:\Lab_SQA\defects4j\framework\bin\defects4j line 195.
"
Math,31,CATG,default,1,0,False,error,0,0,False,0,0,0,0,0,0,0.0,"STATUS:ERROR:compile D:\Lab_SQA\Defects4J_Projects\Math_31_b failed:

Running ant (compile)...................................................... FAIL
Executed command:  cd D:\Lab_SQA\Defects4J_Projects\Math_31_b && D:/Lab_SQA/defects4j/major/bin/ant.cmd -f D:/Lab_SQA/defects4j/framework/projects/defects4j.build.xml -Dd4j.home=D:/Lab_SQA/defects4j -Dd4j.dir.projects=D:/Lab_SQA/defects4j/framework/projects -Dbasedir=D:\Lab_SQA\Defects4J_Projects\Math_31_b  compile 2>&1
Picked up JAVA_TOOL_OPTIONS: -Dfile.encoding=UTF-8
Buildfile: D:\Lab_SQA\defects4j\framework\projects\defects4j.build.xml

init:
     [echo] -------- Commons MATH 3.0-SNAPSHOT --------
    [mkdir] Created dir: D:\Lab_SQA\Defects4J_Projects\Math_31_b\target
    [mkdir] Created dir: D:\Lab_SQA\Defects4J_Projects\Math_31_b\target\classes
    [mkdir] Created dir: D:\Lab_SQA\Defects4J_Projects\Math_31_b\target\test-classes
     [copy] Copying 1 file to D:\Lab_SQA\Defects4J_Projects\Math_31_b\target\classes

compile:
    [javac] Compiling 620 source files to D:\Lab_SQA\Defects4J_Projects\Math_31_b\target\classes
    [javac] warning: [options] bootstrap class path not set in conjunction with -source 1.6
    [javac] D:\Lab_SQA\Defects4J_Projects\Math_31_b\src\main\java\org\apache\commons\math3\stat\correlation\StorelessBivariateCovariance.java:26: error: unmappable character for encoding UTF8
    [javac]  * <p>This class is based on a paper written by Philippe P�bay:
    [javac]                                                           ^
    [javac] D:\Lab_SQA\Defects4J_Projects\Math_31_b\src\main\java\org\apache\commons\math3\stat\correlation\StorelessCovariance.java:31: error: unmappable character for encoding UTF8
    [javac]  * <p>This class is based on a paper written by Philippe P�bay:
    [javac]                                                           ^
    [javac] 2 errors
    [javac] 1 warning

BUILD FAILED
D:\Lab_SQA\Defects4J_Projects\Math_31_b\build.xml:165: Compile failed; see the compiler error output for details.

Total time: 3 seconds
Cannot compile sources! at D:/Lab_SQA/defects4j/framework/bin/d4j/d4j-compile line 82.
Compilation failed in require at D:\Lab_SQA\defects4j\framework\bin\defects4j line 195.
"
Math,32,CATG,default,1,0,False,error,0,0,False,0,0,0,0,0,0,0.0,"STATUS:ERROR:compile D:\Lab_SQA\Defects4J_Projects\Math_32_b failed:

Running ant (compile)...................................................... FAIL
Executed command:  cd D:\Lab_SQA\Defects4J_Projects\Math_32_b && D:/Lab_SQA/defects4j/major/bin/ant.cmd -f D:/Lab_SQA/defects4j/framework/projects/defects4j.build.xml -Dd4j.home=D:/Lab_SQA/defects4j -Dd4j.dir.projects=D:/Lab_SQA/defects4j/framework/projects -Dbasedir=D:\Lab_SQA\Defects4J_Projects\Math_32_b  compile 2>&1
Picked up JAVA_TOOL_OPTIONS: -Dfile.encoding=UTF-8
Buildfile: D:\Lab_SQA\defects4j\framework\projects\defects4j.build.xml

init:
     [echo] -------- Commons MATH 3.0-SNAPSHOT --------

compile:
    [javac] Compiling 620 source files to D:\Lab_SQA\Defects4J_Projects\Math_32_b\target\classes
    [javac] warning: [options] bootstrap class path not set in conjunction with -source 1.6
    [javac] D:\Lab_SQA\Defects4J_Projects\Math_32_b\src\main\java\org\apache\commons\math3\stat\correlation\StorelessBivariateCovariance.java:26: error: unmappable character for encoding UTF8
    [javac]  * <p>This class is based on a paper written by Philippe P�bay:
    [javac]                                                           ^
    [javac] D:\Lab_SQA\Defects4J_Projects\Math_32_b\src\main\java\org\apache\commons\math3\stat\correlation\StorelessCovariance.java:31: error: unmappable character for encoding UTF8
    [javac]  * <p>This class is based on a paper written by Philippe P�bay:
    [javac]                                                           ^
    [javac] 2 errors
    [javac] 1 warning

BUILD FAILED
D:\Lab_SQA\Defects4J_Projects\Math_32_b\build.xml:165: Compile failed; see the compiler error output for details.

Total time: 3 seconds
Cannot compile sources! at D:/Lab_SQA/defects4j/framework/bin/d4j/d4j-compile line 82.
Compilation failed in require at D:\Lab_SQA\defects4j\framework\bin\defects4j line 195.
"
Math,33,CATG,default,1,0,False,error,0,0,False,0,0,0,0,0,0,0.0,"STATUS:ERROR:checkout Math-33b failed at D:\Lab_SQA\Defects4J_Projects\Math_33_b: exit=128
Checking out 3c4cb189 to D:\Lab_SQA\Defects4J_Projects\Math_33_b........... OK
Init local repository...................................................... OK
Tag post-fix revision...................................................... OK
Run post-checkout hook..................................................... OK
Excluding broken/flaky tests............................................... OK
Excluding broken/flaky tests............................................... OK
Excluding broken/flaky tests............................................... OK
Initialize fixed program version........................................... FAIL
Executed command: cd D:\Lab_SQA\Defects4J_Projects\Math_33_b && git add -A 2>&1 && git commit -a -m ""D4J_Math_33_FIXED_VERSION"" 2>&1 && git tag --no-sign D4J_Math_33_FIXED_VERSION 2>&1
[detached HEAD fcb8ad3e5] D4J_Math_33_FIXED_VERSION
 1 file changed, 326 insertions(+)
 create mode 100644 target/classes/assets/org/apache/commons/math3/exception/util/LocalizedFormats_fr.properties
fatal: tag 'D4J_Math_33_FIXED_VERSION' already exists
Couldn't tag fixed program version! at D:/Lab_SQA/defects4j/framework/core/Project.pm line 478.
	Project::checkout_vid(Project::Math=HASH(0x1ba76691e30), ""33b"") called at D:/Lab_SQA/defects4j/framework/bin/d4j/d4j-checkout line 96
	require D:/Lab_SQA/defects4j/framework/bin/d4j/d4j-checkout called at D:\Lab_SQA\defects4j\framework\bin\defects4j line 195
Compilation failed in require at D:\Lab_SQA\defects4j\framework\bin\defects4j line 195."
Math,34,CATG,default,1,0,False,error,0,0,False,0,0,0,0,0,0,0.0,"STATUS:ERROR:checkout Math-34b failed at D:\Lab_SQA\Defects4J_Projects\Math_34_b: exit=1
Checking out ebadb558 to D:\Lab_SQA\Defects4J_Projects\Math_34_b........... OK
Init local repository...................................................... OK
Tag post-fix revision...................................................... OK
Run post-checkout hook..................................................... OK
Excluding broken/flaky tests............................................... OK
Excluding broken/flaky tests............................................... OK
Excluding broken/flaky tests............................................... OK
Initialize fixed program version........................................... OK
Cannot determine how to apply patch!
All attempts failed:
* cd D:\Lab_SQA\Defects4J_Projects\Math_34_b && git apply -p1 --ignore-whitespace --check D:/Lab_SQA/defects4j/framework/projects/Math/patches/34.src.patch 2>&1
error: src/main/java/org/apache/commons/math3/genetics/ListPopulation.java: No such file or directory
* cd D:\Lab_SQA\Defects4J_Projects\Math_34_b && git apply -p0 --ignore-whitespace --check D:/Lab_SQA/defects4j/framework/projects/Math/patches/34.src.patch 2>&1
error: a/src/main/java/org/apache/commons/math3/genetics/ListPopulation.java: No such file or directory
* cd D:\Lab_SQA\Defects4J_Projects\Math_34_b && git apply -p2 --ignore-whitespace --check D:/Lab_SQA/defects4j/framework/projects/Math/patches/34.src.patch 2>&1
error: main/java/org/apache/commons/math3/genetics/ListPopulation.java: No such file or directory
----------------------------------------------------------------------
 at D:/Lab_SQA/defects4j/framework/core/Vcs.pm line 414.
	Vcs::_apply_cmd(Vcs::Git=HASH(0x2179db81f00), ""D:\\Lab_SQA\\Defects4J_Projects\\Math_34_b"", ""D:/Lab_SQA/defects4j/framework/projects/Math/patches/34.src.p""..., undef) called at D:/Lab_SQA/defects4j/framework/core/Vcs.pm line 375
	Vcs::apply_patch(Vcs::Git=HASH(0x2179db81f00), ""D:\\Lab_SQA\\Defects4J_Projects\\Math_34_b"", ""D:/Lab_SQA/defects4j/framework/projects/Math/patches/34.src.p""...) called at D:/Lab_SQA/defects4j/framework/core/Project.pm line 1084
	Project::apply_patch(Project::Math=HASH(0x2179db627d8), ""D:\\Lab_SQA\\Defects4J_Projects\\Math_34_b"", ""D:/Lab_SQA/defects4j/framework/projects/Math/patches/34.src.p""...) called at D:/Lab_SQA/defects4j/framework/core/Project.pm line 484
	Project::checkout_vid(Project::Math=HASH(0x2179db627d8), ""34b"") called at D:/Lab_SQA/defects4j/framework/bin/d4j/d4j-checkout line 96
	require D:/Lab_SQA/defects4j/framework/bin/d4j/d4j-checkout called at D:\Lab_SQA\defects4j\framework\bin\defects4j line 195
Compilation failed in require at D:\Lab_SQA\defects4j\framework\bin\defects4j line 195."
Math,35,CATG,default,1,0,False,error,0,0,False,0,0,0,0,0,0,0.0,"STATUS:ERROR:checkout Math-35b failed at D:\Lab_SQA\Defects4J_Projects\Math_35_b: exit=1
Checking out b9ca51f0 to D:\Lab_SQA\Defects4J_Projects\Math_35_b........... OK
Init local repository...................................................... OK
Tag post-fix revision...................................................... OK
Run post-checkout hook..................................................... OK
Excluding broken/flaky tests............................................... OK
Excluding broken/flaky tests............................................... OK
Excluding broken/flaky tests............................................... OK
Initialize fixed program version........................................... FAIL
Executed command: cd D:\Lab_SQA\Defects4J_Projects\Math_35_b && git add -A 2>&1 && git commit -a -m ""D4J_Math_35_FIXED_VERSION"" 2>&1 && git tag --no-sign D4J_Math_35_FIXED_VERSION 2>&1
HEAD detached from b9ca51f09
nothing to commit, working tree clean
Couldn't tag fixed program version! at D:/Lab_SQA/defects4j/framework/core/Project.pm line 478.
	Project::checkout_vid(Project::Math=HASH(0x189be8a0f50), ""35b"") called at D:/Lab_SQA/defects4j/framework/bin/d4j/d4j-checkout line 96
	require D:/Lab_SQA/defects4j/framework/bin/d4j/d4j-checkout called at D:\Lab_SQA\defects4j\framework\bin\defects4j line 195
Compilation failed in require at D:\Lab_SQA\defects4j\framework\bin\defects4j line 195."
Math,36,CATG,default,1,0,False,error,0,0,False,0,0,0,0,0,0,0.0,"STATUS:ERROR:checkout Math-36b failed at D:\Lab_SQA\Defects4J_Projects\Math_36_b: exit=1
Checking out 8a83581e to D:\Lab_SQA\Defects4J_Projects\Math_36_b........... OK
Init local repository...................................................... OK
Tag post-fix revision...................................................... OK
Run post-checkout hook..................................................... OK
Excluding broken/flaky tests............................................... OK
Excluding broken/flaky tests............................................... OK
Excluding broken/flaky tests............................................... OK
Initialize fixed program version........................................... OK
Cannot determine how to apply patch!
All attempts failed:
* cd D:\Lab_SQA\Defects4J_Projects\Math_36_b && git apply -p1 --ignore-whitespace --check D:/Lab_SQA/defects4j/framework/projects/Math/patches/36.src.patch 2>&1
error: src/main/java/org/apache/commons/math/fraction/BigFraction.java: No such file or directory
* cd D:\Lab_SQA\Defects4J_Projects\Math_36_b && git apply -p0 --ignore-whitespace --check D:/Lab_SQA/defects4j/framework/projects/Math/patches/36.src.patch 2>&1
error: a/src/main/java/org/apache/commons/math/fraction/BigFraction.java: No such file or directory
* cd D:\Lab_SQA\Defects4J_Projects\Math_36_b && git apply -p2 --ignore-whitespace --check D:/Lab_SQA/defects4j/framework/projects/Math/patches/36.src.patch 2>&1
error: main/java/org/apache/commons/math/fraction/BigFraction.java: No such file or directory
----------------------------------------------------------------------
 at D:/Lab_SQA/defects4j/framework/core/Vcs.pm line 414.
	Vcs::_apply_cmd(Vcs::Git=HASH(0x1eec28fcb00), ""D:\\Lab_SQA\\Defects4J_Projects\\Math_36_b"", ""D:/Lab_SQA/defects4j/framework/projects/Math/patches/36.src.p""..., undef) called at D:/Lab_SQA/defects4j/framework/core/Vcs.pm line 375
	Vcs::apply_patch(Vcs::Git=HASH(0x1eec28fcb00), ""D:\\Lab_SQA\\Defects4J_Projects\\Math_36_b"", ""D:/Lab_SQA/defects4j/framework/projects/Math/patches/36.src.p""...) called at D:/Lab_SQA/defects4j/framework/core/Project.pm line 1084
	Project::apply_patch(Project::Math=HASH(0x1eec2905230), ""D:\\Lab_SQA\\Defects4J_Projects\\Math_36_b"", ""D:/Lab_SQA/defects4j/framework/projects/Math/patches/36.src.p""...) called at D:/Lab_SQA/defects4j/framework/core/Project.pm line 484
	Project::checkout_vid(Project::Math=HASH(0x1eec2905230), ""36b"") called at D:/Lab_SQA/defects4j/framework/bin/d4j/d4j-checkout line 96
	require D:/Lab_SQA/defects4j/framework/bin/d4j/d4j-checkout called at D:\Lab_SQA\defects4j\framework\bin\defects4j line 195
Compilation failed in require at D:\Lab_SQA\defects4j\framework\bin\defects4j line 195."
Math,37,CATG,default,1,0,False,error,0,0,False,0,0,0,0,0,0,0.0,"STATUS:ERROR:checkout Math-37b failed at D:\Lab_SQA\Defects4J_Projects\Math_37_b: exit=128
Checking out 95d15eff to D:\Lab_SQA\Defects4J_Projects\Math_37_b........... FAIL
Executed command: git clone D:/Lab_SQA/defects4j/project_repos/commons-math.git D:\Lab_SQA\Defects4J_Projects\Math_37_b 2>&1 && cd D:\Lab_SQA\Defects4J_Projects\Math_37_b && git checkout 95d15eff45cfcf40871d950c8ffecba2d95d63f9 2>&1
Cloning into 'D:\Lab_SQA\Defects4J_Projects\Math_37_b'...
done.
fatal: unable to read tree (95d15eff45cfcf40871d950c8ffecba2d95d63f9)
Cannot checkout program version! at D:/Lab_SQA/defects4j/framework/bin/d4j/d4j-checkout line 96.
Compilation failed in require at D:\Lab_SQA\defects4j\framework\bin\defects4j line 195."
Math,38,CATG,default,1,0,False,unsupported,0,0,False,0,0,0,0,0,0,0.0,STATUS:harness_limitation:unsupported_type:double[] lowerBound:prelim
Math,39,CATG,default,1,0,False,unsupported,0,0,False,0,0,0,0,0,0,0.0,STATUS:harness_limitation:unsupported_type:final ExpandableStatefulODE equations:integrate
Math,40,CATG,default,1,0,False,unsupported,0,0,False,0,0,0,0,0,0,4.81,STATUS:catg_runtime_interpreter:ClassCastException
Math,41,CATG,default,1,0,False,unsupported,0,0,False,0,0,0,0,0,0,0.0,STATUS:harness_limitation:unsupported_type:final double[] values:evaluate
Math,42,CATG,default,1,0,False,error,0,0,False,0,0,0,0,0,0,0.0,"STATUS:ERROR:checkout Math-42b failed at D:\Lab_SQA\Defects4J_Projects\Math_42_b: exit=1
Checking out f656676e to D:\Lab_SQA\Defects4J_Projects\Math_42_b........... OK
Init local repository...................................................... OK
Tag post-fix revision...................................................... OK
Run post-checkout hook..................................................... OK
Excluding broken/flaky tests............................................... OK
Excluding broken/flaky tests............................................... OK
Excluding broken/flaky tests............................................... OK
Initialize fixed program version........................................... FAIL
Executed command: cd D:\Lab_SQA\Defects4J_Projects\Math_42_b && git add -A 2>&1 && git commit -a -m ""D4J_Math_42_FIXED_VERSION"" 2>&1 && git tag --no-sign D4J_Math_42_FIXED_VERSION 2>&1
HEAD detached from f656676e3
nothing to commit, working tree clean
Couldn't tag fixed program version! at D:/Lab_SQA/defects4j/framework/core/Project.pm line 478.
	Project::checkout_vid(Project::Math=HASH(0x1d3e1fc80e0), ""42b"") called at D:/Lab_SQA/defects4j/framework/bin/d4j/d4j-checkout line 96
	require D:/Lab_SQA/defects4j/framework/bin/d4j/d4j-checkout called at D:\Lab_SQA\defects4j\framework\bin\defects4j line 195
Compilation failed in require at D:\Lab_SQA\defects4j\framework\bin\defects4j line 195."
Math,43,CATG,default,1,0,False,error,0,0,False,0,0,0,0,0,0,0.0,"STATUS:ERROR:checkout Math-43b failed at D:\Lab_SQA\Defects4J_Projects\Math_43_b: exit=1
Checking out 118f0cc0 to D:\Lab_SQA\Defects4J_Projects\Math_43_b........... OK
Init local repository...................................................... OK
Tag post-fix revision...................................................... OK
Run post-checkout hook..................................................... OK
Excluding broken/flaky tests............................................... OK
Excluding broken/flaky tests............................................... OK
Excluding broken/flaky tests............................................... OK
Initialize fixed program version........................................... OK
Apply patch................................................................ OK
Initialize buggy program version........................................... OK
Couldn't checkout POST_FIX_REVISION at D:/Lab_SQA/defects4j/framework/core/Project.pm line 501.
	Project::checkout_vid(Project::Math=HASH(0x1ece6cef568), ""43b"") called at D:/Lab_SQA/defects4j/framework/bin/d4j/d4j-checkout line 96
	require D:/Lab_SQA/defects4j/framework/bin/d4j/d4j-checkout called at D:\Lab_SQA\defects4j\framework\bin\defects4j line 195
Compilation failed in require at D:\Lab_SQA\defects4j\framework\bin\defects4j line 195."
Math,44,CATG,default,1,0,False,error,0,0,False,0,0,0,0,0,0,0.0,"STATUS:ERROR:checkout Math-44b failed at D:\Lab_SQA\Defects4J_Projects\Math_44_b: exit=1
Checking out 7980a242 to D:\Lab_SQA\Defects4J_Projects\Math_44_b........... OK
Init local repository...................................................... OK
Tag post-fix revision...................................................... FAIL
Executed command: cd D:\Lab_SQA\Defects4J_Projects\Math_44_b && git init 2>&1 && echo "".svn"" > .gitignore && git add -A 2>&1 && git commit -a -m D4J_Math_44_POST_FIX_REVISION 2>&1 && git tag --no-sign D4J_Math_44_POST_FIX_REVISION 2>&1
Reinitialized existing Git repository in D:/Lab_SQA/Defects4J_Projects/Math_44_b/.git/
error: invalid object 100644 726113711ae1547cb58d4f2ba67a77c63d36d8fe for 'src/main/java/org/apache/commons/math/fraction/ProperBigFractionFormat.java'
error: invalid object 100644 726113711ae1547cb58d4f2ba67a77c63d36d8fe for 'src/main/java/org/apache/commons/math/fraction/ProperBigFractionFormat.java'
error: Error building trees
Couldn't tag post-fix revision! at D:/Lab_SQA/defects4j/framework/core/Project.pm line 434.
	Project::checkout_vid(Project::Math=HASH(0x2eb5665e8c0), ""44b"") called at D:/Lab_SQA/defects4j/framework/bin/d4j/d4j-checkout line 96
	require D:/Lab_SQA/defects4j/framework/bin/d4j/d4j-checkout called at D:\Lab_SQA\defects4j\framework\bin\defects4j line 195
Compilation failed in require at D:\Lab_SQA\defects4j\framework\bin\defects4j line 195."
Math,45,CATG,default,1,0,False,unsupported,0,0,False,0,0,0,0,0,0,0.0,STATUS:target_discovery:no_source_method
Math,46,CATG,default,1,0,False,unsupported,0,0,False,0,0,0,0,0,0,0.0,STATUS:harness_limitation:unsupported_type:double divisor:divide
Math,47,CATG,default,1,0,False,error,0,0,False,0,0,0,0,0,0,0.0,"STATUS:ERROR:checkout Math-47b failed at D:\Lab_SQA\Defects4J_Projects\Math_47_b: exit=128
Checking out 32b0f733 to D:\Lab_SQA\Defects4J_Projects\Math_47_b........... OK
Init local repository...................................................... OK
Tag post-fix revision...................................................... FAIL
Executed command: cd D:\Lab_SQA\Defects4J_Projects\Math_47_b && git init 2>&1 && echo "".svn"" > .gitignore && git add -A 2>&1 && git commit -a -m D4J_Math_47_POST_FIX_REVISION 2>&1 && git tag --no-sign D4J_Math_47_POST_FIX_REVISION 2>&1
Reinitialized existing Git repository in D:/Lab_SQA/Defects4J_Projects/Math_47_b/.git/
fatal: could not parse HEAD
Couldn't tag post-fix revision! at D:/Lab_SQA/defects4j/framework/core/Project.pm line 434.
	Project::checkout_vid(Project::Math=HASH(0x2b916bf62b8), ""47b"") called at D:/Lab_SQA/defects4j/framework/bin/d4j/d4j-checkout line 96
	require D:/Lab_SQA/defects4j/framework/bin/d4j/d4j-checkout called at D:\Lab_SQA\defects4j\framework\bin\defects4j line 195
Compilation failed in require at D:\Lab_SQA\defects4j\framework\bin\defects4j line 195."
Math,48,CATG,default,1,0,False,error,0,0,False,0,0,0,0,0,0,0.0,STATUS:ERROR:worker_exit_without_result
Math,49,CATG,default,1,0,False,unsupported,0,0,False,0,0,0,0,0,0,0.0,STATUS:harness_limitation:unsupported_type:RealVector v:ebeDivide
Math,50,CATG,default,1,0,False,unsupported,0,0,False,0,0,0,0,0,0,0.0,STATUS:harness_limitation:abstract_class:doSolve
Math,51,CATG,default,1,0,False,error,0,0,False,0,0,0,0,0,0,0.0,"STATUS:ERROR:checkout Math-51b failed at D:\Lab_SQA\Defects4J_Projects\Math_51_b: exit=128
Checking out 334c01e6 to D:\Lab_SQA\Defects4J_Projects\Math_51_b........... OK
Init local repository...................................................... OK
Tag post-fix revision...................................................... FAIL
Executed command: cd D:\Lab_SQA\Defects4J_Projects\Math_51_b && git init 2>&1 && echo "".svn"" > .gitignore && git add -A 2>&1 && git commit -a -m D4J_Math_51_POST_FIX_REVISION 2>&1 && git tag --no-sign D4J_Math_51_POST_FIX_REVISION 2>&1
Reinitialized existing Git repository in D:/Lab_SQA/Defects4J_Projects/Math_51_b/.git/
fatal: bad object HEAD
fatal: 'git status --porcelain=2' failed in submodule Defects4J_Projects/Closure_135_b
Couldn't tag post-fix revision! at D:/Lab_SQA/defects4j/framework/core/Project.pm line 434.
	Project::checkout_vid(Project::Math=HASH(0x17a7032ec18), ""51b"") called at D:/Lab_SQA/defects4j/framework/bin/d4j/d4j-checkout line 96
	require D:/Lab_SQA/defects4j/framework/bin/d4j/d4j-checkout called at D:\Lab_SQA\defects4j\framework\bin\defects4j line 195
Compilation failed in require at D:\Lab_SQA\defects4j\framework\bin\defects4j line 195."
Math,52,CATG,default,1,0,False,unsupported,0,0,False,0,0,0,0,0,0,0.0,STATUS:target_discovery:no_source_method
Math,53,CATG,default,1,0,False,error,0,0,False,0,0,0,0,0,0,0.0,"STATUS:ERROR:checkout Math-53b failed at D:\Lab_SQA\Defects4J_Projects\Math_53_b: exit=128
Checking out 2123f780 to D:\Lab_SQA\Defects4J_Projects\Math_53_b........... FAIL
Executed command: git clone D:/Lab_SQA/defects4j/project_repos/commons-math.git D:\Lab_SQA\Defects4J_Projects\Math_53_b 2>&1 && cd D:\Lab_SQA\Defects4J_Projects\Math_53_b && git checkout 2123f7805b1b7aa7f6651f96342e7ef188ff763e 2>&1
Cloning into 'D:\Lab_SQA\Defects4J_Projects\Math_53_b'...
done.
Updating files:  80% (1079/1346)
Updating files:  81% (1091/1346)
Updating files:  82% (1104/1346)
Updating files:  83% (1118/1346)
Updating files:  84% (1131/1346)
Updating files:  85% (1145/1346)
Updating files:  86% (1158/1346)
Updating files:  87% (1172/1346)
Updating files:  88% (1185/1346)
Updating files:  89% (1198/1346)
Updating files:  90% (1212/1346)
Updating files:  91% (1225/1346)
Updating files:  92% (1239/1346)
Updating files:  93% (1252/1346)
Updating files:  94% (1266/1346)
Updating files:  95% (1279/1346)
Updating files:  96% (1293/1346)
Updating files:  97% (1306/1346)
Updating files:  98% (1320/1346)
Updating files:  99% (1333/1346)
Updating files: 100% (1346/1346)
Updating files: 100% (1346/1346), done.
fatal: unable to read tree (2123f7805b1b7aa7f6651f96342e7ef188ff763e)
Cannot checkout program version! at D:/Lab_SQA/defects4j/framework/bin/d4j/d4j-checkout line 96.
Compilation failed in require at D:\Lab_SQA\defects4j\framework\bin\defects4j line 195."
Math,54,CATG,default,1,1,True,completed,0,0,False,996,8,0.8,694,5,0.72,4.89,modified=org.apache.commons.math.dfp.Dfp;target=org.apache.commons.math.dfp.Dfp::toDouble;params=;catg_cases=1
Math,55,CATG,default,1,0,False,unsupported,0,0,False,0,0,0,0,0,0,0.0,STATUS:harness_limitation:unsupported_type:final Vector3D v1:crossProduct
Math,56,CATG,default,1,0,False,unsupported,0,0,False,0,0,0,0,0,0,7.74,STATUS:catg_runtime_interpreter:ClassCastException
Math,57,CATG,default,1,0,False,unsupported,0,0,False,0,0,0,0,0,0,0.0,STATUS:harness_limitation:unsupported_type:final Collection<T> points:chooseInitialCenters
Math,58,CATG,default,1,0,False,error,0,0,False,0,0,0,0,0,0,4.3,"STATUS:ERROR:CATG failed with exit 1:
/d/Lab_SQA/SQA_Project_Group9/CATG/Code/dconcolic: line 334: cd: /d/Lab_SQA/SQA_Project_Group9/CATG/Result_Round2/enhanced/Math_58/catg-state: No such file or directory"
Math,59,CATG,default,1,0,False,unsupported,0,0,False,0,0,0,0,0,0,0.0,STATUS:harness_limitation:unsupported_type:final float a:max
Math,60,CATG,default,1,0,False,unsupported,0,0,False,0,0,0,0,0,0,0.0,STATUS:harness_limitation:unsupported_type:double x:cumulativeProbability
Math,61,CATG,default,1,0,False,error,0,0,False,0,0,0,0,0,0,0.0,"STATUS:ERROR:checkout Math-61b failed at D:\Lab_SQA\Defects4J_Projects\Math_61_b: exit=128
Checking out 4cc9a49d to D:\Lab_SQA\Defects4J_Projects\Math_61_b........... FAIL
Executed command: git clone D:/Lab_SQA/defects4j/project_repos/commons-math.git D:\Lab_SQA\Defects4J_Projects\Math_61_b 2>&1 && cd D:\Lab_SQA\Defects4J_Projects\Math_61_b && git checkout 4cc9a49db12026d043824fbad036918189b43fe8 2>&1
Cloning into 'D:\Lab_SQA\Defects4J_Projects\Math_61_b'...
done.
fatal: unable to read tree (4cc9a49db12026d043824fbad036918189b43fe8)
Cannot checkout program version! at D:/Lab_SQA/defects4j/framework/bin/d4j/d4j-checkout line 96.
Compilation failed in require at D:\Lab_SQA\defects4j\framework\bin\defects4j line 195."
Math,62,CATG,default,1,0,False,unsupported,0,0,False,0,0,0,0,0,0,0.0,STATUS:harness_limitation:unsupported_type:final FUNC f:optimize
Math,63,CATG,default,1,0,False,unsupported,0,0,False,0,0,0,0,0,0,0.0,STATUS:harness_limitation:unsupported_type:double x:equals
Math,64,CATG,default,1,0,False,error,0,0,False,0,0,0,0,0,0,0.0,"STATUS:ERROR:checkout Math-64b failed at D:\Lab_SQA\Defects4J_Projects\Math_64_b: exit=128
Checking out 784e4f69 to D:\Lab_SQA\Defects4J_Projects\Math_64_b........... FAIL
Executed command: git clone D:/Lab_SQA/defects4j/project_repos/commons-math.git D:\Lab_SQA\Defects4J_Projects\Math_64_b 2>&1 && cd D:\Lab_SQA\Defects4J_Projects\Math_64_b && git checkout 784e4f69ec67d511a0620a2b030688f186ebb959 2>&1
Cloning into 'D:\Lab_SQA\Defects4J_Projects\Math_64_b'...
done.
Updating files:  81% (1103/1346)
Updating files:  82% (1104/1346)
Updating files:  83% (1118/1346)
Updating files:  84% (1131/1346)
Updating files:  85% (1145/1346)
Updating files:  86% (1158/1346)
Updating files:  87% (1172/1346)
Updating files:  88% (1185/1346)
Updating files:  89% (1198/1346)
Updating files:  90% (1212/1346)
Updating files:  91% (1225/1346)
Updating files:  92% (1239/1346)
Updating files:  93% (1252/1346)
Updating files:  94% (1266/1346)
Updating files:  95% (1279/1346)
Updating files:  96% (1293/1346)
Updating files:  97% (1306/1346)
Updating files:  98% (1320/1346)
Updating files:  99% (1333/1346)
Updating files: 100% (1346/1346)
Updating files: 100% (1346/1346), done.
fatal: unable to read tree (784e4f69ec67d511a0620a2b030688f186ebb959)
Cannot checkout program version! at D:/Lab_SQA/defects4j/framework/bin/d4j/d4j-checkout line 96.
Compilation failed in require at D:\Lab_SQA\defects4j\framework\bin\defects4j line 195."
Math,65,CATG,default,1,0,False,unsupported,0,0,False,0,0,0,0,0,0,0.0,STATUS:harness_limitation:abstract_class:getRMS
Math,66,CATG,default,1,1,True,completed,1,0,True,102,8,7.84,58,0,0.0,6.11,modified=org.apache.commons.math.optimization.univariate.BrentOptimizer;target=org.apache.commons.math.optimization.univariate.BrentOptimizer::doOptimize;params=;catg_cases=1
Math,67,CATG,default,1,1,True,completed,0,0,False,93,1,1.08,34,0,0.0,5.12,modified=org.apache.commons.math.optimization.MultiStartUnivariateRealOptimizer;target=org.apache.commons.math.optimization.MultiStartUnivariateRealOptimizer::getFunctionValue;params=;catg_cases=1
Math,68,CATG,default,1,0,False,unsupported,0,0,False,0,0,0,0,0,0,4.6,STATUS:catg_runtime_interpreter:ArrayIndexOutOfBoundsException
Math,69,CATG,default,1,0,False,error,0,0,False,0,0,0,0,0,0,0.0,"STATUS:ERROR:generated Java compilation failed:
Picked up JAVA_TOOL_OPTIONS: -Dfile.encoding=UTF-8
javac: file not found: D:\Lab_SQA\SQA_Project_Group9\CATG\Result_Round2\enhanced\Math_69\CatgHarness_c43adc2c34.java
Usage: javac <options> <source files>
use -help for a list of possible options"
Math,70,CATG,default,1,0,False,unsupported,0,0,False,0,0,0,0,0,0,0.0,STATUS:harness_limitation:unsupported_type:final UnivariateRealFunction f:solve
Math,71,CATG,default,1,0,False,unsupported,0,0,False,0,0,0,0,0,0,0.0,STATUS:harness_limitation:unsupported_type:final FirstOrderDifferentialEquations equations:integrate
Math,72,CATG,default,1,0,False,error,0,0,False,0,0,0,0,0,0,0.0,"STATUS:ERROR:checkout Math-72b failed at D:\Lab_SQA\Defects4J_Projects\Math_72_b: exit=1
Checking out a0b4b4b7 to D:\Lab_SQA\Defects4J_Projects\Math_72_b........... OK
Init local repository...................................................... OK
Tag post-fix revision...................................................... OK
Run post-checkout hook..................................................... OK
Excluding broken/flaky tests............................................... OK
Excluding broken/flaky tests............................................... OK
Excluding broken/flaky tests............................................... OK
Initialize fixed program version........................................... OK
Cannot determine how to apply patch!
All attempts failed:
* cd D:\Lab_SQA\Defects4J_Projects\Math_72_b && git apply -p1 --ignore-whitespace --check D:/Lab_SQA/defects4j/framework/projects/Math/patches/72.src.patch 2>&1
error: src/main/java/org/apache/commons/math/analysis/solvers/BrentSolver.java: No such file or directory
* cd D:\Lab_SQA\Defects4J_Projects\Math_72_b && git apply -p0 --ignore-whitespace --check D:/Lab_SQA/defects4j/framework/projects/Math/patches/72.src.patch 2>&1
error: a/src/main/java/org/apache/commons/math/analysis/solvers/BrentSolver.java: No such file or directory
* cd D:\Lab_SQA\Defects4J_Projects\Math_72_b && git apply -p2 --ignore-whitespace --check D:/Lab_SQA/defects4j/framework/projects/Math/patches/72.src.patch 2>&1
error: main/java/org/apache/commons/math/analysis/solvers/BrentSolver.java: No such file or directory
----------------------------------------------------------------------
 at D:/Lab_SQA/defects4j/framework/core/Vcs.pm line 414.
	Vcs::_apply_cmd(Vcs::Git=HASH(0x1b6b1052c28), ""D:\\Lab_SQA\\Defects4J_Projects\\Math_72_b"", ""D:/Lab_SQA/defects4j/framework/projects/Math/patches/72.src.p""..., undef) called at D:/Lab_SQA/defects4j/framework/core/Vcs.pm line 375
	Vcs::apply_patch(Vcs::Git=HASH(0x1b6b1052c28), ""D:\\Lab_SQA\\Defects4J_Projects\\Math_72_b"", ""D:/Lab_SQA/defects4j/framework/projects/Math/patches/72.src.p""...) called at D:/Lab_SQA/defects4j/framework/core/Project.pm line 1084
	Project::apply_patch(Project::Math=HASH(0x1b6b1052bb0), ""D:\\Lab_SQA\\Defects4J_Projects\\Math_72_b"", ""D:/Lab_SQA/defects4j/framework/projects/Math/patches/72.src.p""...) called at D:/Lab_SQA/defects4j/framework/core/Project.pm line 484
	Project::checkout_vid(Project::Math=HASH(0x1b6b1052bb0), ""72b"") called at D:/Lab_SQA/defects4j/framework/bin/d4j/d4j-checkout line 96
	require D:/Lab_SQA/defects4j/framework/bin/d4j/d4j-checkout called at D:\Lab_SQA\defects4j\framework\bin\defects4j line 195
Compilation failed in require at D:\Lab_SQA\defects4j\framework\bin\defects4j line 195."
Math,73,CATG,default,1,0,False,error,0,0,False,0,0,0,0,0,0,0.0,"STATUS:ERROR:checkout Math-73b failed at D:\Lab_SQA\Defects4J_Projects\Math_73_b: exit=1
Checking out f6dd42b4 to D:\Lab_SQA\Defects4J_Projects\Math_73_b........... OK
Init local repository...................................................... OK
Tag post-fix revision...................................................... OK
Run post-checkout hook..................................................... OK
Excluding broken/flaky tests............................................... OK
Excluding broken/flaky tests............................................... OK
Excluding broken/flaky tests............................................... OK
Initialize fixed program version........................................... FAIL
Executed command: cd D:\Lab_SQA\Defects4J_Projects\Math_73_b && git add -A 2>&1 && git commit -a -m ""D4J_Math_73_FIXED_VERSION"" 2>&1 && git tag --no-sign D4J_Math_73_FIXED_VERSION 2>&1
HEAD detached from f6dd42b4f
nothing to commit, working tree clean
Couldn't tag fixed program version! at D:/Lab_SQA/defects4j/framework/core/Project.pm line 478.
	Project::checkout_vid(Project::Math=HASH(0x160496c5d60), ""73b"") called at D:/Lab_SQA/defects4j/framework/bin/d4j/d4j-checkout line 96
	require D:/Lab_SQA/defects4j/framework/bin/d4j/d4j-checkout called at D:\Lab_SQA\defects4j\framework\bin\defects4j line 195
Compilation failed in require at D:\Lab_SQA\defects4j\framework\bin\defects4j line 195."
Math,74,CATG,default,1,0,False,error,0,0,False,0,0,0,0,0,0,0.0,"STATUS:ERROR:checkout Math-74b failed at D:\Lab_SQA\Defects4J_Projects\Math_74_b: exit=1
Checking out 8dd22390 to D:\Lab_SQA\Defects4J_Projects\Math_74_b........... OK
Init local repository...................................................... OK
Tag post-fix revision...................................................... OK
Run post-checkout hook..................................................... OK
Excluding broken/flaky tests............................................... OK
Excluding broken/flaky tests............................................... OK
Excluding broken/flaky tests............................................... OK
Initialize fixed program version........................................... OK
Apply patch................................................................ OK
Initialize buggy program version........................................... OK
Couldn't checkout POST_FIX_REVISION at D:/Lab_SQA/defects4j/framework/core/Project.pm line 501.
	Project::checkout_vid(Project::Math=HASH(0x174ae96b1b0), ""74b"") called at D:/Lab_SQA/defects4j/framework/bin/d4j/d4j-checkout line 96
	require D:/Lab_SQA/defects4j/framework/bin/d4j/d4j-checkout called at D:\Lab_SQA\defects4j\framework\bin\defects4j line 195
Compilation failed in require at D:\Lab_SQA\defects4j\framework\bin\defects4j line 195."
Math,75,CATG,default,1,0,False,error,0,0,False,0,0,0,0,0,0,0.0,"STATUS:ERROR:checkout Math-75b failed at D:\Lab_SQA\Defects4J_Projects\Math_75_b: exit=1
Checking out 6dd3724b to D:\Lab_SQA\Defects4J_Projects\Math_75_b........... OK
Init local repository...................................................... OK
Tag post-fix revision...................................................... FAIL
Executed command: cd D:\Lab_SQA\Defects4J_Projects\Math_75_b && git init 2>&1 && echo "".svn"" > .gitignore && git add -A 2>&1 && git commit -a -m D4J_Math_75_POST_FIX_REVISION 2>&1 && git tag --no-sign D4J_Math_75_POST_FIX_REVISION 2>&1
Reinitialized existing Git repository in D:/Lab_SQA/Defects4J_Projects/Math_75_b/.git/
error: invalid object 100644 8e51e3f6e1c5a1055d5ab81336590309493a45e7 for 'src/experimental/org/apache/commons/math/analysis/derivative/AbstractDifferenceDerivative.java'
error: invalid object 100644 8e51e3f6e1c5a1055d5ab81336590309493a45e7 for 'src/experimental/org/apache/commons/math/analysis/derivative/AbstractDifferenceDerivative.java'
error: Error building trees
Couldn't tag post-fix revision! at D:/Lab_SQA/defects4j/framework/core/Project.pm line 434.
	Project::checkout_vid(Project::Math=HASH(0x29afa8344c8), ""75b"") called at D:/Lab_SQA/defects4j/framework/bin/d4j/d4j-checkout line 96
	require D:/Lab_SQA/defects4j/framework/bin/d4j/d4j-checkout called at D:\Lab_SQA\defects4j\framework\bin\defects4j line 195
Compilation failed in require at D:\Lab_SQA\defects4j\framework\bin\defects4j line 195."
Math,76,CATG,default,1,0,False,error,0,0,False,0,0,0,0,0,0,0.0,"STATUS:ERROR:checkout Math-76b failed at D:\Lab_SQA\Defects4J_Projects\Math_76_b: exit=128
Checking out b2f3f6db to D:\Lab_SQA\Defects4J_Projects\Math_76_b........... OK
Init local repository...................................................... OK
Tag post-fix revision...................................................... FAIL
Executed command: cd D:\Lab_SQA\Defects4J_Projects\Math_76_b && git init 2>&1 && echo "".svn"" > .gitignore && git add -A 2>&1 && git commit -a -m D4J_Math_76_POST_FIX_REVISION 2>&1 && git tag --no-sign D4J_Math_76_POST_FIX_REVISION 2>&1
Reinitialized existing Git repository in D:/Lab_SQA/Defects4J_Projects/Math_76_b/.git/
fatal: could not parse HEAD
Couldn't tag post-fix revision! at D:/Lab_SQA/defects4j/framework/core/Project.pm line 434.
	Project::checkout_vid(Project::Math=HASH(0x134a35948f0), ""76b"") called at D:/Lab_SQA/defects4j/framework/bin/d4j/d4j-checkout line 96
	require D:/Lab_SQA/defects4j/framework/bin/d4j/d4j-checkout called at D:\Lab_SQA\defects4j\framework\bin\defects4j line 195
Compilation failed in require at D:\Lab_SQA\defects4j\framework\bin\defects4j line 195."
Math,77,CATG,default,1,0,False,error,0,0,False,0,0,0,0,0,0,0.0,"STATUS:ERROR:checkout Math-77b failed at D:\Lab_SQA\Defects4J_Projects\Math_77_b: exit=128
Checking out ce185345 to D:\Lab_SQA\Defects4J_Projects\Math_77_b........... OK
Init local repository...................................................... OK
Tag post-fix revision...................................................... FAIL
Executed command: cd D:\Lab_SQA\Defects4J_Projects\Math_77_b && git init 2>&1 && echo "".svn"" > .gitignore && git add -A 2>&1 && git commit -a -m D4J_Math_77_POST_FIX_REVISION 2>&1 && git tag --no-sign D4J_Math_77_POST_FIX_REVISION 2>&1
Reinitialized existing Git repository in D:/Lab_SQA/Defects4J_Projects/Math_77_b/.git/
fatal: could not parse HEAD
Couldn't tag post-fix revision! at D:/Lab_SQA/defects4j/framework/core/Project.pm line 434.
	Project::checkout_vid(Project::Math=HASH(0x1c03db80de8), ""77b"") called at D:/Lab_SQA/defects4j/framework/bin/d4j/d4j-checkout line 96
	require D:/Lab_SQA/defects4j/framework/bin/d4j/d4j-checkout called at D:\Lab_SQA\defects4j\framework\bin\defects4j line 195
Compilation failed in require at D:\Lab_SQA\defects4j\framework\bin\defects4j line 195."
Math,78,CATG,default,1,0,False,error,0,0,False,0,0,0,0,0,0,0.0,"STATUS:ERROR:checkout Math-78b failed at D:\Lab_SQA\Defects4J_Projects\Math_78_b: exit=128
Checking out f7c0b403 to D:\Lab_SQA\Defects4J_Projects\Math_78_b........... OK
Init local repository...................................................... OK
Tag post-fix revision...................................................... FAIL
Executed command: cd D:\Lab_SQA\Defects4J_Projects\Math_78_b && git init 2>&1 && echo "".svn"" > .gitignore && git add -A 2>&1 && git commit -a -m D4J_Math_78_POST_FIX_REVISION 2>&1 && git tag --no-sign D4J_Math_78_POST_FIX_REVISION 2>&1
Reinitialized existing Git repository in D:/Lab_SQA/Defects4J_Projects/Math_78_b/.git/
fatal: could not parse HEAD
Couldn't tag post-fix revision! at D:/Lab_SQA/defects4j/framework/core/Project.pm line 434.
	Project::checkout_vid(Project::Math=HASH(0x270039f1af8), ""78b"") called at D:/Lab_SQA/defects4j/framework/bin/d4j/d4j-checkout line 96
	require D:/Lab_SQA/defects4j/framework/bin/d4j/d4j-checkout called at D:\Lab_SQA\defects4j\framework\bin\defects4j line 195
Compilation failed in require at D:\Lab_SQA\defects4j\framework\bin\defects4j line 195."
Math,79,CATG,default,1,0,False,error,0,0,False,0,0,0,0,0,0,0.0,"STATUS:ERROR:checkout Math-79b failed at D:\Lab_SQA\Defects4J_Projects\Math_79_b: exit=128
Checking out ef9b639a to D:\Lab_SQA\Defects4J_Projects\Math_79_b........... OK
Init local repository...................................................... OK
Tag post-fix revision...................................................... FAIL
Executed command: cd D:\Lab_SQA\Defects4J_Projects\Math_79_b && git init 2>&1 && echo "".svn"" > .gitignore && git add -A 2>&1 && git commit -a -m D4J_Math_79_POST_FIX_REVISION 2>&1 && git tag --no-sign D4J_Math_79_POST_FIX_REVISION 2>&1
Reinitialized existing Git repository in D:/Lab_SQA/Defects4J_Projects/Math_79_b/.git/
fatal: could not parse HEAD
Couldn't tag post-fix revision! at D:/Lab_SQA/defects4j/framework/core/Project.pm line 434.
	Project::checkout_vid(Project::Math=HASH(0x1fe18efd868), ""79b"") called at D:/Lab_SQA/defects4j/framework/bin/d4j/d4j-checkout line 96
	require D:/Lab_SQA/defects4j/framework/bin/d4j/d4j-checkout called at D:\Lab_SQA\defects4j\framework\bin\defects4j line 195
Compilation failed in require at D:\Lab_SQA\defects4j\framework\bin\defects4j line 195."
Math,80,CATG,default,1,0,False,error,0,0,False,0,0,0,0,0,0,0.0,"STATUS:ERROR:checkout Math-80b failed at D:\Lab_SQA\Defects4J_Projects\Math_80_b: exit=128
Checking out 83f18d52 to D:\Lab_SQA\Defects4J_Projects\Math_80_b........... OK
Init local repository...................................................... OK
Tag post-fix revision...................................................... FAIL
Executed command: cd D:\Lab_SQA\Defects4J_Projects\Math_80_b && git init 2>&1 && echo "".svn"" > .gitignore && git add -A 2>&1 && git commit -a -m D4J_Math_80_POST_FIX_REVISION 2>&1 && git tag --no-sign D4J_Math_80_POST_FIX_REVISION 2>&1
Reinitialized existing Git repository in D:/Lab_SQA/Defects4J_Projects/Math_80_b/.git/
fatal: could not parse HEAD
Couldn't tag post-fix revision! at D:/Lab_SQA/defects4j/framework/core/Project.pm line 434.
	Project::checkout_vid(Project::Math=HASH(0x22ee673d498), ""80b"") called at D:/Lab_SQA/defects4j/framework/bin/d4j/d4j-checkout line 96
	require D:/Lab_SQA/defects4j/framework/bin/d4j/d4j-checkout called at D:\Lab_SQA\defects4j\framework\bin\defects4j line 195
Compilation failed in require at D:\Lab_SQA\defects4j\framework\bin\defects4j line 195."
Math,81,CATG,default,1,0,False,unsupported,0,0,False,0,0,0,0,0,0,4.87,STATUS:catg_runtime_interpreter:ClassCastException
Math,82,CATG,default,1,0,False,unsupported,0,0,False,0,0,0,0,0,0,0.0,STATUS:harness_limitation:unsupported_type:final SimplexTableau tableau:getPivotRow
Math,83,CATG,default,1,1,True,completed,0,0,False,155,0,0.0,92,0,0.0,6.94,modified=org.apache.commons.math.optimization.linear.SimplexTableau;target=org.apache.commons.math.optimization.linear.SimplexTableau::getSolution;params=;catg_cases=1
Math,84,CATG,default,1,0,False,unsupported,0,0,False,0,0,0,0,0,0,0.0,STATUS:harness_limitation:unsupported_type:final Comparator<RealPointValuePair> comparator:iterateSimplex
Math,85,CATG,default,1,0,False,unsupported,0,0,False,0,0,0,0,0,0,0.0,STATUS:harness_limitation:unsupported_type:UnivariateRealFunction function:bracket
Math,86,CATG,default,1,0,False,unsupported,0,0,False,0,0,0,0,0,0,0.0,STATUS:target_discovery:no_source_method
Math,87,CATG,default,1,0,False,error,0,0,False,0,0,0,0,0,0,0.0,"STATUS:ERROR:checkout Math-87b failed at D:\Lab_SQA\Defects4J_Projects\Math_87_b: exit=1
Checking out 59434c2d to D:\Lab_SQA\Defects4J_Projects\Math_87_b........... OK
Init local repository...................................................... OK
Tag post-fix revision...................................................... OK
Run post-checkout hook..................................................... OK
Excluding broken/flaky tests............................................... OK
Excluding broken/flaky tests............................................... OK
Excluding broken/flaky tests............................................... OK
Initialize fixed program version........................................... FAIL
Executed command: cd D:\Lab_SQA\Defects4J_Projects\Math_87_b && git add -A 2>&1 && git commit -a -m ""D4J_Math_87_FIXED_VERSION"" 2>&1 && git tag --no-sign D4J_Math_87_FIXED_VERSION 2>&1
HEAD detached from 59434c2dc
nothing to commit, working tree clean
Couldn't tag fixed program version! at D:/Lab_SQA/defects4j/framework/core/Project.pm line 478.
	Project::checkout_vid(Project::Math=HASH(0x24f788b8270), ""87b"") called at D:/Lab_SQA/defects4j/framework/bin/d4j/d4j-checkout line 96
	require D:/Lab_SQA/defects4j/framework/bin/d4j/d4j-checkout called at D:\Lab_SQA\defects4j\framework\bin\defects4j line 195
Compilation failed in require at D:\Lab_SQA\defects4j\framework\bin\defects4j line 195."
Math,88,CATG,default,1,0,False,error,0,0,False,0,0,0,0,0,0,0.0,"STATUS:ERROR:checkout Math-88b failed at D:\Lab_SQA\Defects4J_Projects\Math_88_b: exit=1
Checking out ed813abf to D:\Lab_SQA\Defects4J_Projects\Math_88_b........... OK
Init local repository...................................................... OK
Tag post-fix revision...................................................... OK
Run post-checkout hook..................................................... OK
Excluding broken/flaky tests............................................... OK
Excluding broken/flaky tests............................................... OK
Excluding broken/flaky tests............................................... OK
Initialize fixed program version........................................... FAIL
Executed command: cd D:\Lab_SQA\Defects4J_Projects\Math_88_b && git add -A 2>&1 && git commit -a -m ""D4J_Math_88_FIXED_VERSION"" 2>&1 && git tag --no-sign D4J_Math_88_FIXED_VERSION 2>&1
HEAD detached from ed813abf7
nothing to commit, working tree clean
Couldn't tag fixed program version! at D:/Lab_SQA/defects4j/framework/core/Project.pm line 478.
	Project::checkout_vid(Project::Math=HASH(0x1c65a6f4088), ""88b"") called at D:/Lab_SQA/defects4j/framework/bin/d4j/d4j-checkout line 96
	require D:/Lab_SQA/defects4j/framework/bin/d4j/d4j-checkout called at D:\Lab_SQA\defects4j\framework\bin\defects4j line 195
Compilation failed in require at D:\Lab_SQA\defects4j\framework\bin\defects4j line 195."
Math,89,CATG,default,1,0,False,error,0,0,False,0,0,0,0,0,0,0.0,"STATUS:ERROR:checkout Math-89b failed at D:\Lab_SQA\Defects4J_Projects\Math_89_b: exit=1
Checking out 392e2c45 to D:\Lab_SQA\Defects4J_Projects\Math_89_b........... OK
Init local repository...................................................... OK
Tag post-fix revision...................................................... OK
Run post-checkout hook..................................................... OK
Excluding broken/flaky tests............................................... OK
Excluding broken/flaky tests............................................... OK
Excluding broken/flaky tests............................................... OK
Initialize fixed program version........................................... FAIL
Executed command: cd D:\Lab_SQA\Defects4J_Projects\Math_89_b && git add -A 2>&1 && git commit -a -m ""D4J_Math_89_FIXED_VERSION"" 2>&1 && git tag --no-sign D4J_Math_89_FIXED_VERSION 2>&1
HEAD detached from 392e2c455
nothing to commit, working tree clean
Couldn't tag fixed program version! at D:/Lab_SQA/defects4j/framework/core/Project.pm line 478.
	Project::checkout_vid(Project::Math=HASH(0x207b817c5a0), ""89b"") called at D:/Lab_SQA/defects4j/framework/bin/d4j/d4j-checkout line 96
	require D:/Lab_SQA/defects4j/framework/bin/d4j/d4j-checkout called at D:\Lab_SQA\defects4j\framework\bin\defects4j line 195
Compilation failed in require at D:\Lab_SQA\defects4j\framework\bin\defects4j line 195."
Math,90,CATG,default,1,0,False,error,0,0,False,0,0,0,0,0,0,0.0,"STATUS:ERROR:checkout Math-90b failed at D:\Lab_SQA\Defects4J_Projects\Math_90_b: exit=1
Checking out aa13ac4d to D:\Lab_SQA\Defects4J_Projects\Math_90_b........... OK
Init local repository...................................................... OK
Tag post-fix revision...................................................... OK
Run post-checkout hook..................................................... OK
Excluding broken/flaky tests............................................... OK
Excluding broken/flaky tests............................................... OK
Excluding broken/flaky tests............................................... OK
Initialize fixed program version........................................... FAIL
Executed command: cd D:\Lab_SQA\Defects4J_Projects\Math_90_b && git add -A 2>&1 && git commit -a -m ""D4J_Math_90_FIXED_VERSION"" 2>&1 && git tag --no-sign D4J_Math_90_FIXED_VERSION 2>&1
HEAD detached from aa13ac4d7
nothing to commit, working tree clean
Couldn't tag fixed program version! at D:/Lab_SQA/defects4j/framework/core/Project.pm line 478.
	Project::checkout_vid(Project::Math=HASH(0x1a5a700e630), ""90b"") called at D:/Lab_SQA/defects4j/framework/bin/d4j/d4j-checkout line 96
	require D:/Lab_SQA/defects4j/framework/bin/d4j/d4j-checkout called at D:\Lab_SQA\defects4j\framework\bin\defects4j line 195
Compilation failed in require at D:\Lab_SQA\defects4j\framework\bin\defects4j line 195."
Math,91,CATG,default,1,0,False,unsupported,0,0,False,0,0,0,0,0,0,0.0,STATUS:harness_limitation:unsupported_type:Fraction object:compareTo
Math,92,CATG,default,1,0,False,unsupported,0,0,False,0,0,0,0,0,0,4.66,STATUS:catg_runtime_interpreter:ClassCastException
Math,93,CATG,default,1,0,False,error,0,0,False,0,0,0,0,0,0,0.0,"STATUS:ERROR:checkout Math-93b failed at D:\Lab_SQA\Defects4J_Projects\Math_93_b: exit=128
Checking out e4886c0a to D:\Lab_SQA\Defects4J_Projects\Math_93_b........... OK
Init local repository...................................................... OK
Tag post-fix revision...................................................... FAIL
Executed command: cd D:\Lab_SQA\Defects4J_Projects\Math_93_b && git init 2>&1 && echo "".svn"" > .gitignore && git add -A 2>&1 && git commit -a -m D4J_Math_93_POST_FIX_REVISION 2>&1 && git tag --no-sign D4J_Math_93_POST_FIX_REVISION 2>&1
Reinitialized existing Git repository in D:/Lab_SQA/Defects4J_Projects/Math_93_b/.git/
fatal: could not parse HEAD
Couldn't tag post-fix revision! at D:/Lab_SQA/defects4j/framework/core/Project.pm line 434.
	Project::checkout_vid(Project::Math=HASH(0x1bf39e81138), ""93b"") called at D:/Lab_SQA/defects4j/framework/bin/d4j/d4j-checkout line 96
	require D:/Lab_SQA/defects4j/framework/bin/d4j/d4j-checkout called at D:\Lab_SQA\defects4j\framework\bin\defects4j line 195
Compilation failed in require at D:\Lab_SQA\defects4j\framework\bin\defects4j line 195."
Math,94,CATG,default,1,0,False,error,0,0,False,0,0,0,0,0,0,0.0,"STATUS:ERROR:checkout Math-94b failed at D:\Lab_SQA\Defects4J_Projects\Math_94_b: exit=2
Checking out dabf3a5b to D:\Lab_SQA\Defects4J_Projects\Math_94_b........... OK
Init local repository...................................................... OK
Tag post-fix revision...................................................... OK
Unknown layout for revision: dabf3a5beb9ab697d570154b9961078a8586c787 at D:/Lab_SQA/defects4j/framework/core/Project/Math.pm line 67.
Compilation failed in require at D:\Lab_SQA\defects4j\framework\bin\defects4j line 195."
Math,95,CATG,default,1,0,False,unsupported,0,0,False,0,0,0,0,0,0,0.0,STATUS:harness_limitation:unsupported_type:double p:getInitialDomain
Math,96,CATG,default,1,0,False,unsupported,0,0,False,0,0,0,0,0,0,0.0,STATUS:harness_limitation:unsupported_type:Object other:equals
Math,97,CATG,default,1,0,False,error,0,0,False,0,0,0,0,0,0,0.0,STATUS:ERROR:[WinError 145] The directory is not empty: 'D:\\Lab_SQA\\Defects4J_Projects\\Math_97_b\\.git'
Math,98,CATG,default,1,0,False,unsupported,0,0,False,0,0,0,0,0,0,0.0,STATUS:harness_limitation:unsupported_type:BigDecimal[] v:operate
Math,99,CATG,default,1,0,False,unsupported,0,0,False,0,0,0,0,0,0,4.66,STATUS:catg_runtime_interpreter:ClassCastException
Math,100,CATG,default,1,0,False,error,0,0,False,0,0,0,0,0,0,0.0,"STATUS:ERROR:checkout Math-100b failed at D:\Lab_SQA\Defects4J_Projects\Math_100_b: exit=128
Checking out 2c443ab8 to D:\Lab_SQA\Defects4J_Projects\Math_100_b.......... FAIL
Executed command: git clone D:/Lab_SQA/defects4j/project_repos/commons-math.git D:\Lab_SQA\Defects4J_Projects\Math_100_b 2>&1 && cd D:\Lab_SQA\Defects4J_Projects\Math_100_b && git checkout 2c443ab8b0efce5485f63eed62213091a188c993 2>&1
Cloning into 'D:\Lab_SQA\Defects4J_Projects\Math_100_b'...
done.
fatal: unable to read tree (2c443ab8b0efce5485f63eed62213091a188c993)
Cannot checkout program version! at D:/Lab_SQA/defects4j/framework/bin/d4j/d4j-checkout line 96.
Compilation failed in require at D:\Lab_SQA\defects4j\framework\bin\defects4j line 195."
Math,101,CATG,default,1,0,False,unsupported,0,0,False,0,0,0,0,0,0,0.0,STATUS:harness_limitation:unsupported_type:ParsePosition pos:parse
Math,102,CATG,default,1,0,False,unsupported,0,0,False,0,0,0,0,0,0,0.0,STATUS:harness_limitation:unsupported_type:double[] expected:chiSquare
Math,103,CATG,default,1,0,False,unsupported,0,0,False,0,0,0,0,0,0,0.0,STATUS:harness_limitation:unsupported_type:double x:cumulativeProbability
Math,104,CATG,default,1,0,False,unsupported,0,0,False,0,0,0,0,0,0,0.0,STATUS:target_discovery:no_source_method
Math,105,CATG,default,1,0,False,unsupported,0,0,False,0,0,0,0,0,0,2.33,STATUS:catg_runtime_interpreter:ClassCastException
Math,106,CATG,default,1,0,False,unsupported,0,0,False,0,0,0,0,0,0,0.0,STATUS:harness_limitation:unsupported_type:ParsePosition pos:parse
Mockito,1,CATG,default,1,0,False,error,0,0,False,0,0,0,0,0,0,0.0,"STATUS:ERROR:compile D:\Lab_SQA\Defects4J_Projects\Mockito_1_b failed:

Running ant (compile)...................................................... FAIL
Executed command:  cd D:\Lab_SQA\Defects4J_Projects\Mockito_1_b && ant -f D:/Lab_SQA/defects4j/framework/projects/defects4j.build.xml -Dd4j.home=D:/Lab_SQA/defects4j -Dd4j.dir.projects=D:/Lab_SQA/defects4j/framework/projects -Dbasedir=D:\Lab_SQA\Defects4J_Projects\Mockito_1_b  compile 2>&1
'ant' is not recognized as an internal or external command,
operable program or batch file.
Cannot compile sources! at D:/Lab_SQA/defects4j/framework/bin/d4j/d4j-compile line 82.
Compilation failed in require at D:\Lab_SQA\defects4j\framework\bin\defects4j line 195.
"
Mockito,2,CATG,default,1,0,False,error,0,0,False,0,0,0,0,0,0,0.0,"STATUS:ERROR:checkout Mockito-2b failed at D:\Lab_SQA\Defects4J_Projects\Mockito_2_b: exit=1
Checking out 80452c7a to D:\Lab_SQA\Defects4J_Projects\Mockito_2_b......... OK
Init local repository...................................................... OK
Tag post-fix revision...................................................... OK
find: missing argument to `-exec'
sed: -e expression #1, char 84: unterminated `s' command
Run post-checkout hook..................................................... OK
Excluding broken/flaky tests............................................... OK
Excluding broken/flaky tests............................................... OK
Excluding broken/flaky tests............................................... OK
Initialize fixed program version........................................... FAIL
Executed command: cd D:\Lab_SQA\Defects4J_Projects\Mockito_2_b && git add -A 2>&1 && git commit -a -m ""D4J_Mockito_2_FIXED_VERSION"" 2>&1 && git tag --no-sign D4J_Mockito_2_FIXED_VERSION 2>&1
HEAD detached from 80452c7a4
nothing to commit, working tree clean
Couldn't tag fixed program version! at D:/Lab_SQA/defects4j/framework/core/Project.pm line 478.
	Project::checkout_vid(Project::Mockito=HASH(0x1f3f8bafd38), ""2b"") called at D:/Lab_SQA/defects4j/framework/bin/d4j/d4j-checkout line 96
	require D:/Lab_SQA/defects4j/framework/bin/d4j/d4j-checkout called at D:\Lab_SQA\defects4j\framework\bin\defects4j line 195
Compilation failed in require at D:\Lab_SQA\defects4j\framework\bin\defects4j line 195."
Mockito,3,CATG,default,1,0,False,error,0,0,False,0,0,0,0,0,0,0.0,"STATUS:ERROR:checkout Mockito-3b failed at D:\Lab_SQA\Defects4J_Projects\Mockito_3_b: exit=1
Checking out 3eec7451 to D:\Lab_SQA\Defects4J_Projects\Mockito_3_b......... OK
Init local repository...................................................... OK
Tag post-fix revision...................................................... OK
find: missing argument to `-exec'
sed: -e expression #1, char 84: unterminated `s' command
Run post-checkout hook..................................................... OK
Excluding broken/flaky tests............................................... OK
Excluding broken/flaky tests............................................... OK
Excluding broken/flaky tests............................................... OK
Initialize fixed program version........................................... FAIL
Executed command: cd D:\Lab_SQA\Defects4J_Projects\Mockito_3_b && git add -A 2>&1 && git commit -a -m ""D4J_Mockito_3_FIXED_VERSION"" 2>&1 && git tag --no-sign D4J_Mockito_3_FIXED_VERSION 2>&1
warning: in the working copy of 'buildSrc/build.gradle', LF will be replaced by CRLF the next time Git touches it
warning: in the working copy of 'gradle/wrapper/gradle-wrapper.properties', LF will be replaced by CRLF the next time Git touches it
HEAD detached from 3eec7451d
nothing to commit, working tree clean
Couldn't tag fixed program version! at D:/Lab_SQA/defects4j/framework/core/Project.pm line 478.
	Project::checkout_vid(Project::Mockito=HASH(0x1eaf8993008), ""3b"") called at D:/Lab_SQA/defects4j/framework/bin/d4j/d4j-checkout line 96
	require D:/Lab_SQA/defects4j/framework/bin/d4j/d4j-checkout called at D:\Lab_SQA\defects4j\framework\bin\defects4j line 195
Compilation failed in require at D:\Lab_SQA\defects4j\framework\bin\defects4j line 195."
Mockito,4,CATG,default,1,0,False,error,0,0,False,0,0,0,0,0,0,0.0,"STATUS:ERROR:checkout Mockito-4b failed at D:\Lab_SQA\Defects4J_Projects\Mockito_4_b: exit=1
Checking out 42b391d4 to D:\Lab_SQA\Defects4J_Projects\Mockito_4_b......... OK
Init local repository...................................................... OK
Tag post-fix revision...................................................... OK
find: missing argument to `-exec'
sed: -e expression #1, char 84: unterminated `s' command
Run post-checkout hook..................................................... OK
Excluding broken/flaky tests............................................... OK
Excluding broken/flaky tests............................................... OK
Excluding broken/flaky tests............................................... OK
Initialize fixed program version........................................... FAIL
Executed command: cd D:\Lab_SQA\Defects4J_Projects\Mockito_4_b && git add -A 2>&1 && git commit -a -m ""D4J_Mockito_4_FIXED_VERSION"" 2>&1 && git tag --no-sign D4J_Mockito_4_FIXED_VERSION 2>&1
HEAD detached from 42b391d42
nothing to commit, working tree clean
Couldn't tag fixed program version! at D:/Lab_SQA/defects4j/framework/core/Project.pm line 478.
	Project::checkout_vid(Project::Mockito=HASH(0x1aac7682328), ""4b"") called at D:/Lab_SQA/defects4j/framework/bin/d4j/d4j-checkout line 96
	require D:/Lab_SQA/defects4j/framework/bin/d4j/d4j-checkout called at D:\Lab_SQA\defects4j\framework\bin\defects4j line 195
Compilation failed in require at D:\Lab_SQA\defects4j\framework\bin\defects4j line 195."
Mockito,5,CATG,default,1,0,False,error,0,0,False,0,0,0,0,0,0,0.0,"STATUS:ERROR:checkout Mockito-5b failed at D:\Lab_SQA\Defects4J_Projects\Mockito_5_b: exit=1
Checking out 42a24dde to D:\Lab_SQA\Defects4J_Projects\Mockito_5_b......... OK
Init local repository...................................................... OK
Tag post-fix revision...................................................... OK
find: missing argument to `-exec'
sed: -e expression #1, char 84: unterminated `s' command
Run post-checkout hook..................................................... OK
Excluding broken/flaky tests............................................... OK
Excluding broken/flaky tests............................................... OK
Excluding broken/flaky tests............................................... OK
Initialize fixed program version........................................... FAIL
Executed command: cd D:\Lab_SQA\Defects4J_Projects\Mockito_5_b && git add -A 2>&1 && git commit -a -m ""D4J_Mockito_5_FIXED_VERSION"" 2>&1 && git tag --no-sign D4J_Mockito_5_FIXED_VERSION 2>&1
HEAD detached from 42a24dde0
nothing to commit, working tree clean
Couldn't tag fixed program version! at D:/Lab_SQA/defects4j/framework/core/Project.pm line 478.
	Project::checkout_vid(Project::Mockito=HASH(0x1829bb7fcd8), ""5b"") called at D:/Lab_SQA/defects4j/framework/bin/d4j/d4j-checkout line 96
	require D:/Lab_SQA/defects4j/framework/bin/d4j/d4j-checkout called at D:\Lab_SQA\defects4j\framework\bin\defects4j line 195
Compilation failed in require at D:\Lab_SQA\defects4j\framework\bin\defects4j line 195."
Mockito,6,CATG,default,1,0,False,error,0,0,False,0,0,0,0,0,0,0.0,"STATUS:ERROR:checkout Mockito-6b failed at D:\Lab_SQA\Defects4J_Projects\Mockito_6_b: exit=1
Checking out dc205824 to D:\Lab_SQA\Defects4J_Projects\Mockito_6_b......... OK
Init local repository...................................................... OK
Tag post-fix revision...................................................... OK
find: missing argument to `-exec'
sed: -e expression #1, char 84: unterminated `s' command
Run post-checkout hook..................................................... OK
Excluding broken/flaky tests............................................... OK
Excluding broken/flaky tests............................................... OK
Excluding broken/flaky tests............................................... OK
Initialize fixed program version........................................... FAIL
Executed command: cd D:\Lab_SQA\Defects4J_Projects\Mockito_6_b && git add -A 2>&1 && git commit -a -m ""D4J_Mockito_6_FIXED_VERSION"" 2>&1 && git tag --no-sign D4J_Mockito_6_FIXED_VERSION 2>&1
HEAD detached from dc205824d
nothing to commit, working tree clean
Couldn't tag fixed program version! at D:/Lab_SQA/defects4j/framework/core/Project.pm line 478.
	Project::checkout_vid(Project::Mockito=HASH(0x185b604df38), ""6b"") called at D:/Lab_SQA/defects4j/framework/bin/d4j/d4j-checkout line 96
	require D:/Lab_SQA/defects4j/framework/bin/d4j/d4j-checkout called at D:\Lab_SQA\defects4j\framework\bin\defects4j line 195
Compilation failed in require at D:\Lab_SQA\defects4j\framework\bin\defects4j line 195."
Mockito,7,CATG,default,1,0,False,error,0,0,False,0,0,0,0,0,0,0.0,"STATUS:ERROR:checkout Mockito-7b failed at D:\Lab_SQA\Defects4J_Projects\Mockito_7_b: exit=1
Checking out 0aaa36ce to D:\Lab_SQA\Defects4J_Projects\Mockito_7_b......... OK
Init local repository...................................................... OK
Tag post-fix revision...................................................... OK
find: missing argument to `-exec'
sed: -e expression #1, char 84: unterminated `s' command
Run post-checkout hook..................................................... OK
Excluding broken/flaky tests............................................... OK
Excluding broken/flaky tests............................................... OK
Excluding broken/flaky tests............................................... OK
Initialize fixed program version........................................... FAIL
Executed command: cd D:\Lab_SQA\Defects4J_Projects\Mockito_7_b && git add -A 2>&1 && git commit -a -m ""D4J_Mockito_7_FIXED_VERSION"" 2>&1 && git tag --no-sign D4J_Mockito_7_FIXED_VERSION 2>&1
HEAD detached from 0aaa36ce6
nothing to commit, working tree clean
Couldn't tag fixed program version! at D:/Lab_SQA/defects4j/framework/core/Project.pm line 478.
	Project::checkout_vid(Project::Mockito=HASH(0x2e68866f948), ""7b"") called at D:/Lab_SQA/defects4j/framework/bin/d4j/d4j-checkout line 96
	require D:/Lab_SQA/defects4j/framework/bin/d4j/d4j-checkout called at D:\Lab_SQA\defects4j\framework\bin\defects4j line 195
Compilation failed in require at D:\Lab_SQA\defects4j\framework\bin\defects4j line 195."
Mockito,8,CATG,default,1,0,False,error,0,0,False,0,0,0,0,0,0,0.0,"STATUS:ERROR:checkout Mockito-8b failed at D:\Lab_SQA\Defects4J_Projects\Mockito_8_b: exit=1
Checking out 5a03bf5d to D:\Lab_SQA\Defects4J_Projects\Mockito_8_b......... OK
Init local repository...................................................... OK
Tag post-fix revision...................................................... OK
find: missing argument to `-exec'
sed: -e expression #1, char 84: unterminated `s' command
Run post-checkout hook..................................................... OK
Excluding broken/flaky tests............................................... OK
Excluding broken/flaky tests............................................... OK
Excluding broken/flaky tests............................................... OK
Initialize fixed program version........................................... FAIL
Executed command: cd D:\Lab_SQA\Defects4J_Projects\Mockito_8_b && git add -A 2>&1 && git commit -a -m ""D4J_Mockito_8_FIXED_VERSION"" 2>&1 && git tag --no-sign D4J_Mockito_8_FIXED_VERSION 2>&1
HEAD detached from 5a03bf5d0
nothing to commit, working tree clean
Couldn't tag fixed program version! at D:/Lab_SQA/defects4j/framework/core/Project.pm line 478.
	Project::checkout_vid(Project::Mockito=HASH(0x2914e807e28), ""8b"") called at D:/Lab_SQA/defects4j/framework/bin/d4j/d4j-checkout line 96
	require D:/Lab_SQA/defects4j/framework/bin/d4j/d4j-checkout called at D:\Lab_SQA\defects4j\framework\bin\defects4j line 195
Compilation failed in require at D:\Lab_SQA\defects4j\framework\bin\defects4j line 195."
Mockito,9,CATG,default,1,0,False,error,0,0,False,0,0,0,0,0,0,0.0,"STATUS:ERROR:checkout Mockito-9b failed at D:\Lab_SQA\Defects4J_Projects\Mockito_9_b: exit=1
Checking out 31f90802 to D:\Lab_SQA\Defects4J_Projects\Mockito_9_b......... OK
Init local repository...................................................... OK
Tag post-fix revision...................................................... OK
find: missing argument to `-exec'
sed: -e expression #1, char 84: unterminated `s' command
Run post-checkout hook..................................................... OK
Excluding broken/flaky tests............................................... OK
Excluding broken/flaky tests............................................... OK
Excluding broken/flaky tests............................................... OK
Initialize fixed program version........................................... FAIL
Executed command: cd D:\Lab_SQA\Defects4J_Projects\Mockito_9_b && git add -A 2>&1 && git commit -a -m ""D4J_Mockito_9_FIXED_VERSION"" 2>&1 && git tag --no-sign D4J_Mockito_9_FIXED_VERSION 2>&1
HEAD detached at D4J_Mockito_9_BUGGY_VERSION
nothing to commit, working tree clean
Couldn't tag fixed program version! at D:/Lab_SQA/defects4j/framework/core/Project.pm line 478.
	Project::checkout_vid(Project::Mockito=HASH(0x2cfea19c480), ""9b"") called at D:/Lab_SQA/defects4j/framework/bin/d4j/d4j-checkout line 96
	require D:/Lab_SQA/defects4j/framework/bin/d4j/d4j-checkout called at D:\Lab_SQA\defects4j\framework\bin\defects4j line 195
Compilation failed in require at D:\Lab_SQA\defects4j\framework\bin\defects4j line 195."
Mockito,10,CATG,default,1,0,False,error,0,0,False,0,0,0,0,0,0,0.0,"STATUS:ERROR:checkout Mockito-10b failed at D:\Lab_SQA\Defects4J_Projects\Mockito_10_b: exit=1
Checking out 1beeae39 to D:\Lab_SQA\Defects4J_Projects\Mockito_10_b........ OK
Init local repository...................................................... OK
Tag post-fix revision...................................................... OK
find: missing argument to `-exec'
sed: -e expression #1, char 84: unterminated `s' command
Run post-checkout hook..................................................... OK
Excluding broken/flaky tests............................................... OK
Excluding broken/flaky tests............................................... OK
Excluding broken/flaky tests............................................... OK
Initialize fixed program version........................................... FAIL
Executed command: cd D:\Lab_SQA\Defects4J_Projects\Mockito_10_b && git add -A 2>&1 && git commit -a -m ""D4J_Mockito_10_FIXED_VERSION"" 2>&1 && git tag --no-sign D4J_Mockito_10_FIXED_VERSION 2>&1
HEAD detached at D4J_Mockito_10_BUGGY_VERSION
nothing to commit, working tree clean
Couldn't tag fixed program version! at D:/Lab_SQA/defects4j/framework/core/Project.pm line 478.
	Project::checkout_vid(Project::Mockito=HASH(0x2181e8dd2f0), ""10b"") called at D:/Lab_SQA/defects4j/framework/bin/d4j/d4j-checkout line 96
	require D:/Lab_SQA/defects4j/framework/bin/d4j/d4j-checkout called at D:\Lab_SQA\defects4j\framework\bin\defects4j line 195
Compilation failed in require at D:\Lab_SQA\defects4j\framework\bin\defects4j line 195."
Mockito,11,CATG,default,1,0,False,error,0,0,False,0,0,0,0,0,0,0.0,"STATUS:ERROR:checkout Mockito-11b failed at D:\Lab_SQA\Defects4J_Projects\Mockito_11_b: exit=1
Checking out 1802cf79 to D:\Lab_SQA\Defects4J_Projects\Mockito_11_b........ OK
Init local repository...................................................... OK
Tag post-fix revision...................................................... OK
find: missing argument to `-exec'
sed: -e expression #1, char 84: unterminated `s' command
Run post-checkout hook..................................................... OK
Excluding broken/flaky tests............................................... OK
Excluding broken/flaky tests............................................... OK
Excluding broken/flaky tests............................................... OK
Initialize fixed program version........................................... FAIL
Executed command: cd D:\Lab_SQA\Defects4J_Projects\Mockito_11_b && git add -A 2>&1 && git commit -a -m ""D4J_Mockito_11_FIXED_VERSION"" 2>&1 && git tag --no-sign D4J_Mockito_11_FIXED_VERSION 2>&1
HEAD detached at D4J_Mockito_11_BUGGY_VERSION
nothing to commit, working tree clean
Couldn't tag fixed program version! at D:/Lab_SQA/defects4j/framework/core/Project.pm line 478.
	Project::checkout_vid(Project::Mockito=HASH(0x21078c8ae78), ""11b"") called at D:/Lab_SQA/defects4j/framework/bin/d4j/d4j-checkout line 96
	require D:/Lab_SQA/defects4j/framework/bin/d4j/d4j-checkout called at D:\Lab_SQA\defects4j\framework\bin\defects4j line 195
Compilation failed in require at D:\Lab_SQA\defects4j\framework\bin\defects4j line 195."
Mockito,12,CATG,default,1,0,False,error,0,0,False,0,0,0,0,0,0,0.0,STATUS:ERROR:[WinError 145] The directory is not empty: 'D:\\Lab_SQA\\Defects4J_Projects\\Mockito_12_b\\.git'
Mockito,13,CATG,default,1,0,False,error,0,0,False,0,0,0,0,0,0,0.0,"STATUS:ERROR:compile D:\Lab_SQA\Defects4J_Projects\Mockito_13_b failed:

Running ant (compile)...................................................... FAIL
Executed command:  cd D:\Lab_SQA\Defects4J_Projects\Mockito_13_b && ant -f D:/Lab_SQA/defects4j/framework/projects/defects4j.build.xml -Dd4j.home=D:/Lab_SQA/defects4j -Dd4j.dir.projects=D:/Lab_SQA/defects4j/framework/projects -Dbasedir=D:\Lab_SQA\Defects4J_Projects\Mockito_13_b  compile 2>&1
'ant' is not recognized as an internal or external command,
operable program or batch file.
Cannot compile sources! at D:/Lab_SQA/defects4j/framework/bin/d4j/d4j-compile line 82.
Compilation failed in require at D:\Lab_SQA\defects4j\framework\bin\defects4j line 195.
"
Mockito,14,CATG,default,1,0,False,error,0,0,False,0,0,0,0,0,0,0.0,"STATUS:ERROR:compile D:\Lab_SQA\Defects4J_Projects\Mockito_14_b failed:

Running ant (compile)...................................................... FAIL
Executed command:  cd D:\Lab_SQA\Defects4J_Projects\Mockito_14_b && ant -f D:/Lab_SQA/defects4j/framework/projects/defects4j.build.xml -Dd4j.home=D:/Lab_SQA/defects4j -Dd4j.dir.projects=D:/Lab_SQA/defects4j/framework/projects -Dbasedir=D:\Lab_SQA\Defects4J_Projects\Mockito_14_b  compile 2>&1
'ant' is not recognized as an internal or external command,
operable program or batch file.
Cannot compile sources! at D:/Lab_SQA/defects4j/framework/bin/d4j/d4j-compile line 82.
Compilation failed in require at D:\Lab_SQA\defects4j\framework\bin\defects4j line 195.
"
Mockito,15,CATG,default,1,0,False,error,0,0,False,0,0,0,0,0,0,0.0,"STATUS:ERROR:checkout Mockito-15b failed at D:\Lab_SQA\Defects4J_Projects\Mockito_15_b: exit=128
Checking out 81a38095 to D:\Lab_SQA\Defects4J_Projects\Mockito_15_b........ OK
Init local repository...................................................... OK
Tag post-fix revision...................................................... FAIL
Executed command: cd D:\Lab_SQA\Defects4J_Projects\Mockito_15_b && git init 2>&1 && echo "".svn"" > .gitignore && git add -A 2>&1 && git commit -a -m D4J_Mockito_15_POST_FIX_REVISION 2>&1 && git tag --no-sign D4J_Mockito_15_POST_FIX_REVISION 2>&1
Reinitialized existing Git repository in D:/Lab_SQA/Defects4J_Projects/Mockito_15_b/.git/
fatal: could not parse HEAD
Couldn't tag post-fix revision! at D:/Lab_SQA/defects4j/framework/core/Project.pm line 434.
	Project::checkout_vid(Project::Mockito=HASH(0x1e92d507a78), ""15b"") called at D:/Lab_SQA/defects4j/framework/bin/d4j/d4j-checkout line 96
	require D:/Lab_SQA/defects4j/framework/bin/d4j/d4j-checkout called at D:\Lab_SQA\defects4j\framework\bin\defects4j line 195
Compilation failed in require at D:\Lab_SQA\defects4j\framework\bin\defects4j line 195."
Mockito,16,CATG,default,1,0,False,error,0,0,False,0,0,0,0,0,0,0.0,STATUS:ERROR:[WinError 145] The directory is not empty: 'D:\\Lab_SQA\\Defects4J_Projects\\Mockito_16_b\\.git\\objects\\4f'
Mockito,17,CATG,default,1,0,False,error,0,0,False,0,0,0,0,0,0,0.0,"STATUS:ERROR:compile D:\Lab_SQA\Defects4J_Projects\Mockito_17_b failed:

Running ant (compile)...................................................... FAIL
Executed command:  cd D:\Lab_SQA\Defects4J_Projects\Mockito_17_b && ant -f D:/Lab_SQA/defects4j/framework/projects/defects4j.build.xml -Dd4j.home=D:/Lab_SQA/defects4j -Dd4j.dir.projects=D:/Lab_SQA/defects4j/framework/projects -Dbasedir=D:\Lab_SQA\Defects4J_Projects\Mockito_17_b  compile 2>&1
'ant' is not recognized as an internal or external command,
operable program or batch file.
Cannot compile sources! at D:/Lab_SQA/defects4j/framework/bin/d4j/d4j-compile line 82.
Compilation failed in require at D:\Lab_SQA\defects4j\framework\bin\defects4j line 195.
"
Mockito,18,CATG,default,1,0,False,error,0,0,False,0,0,0,0,0,0,0.0,"STATUS:ERROR:checkout Mockito-18b failed at D:\Lab_SQA\Defects4J_Projects\Mockito_18_b: exit=1
Checking out 8ceb04ad to D:\Lab_SQA\Defects4J_Projects\Mockito_18_b........ OK
Init local repository...................................................... OK
Tag post-fix revision...................................................... OK
find: missing argument to `-exec'
sed: -e expression #1, char 84: unterminated `s' command
Run post-checkout hook..................................................... OK
Excluding broken/flaky tests............................................... OK
Excluding broken/flaky tests............................................... OK
Excluding broken/flaky tests............................................... OK
Initialize fixed program version........................................... OK
Apply patch................................................................ OK
Initialize buggy program version........................................... OK
Couldn't checkout POST_FIX_REVISION at D:/Lab_SQA/defects4j/framework/core/Project.pm line 501.
	Project::checkout_vid(Project::Mockito=HASH(0x2018cefeb38), ""18b"") called at D:/Lab_SQA/defects4j/framework/bin/d4j/d4j-checkout line 96
	require D:/Lab_SQA/defects4j/framework/bin/d4j/d4j-checkout called at D:\Lab_SQA\defects4j\framework\bin\defects4j line 195
Compilation failed in require at D:\Lab_SQA\defects4j\framework\bin\defects4j line 195."
Mockito,19,CATG,default,1,0,False,error,0,0,False,0,0,0,0,0,0,0.0,"STATUS:ERROR:checkout Mockito-19b failed at D:\Lab_SQA\Defects4J_Projects\Mockito_19_b: exit=128
Checking out 110ffa80 to D:\Lab_SQA\Defects4J_Projects\Mockito_19_b........ OK
Init local repository...................................................... OK
Tag post-fix revision...................................................... FAIL
Executed command: cd D:\Lab_SQA\Defects4J_Projects\Mockito_19_b && git init 2>&1 && echo "".svn"" > .gitignore && git add -A 2>&1 && git commit -a -m D4J_Mockito_19_POST_FIX_REVISION 2>&1 && git tag --no-sign D4J_Mockito_19_POST_FIX_REVISION 2>&1
Reinitialized existing Git repository in D:/Lab_SQA/Defects4J_Projects/Mockito_19_b/.git/
fatal: could not parse HEAD
Couldn't tag post-fix revision! at D:/Lab_SQA/defects4j/framework/core/Project.pm line 434.
	Project::checkout_vid(Project::Mockito=HASH(0x2099fc1d248), ""19b"") called at D:/Lab_SQA/defects4j/framework/bin/d4j/d4j-checkout line 96
	require D:/Lab_SQA/defects4j/framework/bin/d4j/d4j-checkout called at D:\Lab_SQA\defects4j\framework\bin\defects4j line 195
Compilation failed in require at D:\Lab_SQA\defects4j\framework\bin\defects4j line 195."
Mockito,20,CATG,default,1,0,False,error,0,0,False,0,0,0,0,0,0,0.0,"STATUS:ERROR:checkout Mockito-20b failed at D:\Lab_SQA\Defects4J_Projects\Mockito_20_b: exit=128
Checking out 7616cd17 to D:\Lab_SQA\Defects4J_Projects\Mockito_20_b........ OK
Init local repository...................................................... OK
Tag post-fix revision...................................................... FAIL
Executed command: cd D:\Lab_SQA\Defects4J_Projects\Mockito_20_b && git init 2>&1 && echo "".svn"" > .gitignore && git add -A 2>&1 && git commit -a -m D4J_Mockito_20_POST_FIX_REVISION 2>&1 && git tag --no-sign D4J_Mockito_20_POST_FIX_REVISION 2>&1
Reinitialized existing Git repository in D:/Lab_SQA/Defects4J_Projects/Mockito_20_b/.git/
fatal: could not parse HEAD
Couldn't tag post-fix revision! at D:/Lab_SQA/defects4j/framework/core/Project.pm line 434.
	Project::checkout_vid(Project::Mockito=HASH(0x24df48437d8), ""20b"") called at D:/Lab_SQA/defects4j/framework/bin/d4j/d4j-checkout line 96
	require D:/Lab_SQA/defects4j/framework/bin/d4j/d4j-checkout called at D:\Lab_SQA\defects4j\framework\bin\defects4j line 195
Compilation failed in require at D:\Lab_SQA\defects4j\framework\bin\defects4j line 195."
Mockito,21,CATG,default,1,0,False,error,0,0,False,0,0,0,0,0,0,0.0,STATUS:ERROR:[WinError 145] The directory is not empty: 'D:\\Lab_SQA\\Defects4J_Projects\\Mockito_21_b\\.git'
Mockito,22,CATG,default,1,0,False,error,0,0,False,0,0,0,0,0,0,0.0,"STATUS:ERROR:compile D:\Lab_SQA\Defects4J_Projects\Mockito_22_b failed:

Running ant (compile)...................................................... FAIL
Executed command:  cd D:\Lab_SQA\Defects4J_Projects\Mockito_22_b && ant -f D:/Lab_SQA/defects4j/framework/projects/defects4j.build.xml -Dd4j.home=D:/Lab_SQA/defects4j -Dd4j.dir.projects=D:/Lab_SQA/defects4j/framework/projects -Dbasedir=D:\Lab_SQA\Defects4J_Projects\Mockito_22_b  compile 2>&1
'ant' is not recognized as an internal or external command,
operable program or batch file.
Cannot compile sources! at D:/Lab_SQA/defects4j/framework/bin/d4j/d4j-compile line 82.
Compilation failed in require at D:\Lab_SQA\defects4j\framework\bin\defects4j line 195.
"
Mockito,23,CATG,default,1,0,False,error,0,0,False,0,0,0,0,0,0,0.0,"STATUS:ERROR:compile D:\Lab_SQA\Defects4J_Projects\Mockito_23_b failed:

Running ant (compile)...................................................... FAIL
Executed command:  cd D:\Lab_SQA\Defects4J_Projects\Mockito_23_b && ant -f D:/Lab_SQA/defects4j/framework/projects/defects4j.build.xml -Dd4j.home=D:/Lab_SQA/defects4j -Dd4j.dir.projects=D:/Lab_SQA/defects4j/framework/projects -Dbasedir=D:\Lab_SQA\Defects4J_Projects\Mockito_23_b  compile 2>&1
'ant' is not recognized as an internal or external command,
operable program or batch file.
Cannot compile sources! at D:/Lab_SQA/defects4j/framework/bin/d4j/d4j-compile line 82.
Compilation failed in require at D:\Lab_SQA\defects4j\framework\bin\defects4j line 195.
"
Mockito,24,CATG,default,1,0,False,error,0,0,False,0,0,0,0,0,0,0.0,STATUS:ERROR:worker_exit_without_result
Mockito,25,CATG,default,1,0,False,error,0,0,False,0,0,0,0,0,0,0.0,"STATUS:ERROR:compile D:\Lab_SQA\Defects4J_Projects\Mockito_25_b failed:

Running ant (compile)...................................................... FAIL
Executed command:  cd D:\Lab_SQA\Defects4J_Projects\Mockito_25_b && ant -f D:/Lab_SQA/defects4j/framework/projects/defects4j.build.xml -Dd4j.home=D:/Lab_SQA/defects4j -Dd4j.dir.projects=D:/Lab_SQA/defects4j/framework/projects -Dbasedir=D:\Lab_SQA\Defects4J_Projects\Mockito_25_b  compile 2>&1
'ant' is not recognized as an internal or external command,
operable program or batch file.
Cannot compile sources! at D:/Lab_SQA/defects4j/framework/bin/d4j/d4j-compile line 82.
Compilation failed in require at D:\Lab_SQA\defects4j\framework\bin\defects4j line 195.
"
Mockito,26,CATG,default,1,0,False,error,0,0,False,0,0,0,0,0,0,0.0,"STATUS:ERROR:compile D:\Lab_SQA\Defects4J_Projects\Mockito_26_b failed:

Running ant (compile)...................................................... FAIL
Executed command:  cd D:\Lab_SQA\Defects4J_Projects\Mockito_26_b && ant -f D:/Lab_SQA/defects4j/framework/projects/defects4j.build.xml -Dd4j.home=D:/Lab_SQA/defects4j -Dd4j.dir.projects=D:/Lab_SQA/defects4j/framework/projects -Dbasedir=D:\Lab_SQA\Defects4J_Projects\Mockito_26_b  compile 2>&1
'ant' is not recognized as an internal or external command,
operable program or batch file.
Cannot compile sources! at D:/Lab_SQA/defects4j/framework/bin/d4j/d4j-compile line 82.
Compilation failed in require at D:\Lab_SQA\defects4j\framework\bin\defects4j line 195.
"
Mockito,27,CATG,default,1,0,False,error,0,0,False,0,0,0,0,0,0,0.0,"STATUS:ERROR:checkout Mockito-27b failed at D:\Lab_SQA\Defects4J_Projects\Mockito_27_b: exit=128
Checking out a8ec4fa2 to D:\Lab_SQA\Defects4J_Projects\Mockito_27_b........ FAIL
Executed command: git clone D:/Lab_SQA/defects4j/project_repos/mockito.git D:\Lab_SQA\Defects4J_Projects\Mockito_27_b 2>&1 && cd D:\Lab_SQA\Defects4J_Projects\Mockito_27_b && git checkout a8ec4fa290bc1cdde060218d6bb811ac1fa6da6f 2>&1
fatal: destination path 'D:\Lab_SQA\Defects4J_Projects\Mockito_27_b' already exists and is not an empty directory.
Cannot checkout program version! at D:/Lab_SQA/defects4j/framework/bin/d4j/d4j-checkout line 96.
Compilation failed in require at D:\Lab_SQA\defects4j\framework\bin\defects4j line 195."
Mockito,28,CATG,default,1,0,False,error,0,0,False,0,0,0,0,0,0,0.0,"STATUS:ERROR:compile D:\Lab_SQA\Defects4J_Projects\Mockito_28_b failed:

Running ant (compile)...................................................... FAIL
Executed command:  cd D:\Lab_SQA\Defects4J_Projects\Mockito_28_b && ant -f D:/Lab_SQA/defects4j/framework/projects/defects4j.build.xml -Dd4j.home=D:/Lab_SQA/defects4j -Dd4j.dir.projects=D:/Lab_SQA/defects4j/framework/projects -Dbasedir=D:\Lab_SQA\Defects4J_Projects\Mockito_28_b  compile 2>&1
'ant' is not recognized as an internal or external command,
operable program or batch file.
Cannot compile sources! at D:/Lab_SQA/defects4j/framework/bin/d4j/d4j-compile line 82.
Compilation failed in require at D:\Lab_SQA\defects4j\framework\bin\defects4j line 195.
"
Mockito,29,CATG,default,1,0,False,error,0,0,False,0,0,0,0,0,0,0.0,"STATUS:ERROR:checkout Mockito-29b failed at D:\Lab_SQA\Defects4J_Projects\Mockito_29_b: exit=128
Checking out 918f0a5a to D:\Lab_SQA\Defects4J_Projects\Mockito_29_b........ FAIL
Executed command: git clone D:/Lab_SQA/defects4j/project_repos/mockito.git D:\Lab_SQA\Defects4J_Projects\Mockito_29_b 2>&1 && cd D:\Lab_SQA\Defects4J_Projects\Mockito_29_b && git checkout 918f0a5aed6454b307004b6c9c86afc8e96353ff 2>&1
Cloning into 'D:\Lab_SQA\Defects4J_Projects\Mockito_29_b'...
done.
fatal: unable to read tree (918f0a5aed6454b307004b6c9c86afc8e96353ff)
Cannot checkout program version! at D:/Lab_SQA/defects4j/framework/bin/d4j/d4j-checkout line 96.
Compilation failed in require at D:\Lab_SQA\defects4j\framework\bin\defects4j line 195."
Mockito,30,CATG,default,1,0,False,error,0,0,False,0,0,0,0,0,0,0.0,"STATUS:ERROR:compile D:\Lab_SQA\Defects4J_Projects\Mockito_30_b failed:

Running ant (compile)...................................................... FAIL
Executed command:  cd D:\Lab_SQA\Defects4J_Projects\Mockito_30_b && ant -f D:/Lab_SQA/defects4j/framework/projects/defects4j.build.xml -Dd4j.home=D:/Lab_SQA/defects4j -Dd4j.dir.projects=D:/Lab_SQA/defects4j/framework/projects -Dbasedir=D:\Lab_SQA\Defects4J_Projects\Mockito_30_b  compile 2>&1
'ant' is not recognized as an internal or external command,
operable program or batch file.
Cannot compile sources! at D:/Lab_SQA/defects4j/framework/bin/d4j/d4j-compile line 82.
Compilation failed in require at D:\Lab_SQA\defects4j\framework\bin\defects4j line 195.
"
Mockito,31,CATG,default,1,0,False,error,0,0,False,0,0,0,0,0,0,0.0,"STATUS:ERROR:compile D:\Lab_SQA\Defects4J_Projects\Mockito_31_b failed:

Running ant (compile)...................................................... FAIL
Executed command:  cd D:\Lab_SQA\Defects4J_Projects\Mockito_31_b && ant -f D:/Lab_SQA/defects4j/framework/projects/defects4j.build.xml -Dd4j.home=D:/Lab_SQA/defects4j -Dd4j.dir.projects=D:/Lab_SQA/defects4j/framework/projects -Dbasedir=D:\Lab_SQA\Defects4J_Projects\Mockito_31_b  compile 2>&1
'ant' is not recognized as an internal or external command,
operable program or batch file.
Cannot compile sources! at D:/Lab_SQA/defects4j/framework/bin/d4j/d4j-compile line 82.
Compilation failed in require at D:\Lab_SQA\defects4j\framework\bin\defects4j line 195.
"
Mockito,32,CATG,default,1,0,False,error,0,0,False,0,0,0,0,0,0,0.0,"STATUS:ERROR:compile D:\Lab_SQA\Defects4J_Projects\Mockito_32_b failed:

Running ant (compile)...................................................... FAIL
Executed command:  cd D:\Lab_SQA\Defects4J_Projects\Mockito_32_b && ant -f D:/Lab_SQA/defects4j/framework/projects/defects4j.build.xml -Dd4j.home=D:/Lab_SQA/defects4j -Dd4j.dir.projects=D:/Lab_SQA/defects4j/framework/projects -Dbasedir=D:\Lab_SQA\Defects4J_Projects\Mockito_32_b  compile 2>&1
'ant' is not recognized as an internal or external command,
operable program or batch file.
Cannot compile sources! at D:/Lab_SQA/defects4j/framework/bin/d4j/d4j-compile line 82.
Compilation failed in require at D:\Lab_SQA\defects4j\framework\bin\defects4j line 195.
"
Mockito,33,CATG,default,1,0,False,error,0,0,False,0,0,0,0,0,0,0.0,"STATUS:ERROR:checkout Mockito-33b failed at D:\Lab_SQA\Defects4J_Projects\Mockito_33_b: exit=1
Checking out 5cb37751 to D:\Lab_SQA\Defects4J_Projects\Mockito_33_b........ OK
Init local repository...................................................... OK
Tag post-fix revision...................................................... OK
sed: can't read D:\Lab_SQA\Defects4J_Projects\Mockito_33_b/gradle/wrapper/gradle-wrapper.properties: No such file or directory
sed: can't read D:\Lab_SQA\Defects4J_Projects\Mockito_33_b/gradle/wrapper/gradle-wrapper.properties: No such file or directory
sed: can't read D:\Lab_SQA\Defects4J_Projects\Mockito_33_b/buildSrc/build.gradle: No such file or directory
Run post-checkout hook..................................................... OK
Excluding broken/flaky tests............................................... OK
Excluding broken/flaky tests............................................... OK
Excluding broken/flaky tests............................................... OK
Backing up build file: D:\Lab_SQA\Defects4J_Projects\Mockito_33_b/build.xml OK
Initialize fixed program version........................................... OK
Cannot determine how to apply patch!
All attempts failed:
* cd D:\Lab_SQA\Defects4J_Projects\Mockito_33_b && git apply -p1 --ignore-whitespace --check D:/Lab_SQA/defects4j/framework/projects/Mockito/patches/33.src.patch 2>&1
error: src/org/mockito/internal/invocation/InvocationMatcher.java: No such file or directory
* cd D:\Lab_SQA\Defects4J_Projects\Mockito_33_b && git apply -p0 --ignore-whitespace --check D:/Lab_SQA/defects4j/framework/projects/Mockito/patches/33.src.patch 2>&1
error: a/src/org/mockito/internal/invocation/InvocationMatcher.java: No such file or directory
* cd D:\Lab_SQA\Defects4J_Projects\Mockito_33_b && git apply -p2 --ignore-whitespace --check D:/Lab_SQA/defects4j/framework/projects/Mockito/patches/33.src.patch 2>&1
error: org/mockito/internal/invocation/InvocationMatcher.java: No such file or directory
----------------------------------------------------------------------
 at D:/Lab_SQA/defects4j/framework/core/Vcs.pm line 414.
	Vcs::_apply_cmd(Vcs::Git=HASH(0x19b9a4dfd88), ""D:\\Lab_SQA\\Defects4J_Projects\\Mockito_33_b"", ""D:/Lab_SQA/defects4j/framework/projects/Mockito/patches/33.sr""..., undef) called at D:/Lab_SQA/defects4j/framework/core/Vcs.pm line 375
	Vcs::apply_patch(Vcs::Git=HASH(0x19b9a4dfd88), ""D:\\Lab_SQA\\Defects4J_Projects\\Mockito_33_b"", ""D:/Lab_SQA/defects4j/framework/projects/Mockito/patches/33.sr""...) called at D:/Lab_SQA/defects4j/framework/core/Project.pm line 1084
	Project::apply_patch(Project::Mockito=HASH(0x19b9a3ad048), ""D:\\Lab_SQA\\Defects4J_Projects\\Mockito_33_b"", ""D:/Lab_SQA/defects4j/framework/projects/Mockito/patches/33.sr""...) called at D:/Lab_SQA/defects4j/framework/core/Project.pm line 484
	Project::checkout_vid(Project::Mockito=HASH(0x19b9a3ad048), ""33b"") called at D:/Lab_SQA/defects4j/framework/bin/d4j/d4j-checkout line 96
	require D:/Lab_SQA/defects4j/framework/bin/d4j/d4j-checkout called at D:\Lab_SQA\defects4j\framework\bin\defects4j line 195
Compilation failed in require at D:\Lab_SQA\defects4j\framework\bin\defects4j line 195."
Mockito,34,CATG,default,1,0,False,error,0,0,False,0,0,0,0,0,0,0.0,"STATUS:ERROR:checkout Mockito-34b failed at D:\Lab_SQA\Defects4J_Projects\Mockito_34_b: exit=1
Checking out e8cebe01 to D:\Lab_SQA\Defects4J_Projects\Mockito_34_b........ OK
Init local repository...................................................... OK
Tag post-fix revision...................................................... OK
Apply patch................................................................ OK
sed: -e expression #1, char 84: unterminated `s' command
sed: can't read D:\Lab_SQA\Defects4J_Projects\Mockito_34_b/gradle/wrapper/gradle-wrapper.properties: No such file or directory
sed: can't read D:\Lab_SQA\Defects4J_Projects\Mockito_34_b/gradle/wrapper/gradle-wrapper.properties: No such file or directory
sed: can't read D:\Lab_SQA\Defects4J_Projects\Mockito_34_b/buildSrc/build.gradle: No such file or directory
Run post-checkout hook..................................................... OK
Excluding broken/flaky tests............................................... OK
Excluding broken/flaky tests............................................... OK
Excluding broken/flaky tests............................................... OK
Initialize fixed program version........................................... FAIL
Executed command: cd D:\Lab_SQA\Defects4J_Projects\Mockito_34_b && git add -A 2>&1 && git commit -a -m ""D4J_Mockito_34_FIXED_VERSION"" 2>&1 && git tag --no-sign D4J_Mockito_34_FIXED_VERSION 2>&1
HEAD detached from e8cebe01a
nothing to commit, working tree clean
Couldn't tag fixed program version! at D:/Lab_SQA/defects4j/framework/core/Project.pm line 478.
	Project::checkout_vid(Project::Mockito=HASH(0x1a4adfbaa10), ""34b"") called at D:/Lab_SQA/defects4j/framework/bin/d4j/d4j-checkout line 96
	require D:/Lab_SQA/defects4j/framework/bin/d4j/d4j-checkout called at D:\Lab_SQA\defects4j\framework\bin\defects4j line 195
Compilation failed in require at D:\Lab_SQA\defects4j\framework\bin\defects4j line 195."
Mockito,35,CATG,default,1,0,False,error,0,0,False,0,0,0,0,0,0,0.0,"STATUS:ERROR:checkout Mockito-35b failed at D:\Lab_SQA\Defects4J_Projects\Mockito_35_b: exit=1
Checking out 27a2f515 to D:\Lab_SQA\Defects4J_Projects\Mockito_35_b........ OK
Init local repository...................................................... OK
Tag post-fix revision...................................................... OK
Apply patch................................................................ OK
sed: -e expression #1, char 84: unterminated `s' command
sed: can't read D:\Lab_SQA\Defects4J_Projects\Mockito_35_b/gradle/wrapper/gradle-wrapper.properties: No such file or directory
sed: can't read D:\Lab_SQA\Defects4J_Projects\Mockito_35_b/gradle/wrapper/gradle-wrapper.properties: No such file or directory
sed: can't read D:\Lab_SQA\Defects4J_Projects\Mockito_35_b/buildSrc/build.gradle: No such file or directory
Run post-checkout hook..................................................... OK
Excluding broken/flaky tests............................................... OK
Excluding broken/flaky tests............................................... OK
Excluding broken/flaky tests............................................... OK
Initialize fixed program version........................................... FAIL
Executed command: cd D:\Lab_SQA\Defects4J_Projects\Mockito_35_b && git add -A 2>&1 && git commit -a -m ""D4J_Mockito_35_FIXED_VERSION"" 2>&1 && git tag --no-sign D4J_Mockito_35_FIXED_VERSION 2>&1
HEAD detached from 27a2f5151
nothing to commit, working tree clean
Couldn't tag fixed program version! at D:/Lab_SQA/defects4j/framework/core/Project.pm line 478.
	Project::checkout_vid(Project::Mockito=HASH(0x1adcb6fc108), ""35b"") called at D:/Lab_SQA/defects4j/framework/bin/d4j/d4j-checkout line 96
	require D:/Lab_SQA/defects4j/framework/bin/d4j/d4j-checkout called at D:\Lab_SQA\defects4j\framework\bin\defects4j line 195
Compilation failed in require at D:\Lab_SQA\defects4j\framework\bin\defects4j line 195."
Mockito,36,CATG,default,1,0,False,error,0,0,False,0,0,0,0,0,0,0.0,"STATUS:ERROR:checkout Mockito-36b failed at D:\Lab_SQA\Defects4J_Projects\Mockito_36_b: exit=1
Checking out 84c142f5 to D:\Lab_SQA\Defects4J_Projects\Mockito_36_b........ OK
Init local repository...................................................... OK
Tag post-fix revision...................................................... OK
Apply patch................................................................ OK
sed: -e expression #1, char 84: unterminated `s' command
sed: can't read D:\Lab_SQA\Defects4J_Projects\Mockito_36_b/gradle/wrapper/gradle-wrapper.properties: No such file or directory
sed: can't read D:\Lab_SQA\Defects4J_Projects\Mockito_36_b/gradle/wrapper/gradle-wrapper.properties: No such file or directory
sed: can't read D:\Lab_SQA\Defects4J_Projects\Mockito_36_b/buildSrc/build.gradle: No such file or directory
Run post-checkout hook..................................................... OK
Excluding broken/flaky tests............................................... OK
Excluding broken/flaky tests............................................... OK
Excluding broken/flaky tests............................................... OK
Initialize fixed program version........................................... FAIL
Executed command: cd D:\Lab_SQA\Defects4J_Projects\Mockito_36_b && git add -A 2>&1 && git commit -a -m ""D4J_Mockito_36_FIXED_VERSION"" 2>&1 && git tag --no-sign D4J_Mockito_36_FIXED_VERSION 2>&1
HEAD detached from 84c142f56
nothing to commit, working tree clean
Couldn't tag fixed program version! at D:/Lab_SQA/defects4j/framework/core/Project.pm line 478.
	Project::checkout_vid(Project::Mockito=HASH(0x1f593842500), ""36b"") called at D:/Lab_SQA/defects4j/framework/bin/d4j/d4j-checkout line 96
	require D:/Lab_SQA/defects4j/framework/bin/d4j/d4j-checkout called at D:\Lab_SQA\defects4j\framework\bin\defects4j line 195
Compilation failed in require at D:\Lab_SQA\defects4j\framework\bin\defects4j line 195."
Mockito,37,CATG,default,1,0,False,error,0,0,False,0,0,0,0,0,0,0.0,"STATUS:ERROR:checkout Mockito-37b failed at D:\Lab_SQA\Defects4J_Projects\Mockito_37_b: exit=1
Checking out c0222c2d to D:\Lab_SQA\Defects4J_Projects\Mockito_37_b........ OK
Init local repository...................................................... OK
Tag post-fix revision...................................................... OK
Apply patch................................................................ OK
sed: -e expression #1, char 84: unterminated `s' command
sed: can't read D:\Lab_SQA\Defects4J_Projects\Mockito_37_b/gradle/wrapper/gradle-wrapper.properties: No such file or directory
sed: can't read D:\Lab_SQA\Defects4J_Projects\Mockito_37_b/gradle/wrapper/gradle-wrapper.properties: No such file or directory
sed: can't read D:\Lab_SQA\Defects4J_Projects\Mockito_37_b/buildSrc/build.gradle: No such file or directory
Run post-checkout hook..................................................... OK
Excluding broken/flaky tests............................................... OK
Excluding broken/flaky tests............................................... OK
Excluding broken/flaky tests............................................... OK
Initialize fixed program version........................................... FAIL
Executed command: cd D:\Lab_SQA\Defects4J_Projects\Mockito_37_b && git add -A 2>&1 && git commit -a -m ""D4J_Mockito_37_FIXED_VERSION"" 2>&1 && git tag --no-sign D4J_Mockito_37_FIXED_VERSION 2>&1
HEAD detached from c0222c2db
nothing to commit, working tree clean
Couldn't tag fixed program version! at D:/Lab_SQA/defects4j/framework/core/Project.pm line 478.
	Project::checkout_vid(Project::Mockito=HASH(0x240091ea1e8), ""37b"") called at D:/Lab_SQA/defects4j/framework/bin/d4j/d4j-checkout line 96
	require D:/Lab_SQA/defects4j/framework/bin/d4j/d4j-checkout called at D:\Lab_SQA\defects4j\framework\bin\defects4j line 195
Compilation failed in require at D:\Lab_SQA\defects4j\framework\bin\defects4j line 195."
Mockito,38,CATG,default,1,0,False,error,0,0,False,0,0,0,0,0,0,0.0,"STATUS:ERROR:compile D:\Lab_SQA\Defects4J_Projects\Mockito_38_b failed:

Running ant (compile)...................................................... FAIL
Executed command:  cd D:\Lab_SQA\Defects4J_Projects\Mockito_38_b && ant -f D:/Lab_SQA/defects4j/framework/projects/defects4j.build.xml -Dd4j.home=D:/Lab_SQA/defects4j -Dd4j.dir.projects=D:/Lab_SQA/defects4j/framework/projects -Dbasedir=D:\Lab_SQA\Defects4J_Projects\Mockito_38_b  compile 2>&1
'ant' is not recognized as an internal or external command,
operable program or batch file.
Cannot compile sources! at D:/Lab_SQA/defects4j/framework/bin/d4j/d4j-compile line 82.
Compilation failed in require at D:\Lab_SQA\defects4j\framework\bin\defects4j line 195.
"
Time,1,CATG,default,1,0,False,error,0,0,False,0,0,0,0,0,0,0.0,"STATUS:ERROR:checkout Time-1b failed at D:\Lab_SQA\Defects4J_Projects\Time_1_b: exit=128
Checking out 9a62b06b to D:\Lab_SQA\Defects4J_Projects\Time_1_b............ OK
Init local repository...................................................... OK
Tag post-fix revision...................................................... FAIL
Executed command: cd D:\Lab_SQA\Defects4J_Projects\Time_1_b && git init 2>&1 && echo "".svn"" > .gitignore && git add -A 2>&1 && git commit -a -m D4J_Time_1_POST_FIX_REVISION 2>&1 && git tag --no-sign D4J_Time_1_POST_FIX_REVISION 2>&1
Reinitialized existing Git repository in D:/Lab_SQA/Defects4J_Projects/Time_1_b/.git/
fatal: could not parse HEAD
Couldn't tag post-fix revision! at D:/Lab_SQA/defects4j/framework/core/Project.pm line 434.
	Project::checkout_vid(Project::Time=HASH(0x289de8aa9d0), ""1b"") called at D:/Lab_SQA/defects4j/framework/bin/d4j/d4j-checkout line 96
	require D:/Lab_SQA/defects4j/framework/bin/d4j/d4j-checkout called at D:\Lab_SQA\defects4j\framework\bin\defects4j line 195
Compilation failed in require at D:\Lab_SQA\defects4j\framework\bin\defects4j line 195."
Time,2,CATG,default,1,0,False,error,0,0,False,0,0,0,0,0,0,0.0,"STATUS:ERROR:checkout Time-2b failed at D:\Lab_SQA\Defects4J_Projects\Time_2_b: exit=128
Checking out 8612f9e5 to D:\Lab_SQA\Defects4J_Projects\Time_2_b............ OK
Init local repository...................................................... OK
Tag post-fix revision...................................................... FAIL
Executed command: cd D:\Lab_SQA\Defects4J_Projects\Time_2_b && git init 2>&1 && echo "".svn"" > .gitignore && git add -A 2>&1 && git commit -a -m D4J_Time_2_POST_FIX_REVISION 2>&1 && git tag --no-sign D4J_Time_2_POST_FIX_REVISION 2>&1
Reinitialized existing Git repository in D:/Lab_SQA/Defects4J_Projects/Time_2_b/.git/
fatal: could not parse HEAD
Couldn't tag post-fix revision! at D:/Lab_SQA/defects4j/framework/core/Project.pm line 434.
	Project::checkout_vid(Project::Time=HASH(0x20e38942428), ""2b"") called at D:/Lab_SQA/defects4j/framework/bin/d4j/d4j-checkout line 96
	require D:/Lab_SQA/defects4j/framework/bin/d4j/d4j-checkout called at D:\Lab_SQA\defects4j\framework\bin\defects4j line 195
Compilation failed in require at D:\Lab_SQA\defects4j\framework\bin\defects4j line 195."
Time,3,CATG,default,1,0,False,error,0,0,False,0,0,0,0,0,0,0.0,"STATUS:ERROR:checkout Time-3b failed at D:\Lab_SQA\Defects4J_Projects\Time_3_b: exit=128
Checking out 8d109fe1 to D:\Lab_SQA\Defects4J_Projects\Time_3_b............ FAIL
Executed command: git clone D:/Lab_SQA/defects4j/project_repos/joda-time.git D:\Lab_SQA\Defects4J_Projects\Time_3_b 2>&1 && cd D:\Lab_SQA\Defects4J_Projects\Time_3_b && git checkout 8d109fe1a999a11b4557536dd96f9210460a5936 2>&1
Cloning into 'D:\Lab_SQA\Defects4J_Projects\Time_3_b'...
done.
fatal: unable to read tree (8d109fe1a999a11b4557536dd96f9210460a5936)
Cannot checkout program version! at D:/Lab_SQA/defects4j/framework/bin/d4j/d4j-checkout line 96.
Compilation failed in require at D:\Lab_SQA\defects4j\framework\bin\defects4j line 195."
Time,4,CATG,default,1,0,False,unsupported,0,0,False,0,0,0,0,0,0,0.0,STATUS:harness_limitation:unsupported_type:DateTimeFieldType fieldType:with
Time,5,CATG,default,1,0,False,unsupported,0,0,False,0,0,0,0,0,0,0.0,STATUS:harness_limitation:unsupported_type:PeriodType type:normalizedStandard
Time,6,CATG,default,1,0,False,unsupported,0,0,False,0,0,0,0,0,0,4.2,STATUS:catg_runtime_interpreter:ClassCastException
Time,7,CATG,default,1,0,False,unsupported,0,0,False,0,0,0,0,0,0,0.0,STATUS:harness_limitation:unsupported_type:ReadWritableInstant instant:parseInto
Time,8,CATG,default,1,0,False,unsupported,0,0,False,0,0,0,0,0,0,3.79,STATUS:catg_runtime_interpreter:ClassCastException
Time,9,CATG,default,1,0,False,unsupported,0,0,False,0,0,0,0,0,0,3.84,STATUS:catg_runtime_interpreter:ClassCastException
Time,10,CATG,default,1,0,False,unsupported,0,0,False,0,0,0,0,0,0,0.0,STATUS:harness_limitation:unsupported_type:ReadablePartial start:between
Time,11,CATG,default,1,0,False,unsupported,0,0,False,0,0,0,0,0,0,0.0,STATUS:target_discovery:no_source_method
Time,12,CATG,default,1,0,False,unsupported,0,0,False,0,0,0,0,0,0,0.0,STATUS:harness_limitation:unsupported_type:Date date:fromDateFields
Time,13,CATG,default,1,0,False,error,0,0,False,0,0,0,0,0,0,0.0,"STATUS:ERROR:checkout Time-13b failed at D:\Lab_SQA\Defects4J_Projects\Time_13_b: exit=1
Checking out 5d08a1cd to D:\Lab_SQA\Defects4J_Projects\Time_13_b........... OK
Init local repository...................................................... OK
Tag post-fix revision...................................................... OK
Apply patch................................................................ OK
Run post-checkout hook..................................................... OK
Excluding broken/flaky tests............................................... OK
Excluding broken/flaky tests............................................... OK
Excluding broken/flaky tests............................................... OK
Initialize fixed program version........................................... FAIL
Executed command: cd D:\Lab_SQA\Defects4J_Projects\Time_13_b && git add -A 2>&1 && git commit -a -m ""D4J_Time_13_FIXED_VERSION"" 2>&1 && git tag --no-sign D4J_Time_13_FIXED_VERSION 2>&1
HEAD detached from 5d08a1cd
nothing to commit, working tree clean
Couldn't tag fixed program version! at D:/Lab_SQA/defects4j/framework/core/Project.pm line 478.
	Project::checkout_vid(Project::Time=HASH(0x232fe5f7178), ""13b"") called at D:/Lab_SQA/defects4j/framework/bin/d4j/d4j-checkout line 96
	require D:/Lab_SQA/defects4j/framework/bin/d4j/d4j-checkout called at D:\Lab_SQA\defects4j\framework\bin\defects4j line 195
Compilation failed in require at D:\Lab_SQA\defects4j\framework\bin\defects4j line 195."
Time,14,CATG,default,1,0,False,error,0,0,False,0,0,0,0,0,0,0.0,"STATUS:ERROR:checkout Time-14b failed at D:\Lab_SQA\Defects4J_Projects\Time_14_b: exit=1
Checking out 2ea85632 to D:\Lab_SQA\Defects4J_Projects\Time_14_b........... OK
Init local repository...................................................... OK
Tag post-fix revision...................................................... OK
Apply patch................................................................ OK
Run post-checkout hook..................................................... OK
Excluding broken/flaky tests............................................... OK
Excluding broken/flaky tests............................................... OK
Excluding broken/flaky tests............................................... OK
Initialize fixed program version........................................... FAIL
Executed command: cd D:\Lab_SQA\Defects4J_Projects\Time_14_b && git add -A 2>&1 && git commit -a -m ""D4J_Time_14_FIXED_VERSION"" 2>&1 && git tag --no-sign D4J_Time_14_FIXED_VERSION 2>&1
HEAD detached from 2ea85632
nothing to commit, working tree clean
Couldn't tag fixed program version! at D:/Lab_SQA/defects4j/framework/core/Project.pm line 478.
	Project::checkout_vid(Project::Time=HASH(0x2c4e08d3008), ""14b"") called at D:/Lab_SQA/defects4j/framework/bin/d4j/d4j-checkout line 96
	require D:/Lab_SQA/defects4j/framework/bin/d4j/d4j-checkout called at D:\Lab_SQA\defects4j\framework\bin\defects4j line 195
Compilation failed in require at D:\Lab_SQA\defects4j\framework\bin\defects4j line 195."
Time,15,CATG,default,1,0,False,error,0,0,False,0,0,0,0,0,0,0.0,"STATUS:ERROR:checkout Time-15b failed at D:\Lab_SQA\Defects4J_Projects\Time_15_b: exit=1
Checking out 0cefc4c2 to D:\Lab_SQA\Defects4J_Projects\Time_15_b........... OK
Init local repository...................................................... OK
Tag post-fix revision...................................................... OK
Apply patch................................................................ OK
Run post-checkout hook..................................................... OK
Excluding broken/flaky tests............................................... OK
Excluding broken/flaky tests............................................... OK
Excluding broken/flaky tests............................................... OK
Initialize fixed program version........................................... FAIL
Executed command: cd D:\Lab_SQA\Defects4J_Projects\Time_15_b && git add -A 2>&1 && git commit -a -m ""D4J_Time_15_FIXED_VERSION"" 2>&1 && git tag --no-sign D4J_Time_15_FIXED_VERSION 2>&1
HEAD detached from 0cefc4c2
nothing to commit, working tree clean
Couldn't tag fixed program version! at D:/Lab_SQA/defects4j/framework/core/Project.pm line 478.
	Project::checkout_vid(Project::Time=HASH(0x1e46eac4f18), ""15b"") called at D:/Lab_SQA/defects4j/framework/bin/d4j/d4j-checkout line 96
	require D:/Lab_SQA/defects4j/framework/bin/d4j/d4j-checkout called at D:\Lab_SQA\defects4j\framework\bin\defects4j line 195
Compilation failed in require at D:\Lab_SQA\defects4j\framework\bin\defects4j line 195."
Time,16,CATG,default,1,0,False,error,0,0,False,0,0,0,0,0,0,0.0,"STATUS:ERROR:checkout Time-16b failed at D:\Lab_SQA\Defects4J_Projects\Time_16_b: exit=1
Checking out 706513d5 to D:\Lab_SQA\Defects4J_Projects\Time_16_b........... OK
Init local repository...................................................... OK
Tag post-fix revision...................................................... OK
Apply patch................................................................ OK
Run post-checkout hook..................................................... OK
Excluding broken/flaky tests............................................... OK
Excluding broken/flaky tests............................................... OK
Excluding broken/flaky tests............................................... OK
Initialize fixed program version........................................... FAIL
Executed command: cd D:\Lab_SQA\Defects4J_Projects\Time_16_b && git add -A 2>&1 && git commit -a -m ""D4J_Time_16_FIXED_VERSION"" 2>&1 && git tag --no-sign D4J_Time_16_FIXED_VERSION 2>&1
HEAD detached from 706513d5
nothing to commit, working tree clean
Couldn't tag fixed program version! at D:/Lab_SQA/defects4j/framework/core/Project.pm line 478.
	Project::checkout_vid(Project::Time=HASH(0x29e72ef35c8), ""16b"") called at D:/Lab_SQA/defects4j/framework/bin/d4j/d4j-checkout line 96
	require D:/Lab_SQA/defects4j/framework/bin/d4j/d4j-checkout called at D:\Lab_SQA\defects4j\framework\bin\defects4j line 195
Compilation failed in require at D:\Lab_SQA\defects4j\framework\bin\defects4j line 195."
Time,17,CATG,default,1,0,False,error,0,0,False,0,0,0,0,0,0,0.0,"STATUS:ERROR:checkout Time-17b failed at D:\Lab_SQA\Defects4J_Projects\Time_17_b: exit=1
Checking out a8913f5a to D:\Lab_SQA\Defects4J_Projects\Time_17_b........... OK
Init local repository...................................................... OK
Tag post-fix revision...................................................... OK
Apply patch................................................................ OK
Run post-checkout hook..................................................... OK
Excluding broken/flaky tests............................................... OK
Excluding broken/flaky tests............................................... OK
Excluding broken/flaky tests............................................... OK
Initialize fixed program version........................................... FAIL
Executed command: cd D:\Lab_SQA\Defects4J_Projects\Time_17_b && git add -A 2>&1 && git commit -a -m ""D4J_Time_17_FIXED_VERSION"" 2>&1 && git tag --no-sign D4J_Time_17_FIXED_VERSION 2>&1
HEAD detached from a8913f5a
nothing to commit, working tree clean
Couldn't tag fixed program version! at D:/Lab_SQA/defects4j/framework/core/Project.pm line 478.
	Project::checkout_vid(Project::Time=HASH(0x209419691a8), ""17b"") called at D:/Lab_SQA/defects4j/framework/bin/d4j/d4j-checkout line 96
	require D:/Lab_SQA/defects4j/framework/bin/d4j/d4j-checkout called at D:\Lab_SQA\defects4j\framework\bin\defects4j line 195
Compilation failed in require at D:\Lab_SQA\defects4j\framework\bin\defects4j line 195."
Time,18,CATG,default,1,0,False,error,0,0,False,0,0,0,0,0,0,0.0,"STATUS:ERROR:checkout Time-18b failed at D:\Lab_SQA\Defects4J_Projects\Time_18_b: exit=1
Checking out b609d7d6 to D:\Lab_SQA\Defects4J_Projects\Time_18_b........... OK
Init local repository...................................................... OK
Tag post-fix revision...................................................... OK
Apply patch................................................................ OK
Run post-checkout hook..................................................... OK
Excluding broken/flaky tests............................................... OK
Excluding broken/flaky tests............................................... OK
Excluding broken/flaky tests............................................... OK
Initialize fixed program version........................................... FAIL
Executed command: cd D:\Lab_SQA\Defects4J_Projects\Time_18_b && git add -A 2>&1 && git commit -a -m ""D4J_Time_18_FIXED_VERSION"" 2>&1 && git tag --no-sign D4J_Time_18_FIXED_VERSION 2>&1
HEAD detached from b609d7d6
nothing to commit, working tree clean
Couldn't tag fixed program version! at D:/Lab_SQA/defects4j/framework/core/Project.pm line 478.
	Project::checkout_vid(Project::Time=HASH(0x190e13a2020), ""18b"") called at D:/Lab_SQA/defects4j/framework/bin/d4j/d4j-checkout line 96
	require D:/Lab_SQA/defects4j/framework/bin/d4j/d4j-checkout called at D:\Lab_SQA\defects4j\framework\bin\defects4j line 195
Compilation failed in require at D:\Lab_SQA\defects4j\framework\bin\defects4j line 195."
Time,19,CATG,default,1,0,False,error,0,0,False,0,0,0,0,0,0,0.0,"STATUS:ERROR:checkout Time-19b failed at D:\Lab_SQA\Defects4J_Projects\Time_19_b: exit=1
Checking out 82c5e4f9 to D:\Lab_SQA\Defects4J_Projects\Time_19_b........... OK
Init local repository...................................................... OK
Tag post-fix revision...................................................... OK
Apply patch................................................................ OK
Run post-checkout hook..................................................... OK
Excluding broken/flaky tests............................................... OK
Excluding broken/flaky tests............................................... OK
Excluding broken/flaky tests............................................... OK
Initialize fixed program version........................................... FAIL
Executed command: cd D:\Lab_SQA\Defects4J_Projects\Time_19_b && git add -A 2>&1 && git commit -a -m ""D4J_Time_19_FIXED_VERSION"" 2>&1 && git tag --no-sign D4J_Time_19_FIXED_VERSION 2>&1
HEAD detached from 82c5e4f9
nothing to commit, working tree clean
Couldn't tag fixed program version! at D:/Lab_SQA/defects4j/framework/core/Project.pm line 478.
	Project::checkout_vid(Project::Time=HASH(0x28de8911fa8), ""19b"") called at D:/Lab_SQA/defects4j/framework/bin/d4j/d4j-checkout line 96
	require D:/Lab_SQA/defects4j/framework/bin/d4j/d4j-checkout called at D:\Lab_SQA\defects4j\framework\bin\defects4j line 195
Compilation failed in require at D:\Lab_SQA\defects4j\framework\bin\defects4j line 195."
Time,20,CATG,default,1,0,False,error,0,0,False,0,0,0,0,0,0,0.0,"STATUS:ERROR:checkout Time-20b failed at D:\Lab_SQA\Defects4J_Projects\Time_20_b: exit=1
Checking out a92450e8 to D:\Lab_SQA\Defects4J_Projects\Time_20_b........... OK
Init local repository...................................................... OK
Tag post-fix revision...................................................... OK
Apply patch................................................................ OK
Run post-checkout hook..................................................... OK
Excluding broken/flaky tests............................................... OK
Excluding broken/flaky tests............................................... OK
Excluding broken/flaky tests............................................... OK
Initialize fixed program version........................................... FAIL
Executed command: cd D:\Lab_SQA\Defects4J_Projects\Time_20_b && git add -A 2>&1 && git commit -a -m ""D4J_Time_20_FIXED_VERSION"" 2>&1 && git tag --no-sign D4J_Time_20_FIXED_VERSION 2>&1
HEAD detached from a92450e8
nothing to commit, working tree clean
Couldn't tag fixed program version! at D:/Lab_SQA/defects4j/framework/core/Project.pm line 478.
	Project::checkout_vid(Project::Time=HASH(0x1a5a952ee80), ""20b"") called at D:/Lab_SQA/defects4j/framework/bin/d4j/d4j-checkout line 96
	require D:/Lab_SQA/defects4j/framework/bin/d4j/d4j-checkout called at D:\Lab_SQA\defects4j\framework\bin\defects4j line 195
Compilation failed in require at D:\Lab_SQA\defects4j\framework\bin\defects4j line 195."
Time,22,CATG,default,1,0,False,error,0,0,False,0,0,0,0,0,0,0.0,"STATUS:ERROR:checkout Time-22b failed at D:\Lab_SQA\Defects4J_Projects\Time_22_b: exit=128
Checking out 57c8aaf9 to D:\Lab_SQA\Defects4J_Projects\Time_22_b........... OK
Init local repository...................................................... OK
Tag post-fix revision...................................................... OK
Apply patch................................................................ OK
Run post-checkout hook..................................................... OK
Excluding broken/flaky tests............................................... OK
Excluding broken/flaky tests............................................... OK
Excluding broken/flaky tests............................................... OK
Backing up build file: D:\Lab_SQA\Defects4J_Projects\Time_22_b/build.xml... OK
Initialize fixed program version........................................... FAIL
Executed command: cd D:\Lab_SQA\Defects4J_Projects\Time_22_b && git add -A 2>&1 && git commit -a -m ""D4J_Time_22_FIXED_VERSION"" 2>&1 && git tag --no-sign D4J_Time_22_FIXED_VERSION 2>&1
[detached HEAD 571b63bc] D4J_Time_22_FIXED_VERSION
 2 files changed, 470 insertions(+), 1 deletion(-)
 create mode 100644 build.xml.bak
fatal: tag 'D4J_Time_22_FIXED_VERSION' already exists
Couldn't tag fixed program version! at D:/Lab_SQA/defects4j/framework/core/Project.pm line 478.
	Project::checkout_vid(Project::Time=HASH(0x1affc73d488), ""22b"") called at D:/Lab_SQA/defects4j/framework/bin/d4j/d4j-checkout line 96
	require D:/Lab_SQA/defects4j/framework/bin/d4j/d4j-checkout called at D:\Lab_SQA\defects4j\framework\bin\defects4j line 195
Compilation failed in require at D:\Lab_SQA\defects4j\framework\bin\defects4j line 195."
Time,23,CATG,default,1,1,True,completed,0,0,False,342,75,21.93,162,13,8.02,3.65,modified=org.joda.time.DateTimeZone;target=org.joda.time.DateTimeZone::getConvertedId;params=java.lang.String;catg_cases=1
Time,24,CATG,default,1,0,False,unsupported,0,0,False,0,0,0,0,0,0,3.82,STATUS:catg_runtime_interpreter:ClassCastException
Time,25,CATG,default,1,0,False,unsupported,0,0,False,0,0,0,0,0,0,0.0,STATUS:harness_limitation:abstract_class:getOffsetFromLocal
Time,26,CATG,default,1,0,False,unsupported,0,0,False,0,0,0,0,0,0,6.32,STATUS:catg_runtime_interpreter:ClassCastException
Time,27,CATG,default,1,0,False,unsupported,0,0,False,0,0,0,0,0,0,0.0,STATUS:harness_limitation:unsupported_type:List<Object> elementPairs:toFormatter
JacksonDatabind,66,CATG,default,1,0,False,error,0,0,False,0,0,0,0,0,0,0.0,"STATUS:ERROR:checkout JacksonDatabind-66b failed at D:\Lab_SQA\Defects4J_Projects\JacksonDatabind_66_b: exit=123
Checking out cd5430a9 to D:\Lab_SQA\Defects4J_Projects\JacksonDatabind_66_b OK
Init local repository...................................................... OK
Tag post-fix revision...................................................... OK
Apply patch................................................................ OK
Apply patch................................................................ OK
Apply patch................................................................ OK
Apply patch................................................................ OK
Correct Module ambiguity 1................................................. sed: can't read D:Lab_SQADefects4J_ProjectsJacksonDatabind_66_b/src/main/java/com/fasterxml/jackson/databind/module/SimpleModule.java: No such file or directory
sed: can't read D:Lab_SQADefects4J_ProjectsJacksonDatabind_66_b/src/test/java/com/fasterxml/jackson/databind/creators/TestCreatorNullValue.java: No such file or directory
sed: can't read D:Lab_SQADefects4J_ProjectsJacksonDatabind_66_b/src/test/java/com/fasterxml/jackson/databind/module/TestSimpleModule.java: No such file or directory
FAIL
Executed command: grep -lR ' extends Module$' D:\Lab_SQA\Defects4J_Projects\JacksonDatabind_66_b | xargs sed -i'.bak' -e 's/ extends Module$/ extends com.fasterxml.jackson.databind.Module/'
Died at D:/Lab_SQA/defects4j/framework/core/Project/JacksonDatabind.pm line 93.
Compilation failed in require at D:\Lab_SQA\defects4j\framework\bin\defects4j line 195."
JacksonDatabind,77,CATG,default,1,0,False,error,0,0,False,0,0,0,0,0,0,0.0,"STATUS:ERROR:checkout JacksonDatabind-77b failed at D:\Lab_SQA\Defects4J_Projects\JacksonDatabind_77_b: exit=123
Checking out 6ce32ffd to D:\Lab_SQA\Defects4J_Projects\JacksonDatabind_77_b OK
Init local repository...................................................... OK
Tag post-fix revision...................................................... OK
Apply patch................................................................ OK
Apply patch................................................................ OK
Apply patch................................................................ OK
Apply patch................................................................ OK
Correct Module ambiguity 1................................................. sed: can't read D:Lab_SQADefects4J_ProjectsJacksonDatabind_77_b/src/main/java/com/fasterxml/jackson/databind/module/SimpleModule.java: No such file or directory
sed: can't read D:Lab_SQADefects4J_ProjectsJacksonDatabind_77_b/src/test/java/com/fasterxml/jackson/databind/creators/TestCreatorNullValue.java: No such file or directory
sed: can't read D:Lab_SQADefects4J_ProjectsJacksonDatabind_77_b/src/test/java/com/fasterxml/jackson/databind/module/TestSimpleModule.java: No such file or directory
FAIL
Executed command: grep -lR ' extends Module$' D:\Lab_SQA\Defects4J_Projects\JacksonDatabind_77_b | xargs sed -i'.bak' -e 's/ extends Module$/ extends com.fasterxml.jackson.databind.Module/'
Died at D:/Lab_SQA/defects4j/framework/core/Project/JacksonDatabind.pm line 93.
Compilation failed in require at D:\Lab_SQA\defects4j\framework\bin\defects4j line 195."
JacksonDatabind,83,CATG,default,1,0,False,error,0,0,False,0,0,0,0,0,0,0.0,"STATUS:ERROR:checkout JacksonDatabind-83b failed at D:\Lab_SQA\Defects4J_Projects\JacksonDatabind_83_b: exit=123
Checking out 9a083ad5 to D:\Lab_SQA\Defects4J_Projects\JacksonDatabind_83_b OK
Init local repository...................................................... OK
Tag post-fix revision...................................................... OK
Apply patch................................................................ OK
Apply patch................................................................ OK
Apply patch................................................................ OK
Apply patch................................................................ OK
Correct Module ambiguity 1................................................. sed: can't read D:Lab_SQADefects4J_ProjectsJacksonDatabind_83_b/src/main/java/com/fasterxml/jackson/databind/module/SimpleModule.java: No such file or directory
sed: can't read D:Lab_SQADefects4J_ProjectsJacksonDatabind_83_b/src/test/java/com/fasterxml/jackson/databind/creators/TestCreatorNullValue.java: No such file or directory
sed: can't read D:Lab_SQADefects4J_ProjectsJacksonDatabind_83_b/src/test/java/com/fasterxml/jackson/databind/module/TestSimpleModule.java: No such file or directory
FAIL
Executed command: grep -lR ' extends Module$' D:\Lab_SQA\Defects4J_Projects\JacksonDatabind_83_b | xargs sed -i'.bak' -e 's/ extends Module$/ extends com.fasterxml.jackson.databind.Module/'
Died at D:/Lab_SQA/defects4j/framework/core/Project/JacksonDatabind.pm line 93.
Compilation failed in require at D:\Lab_SQA\defects4j\framework\bin\defects4j line 195."
JacksonDatabind,101,CATG,default,1,0,False,error,0,0,False,0,0,0,0,0,0,0.0,"STATUS:ERROR:checkout JacksonDatabind-101b failed at D:\Lab_SQA\Defects4J_Projects\JacksonDatabind_101_b: exit=123
Checking out 644831ce to D:\Lab_SQA\Defects4J_Projects\JacksonDatabind_101_ OK
Init local repository...................................................... OK
Tag post-fix revision...................................................... OK
Apply patch................................................................ OK
Apply patch................................................................ OK
Correct Module ambiguity 2................................................. sed: can't read D:Lab_SQADefects4J_ProjectsJacksonDatabind_101_b/src/main/java/com/fasterxml/jackson/databind/module/SimpleModule.java: No such file or directory
sed: can't read D:Lab_SQADefects4J_ProjectsJacksonDatabind_101_b/src/main/java/com/fasterxml/jackson/databind/Module.java: No such file or directory
sed: can't read D:Lab_SQADefects4J_ProjectsJacksonDatabind_101_b/src/main/java/com/fasterxml/jackson/databind/ObjectMapper.java: No such file or directory
FAIL
Executed command: grep -lR ' Module ' D:\Lab_SQA\Defects4J_Projects\JacksonDatabind_101_b | xargs sed -i'.bak' -e 's/ Module / com.fasterxml.jackson.databind.Module /'
Died at D:/Lab_SQA/defects4j/framework/core/Project/JacksonDatabind.pm line 100.
Compilation failed in require at D:\Lab_SQA\defects4j\framework\bin\defects4j line 195."
