project,bug,tool,budget,repetition,test_count,compile_ok,status,failing_on_buggy,failing_on_fixed,fault_detected,lines_total,lines_covered,line_cov_pct,branches_total,branches_covered,branch_cov_pct,generation_time_sec,notes
Chart,1,CATG,default,1,0,False,unsupported,0,0,False,0,0,0,0,0,0,0.0,STATUS:harness_limitation:abstract_class:getLegendItems
Chart,2,CATG,default,1,0,False,unsupported,0,0,False,0,0,0,0,0,0,0.0,STATUS:harness_limitation:unsupported_type:XYDataset dataset:iterateRangeBounds
Chart,3,CATG,default,1,0,False,unsupported,0,0,False,0,0,0,0,0,0,6.21,STATUS:catg_runtime_interpreter:ClassCastException
Chart,4,CATG,default,1,0,False,unsupported,0,0,False,0,0,0,0,0,0,0.0,STATUS:harness_limitation:unsupported_type:ValueAxis axis:getDataRange
Chart,5,CATG,default,1,0,False,unsupported,0,0,False,0,0,0,0,0,0,0.0,STATUS:harness_limitation:unsupported_type:Number x:addOrUpdate
Chart,6,CATG,default,1,0,False,unsupported,0,0,False,0,0,0,0,0,0,0.0,STATUS:harness_limitation:unsupported_type:Object obj:equals
Chart,7,CATG,default,1,0,False,unsupported,0,0,False,0,0,0,0,0,0,0.0,STATUS:dataset_metadata:source_patch_missing
Chart,8,CATG,default,1,0,False,unsupported,0,0,False,0,0,0,0,0,0,0.0,STATUS:target_discovery:no_source_method
Chart,9,CATG,default,1,0,False,unsupported,0,0,False,0,0,0,0,0,0,0.0,STATUS:harness_limitation:unsupported_type:RegularTimePeriod start:createCopy
Chart,10,CATG,default,1,1,True,completed,1,1,False,3,3,100.0,0,0,0.0,3.53,modified=org.jfree.chart.imagemap.StandardToolTipTagFragmentGenerator;target=org.jfree.chart.imagemap.StandardToolTipTagFragmentGenerator::generateToolTipFragment;params=java.lang.String;catg_cases=1
Chart,11,CATG,default,1,0,False,unsupported,0,0,False,0,0,0,0,0,0,0.0,STATUS:harness_limitation:unsupported_type:GeneralPath p1:equal
Chart,12,CATG,default,1,0,False,unsupported,0,0,False,0,0,0,0,0,0,0.0,STATUS:target_discovery:no_source_method
Chart,13,CATG,default,1,0,False,unsupported,0,0,False,0,0,0,0,0,0,0.0,STATUS:harness_limitation:unsupported_type:BlockContainer container:arrangeFF
Chart,14,CATG,default,1,0,False,unsupported,0,0,False,0,0,0,0,0,0,0.0,STATUS:harness_limitation:unsupported_type:Marker marker:removeDomainMarker
Chart,15,CATG,default,1,0,False,unsupported,0,0,False,0,0,0,0,0,0,3.84,STATUS:catg_runtime_interpreter:ArrayIndexOutOfBoundsException
Chart,16,CATG,default,1,0,False,unsupported,0,0,False,0,0,0,0,0,0,0.0,STATUS:harness_limitation:unsupported_type:Comparable[] categoryKeys:setCategoryKeys
Chart,17,CATG,default,1,1,True,completed,1,0,True,287,2,0.7,128,0,0.0,3.92,modified=org.jfree.data.time.TimeSeries;target=org.jfree.data.time.TimeSeries::clone;params=;catg_cases=1
Chart,18,CATG,default,1,0,False,unsupported,0,0,False,0,0,0,0,0,0,3.2,STATUS:catg_runtime_interpreter:ClassCastException
Chart,19,CATG,default,1,0,False,unsupported,0,0,False,0,0,0,0,0,0,0.0,STATUS:harness_limitation:unsupported_type:ValueAxis axis:getRangeAxisIndex
Chart,20,CATG,default,1,0,False,unsupported,0,0,False,0,0,0,0,0,0,0.0,STATUS:target_discovery:no_source_method
Chart,21,CATG,default,1,0,False,unsupported,0,0,False,0,0,0,0,0,0,3.2,STATUS:catg_runtime_interpreter:ClassCastException
Chart,22,CATG,default,1,0,False,unsupported,0,0,False,0,0,0,0,0,0,3.29,STATUS:catg_runtime_interpreter:ClassCastException
Chart,23,CATG,default,1,0,False,error,0,0,False,0,0,0,0,0,0,5.48,"STATUS:ERROR:CATG failed with exit 1:
Now testing catg.generated.CatgHarness_79232c868a

========== Input 1 ==========
WARNING: 
java.lang.NoSuchMethodException: org.jfree.chart.renderer.category.MinMaxCategoryRenderer.Icon()
	at java.lang.Class.getDeclaredMethod(Class.java:2130)
	at catg.generated.CatgHarness_79232c868a.main(CatgHarness_79232c868a.java:14)
Java exited with status 1"
Chart,24,CATG,default,1,0,False,unsupported,0,0,False,0,0,0,0,0,0,0.0,STATUS:harness_limitation:unsupported_type:double value:getPaint
Chart,25,CATG,default,1,0,False,unsupported,0,0,False,0,0,0,0,0,0,0.0,STATUS:harness_limitation:unsupported_type:Graphics2D g2:drawVerticalItem
Chart,26,CATG,default,1,0,False,unsupported,0,0,False,0,0,0,0,0,0,0.0,STATUS:harness_limitation:unsupported_type:Graphics2D g2:drawLabel
Cli,1,CATG,default,1,5,True,completed,0,0,False,45,11,24.44,14,2,14.29,7.43,modified=org.apache.commons.cli.CommandLine;target=org.apache.commons.cli.CommandLine::getOptionValues;params=java.lang.String;catg_cases=5
Cli,2,CATG,default,1,5,True,completed,0,0,False,68,6,8.82,42,1,2.38,8.2,"modified=org.apache.commons.cli.PosixParser;target=org.apache.commons.cli.PosixParser::burstToken;params=java.lang.String,boolean;catg_cases=5"
Cli,3,CATG,default,1,5,True,completed,0,0,False,55,4,7.27,20,0,0.0,9.09,modified=org.apache.commons.cli.TypeHandler;target=org.apache.commons.cli.TypeHandler::createNumber;params=java.lang.String;catg_cases=5
Cli,4,CATG,default,1,0,False,unsupported,0,0,False,0,0,0,0,0,0,0.0,STATUS:harness_limitation:abstract_class:checkRequiredOptions
Cli,5,CATG,default,1,5,True,completed,0,0,False,11,4,36.36,8,3,37.5,5.71,modified=org.apache.commons.cli.Util;target=org.apache.commons.cli.Util::stripLeadingHyphens;params=java.lang.String;catg_cases=5
Cli,7,CATG,default,1,0,False,unsupported,0,0,False,0,0,0,0,0,0,0.0,STATUS:target_discovery:no_source_method
Cli,8,CATG,default,1,0,False,unsupported,0,0,False,0,0,0,0,0,0,0.0,STATUS:harness_limitation:unsupported_type:StringBuffer sb:renderWrappedText
Cli,9,CATG,default,1,0,False,unsupported,0,0,False,0,0,0,0,0,0,0.0,STATUS:harness_limitation:abstract_class:checkRequiredOptions
Cli,10,CATG,default,1,0,False,unsupported,0,0,False,0,0,0,0,0,0,0.0,STATUS:harness_limitation:unsupported_type:final Options options:setOptions
Cli,11,CATG,default,1,0,False,unsupported,0,0,False,0,0,0,0,0,0,0.0,STATUS:harness_limitation:unsupported_type:final StringBuffer buff:appendOption
Cli,12,CATG,default,1,0,False,unsupported,0,0,False,0,0,0,0,0,0,0.0,STATUS:harness_limitation:unsupported_type:Options options:flatten
Cli,13,CATG,default,1,0,False,unsupported,0,0,False,0,0,0,0,0,0,0.0,STATUS:harness_limitation:unsupported_type:final Option option:getSwitch
Cli,14,CATG,default,1,0,False,unsupported,0,0,False,0,0,0,0,0,0,0.0,STATUS:harness_limitation:unsupported_type:final WriteableCommandLine commandLine:validate
Cli,15,CATG,default,1,0,False,unsupported,0,0,False,0,0,0,0,0,0,0.0,STATUS:harness_limitation:unsupported_type:final Option option:getValues
Cli,16,CATG,default,1,0,False,unsupported,0,0,False,0,0,0,0,0,0,0.0,STATUS:harness_limitation:unsupported_type:final Set prefixes:checkPrefixes
Cli,17,CATG,default,1,5,True,completed,0,0,False,67,5,7.46,42,1,2.38,6.73,"modified=org.apache.commons.cli.PosixParser;target=org.apache.commons.cli.PosixParser::burstToken;params=java.lang.String,boolean;catg_cases=5"
Cli,18,CATG,default,1,0,False,unsupported,0,0,False,0,0,0,0,0,0,2.78,STATUS:concrete_runner:ERROR:java.lang.NoSuchMethodException:org.apache.commons.cli.PosixParser.processSingleHyphen(java.lang.String)
Cli,19,CATG,default,1,1,True,completed,0,0,False,65,3,4.62,42,0,0.0,3.26,"modified=org.apache.commons.cli.PosixParser;target=org.apache.commons.cli.PosixParser::processOptionToken;params=java.lang.String,boolean;catg_cases=1"
Cli,20,CATG,default,1,0,False,unsupported,0,0,False,0,0,0,0,0,0,0.0,STATUS:harness_limitation:unsupported_type:Options options:flatten
Cli,21,CATG,default,1,1,True,completed,0,0,False,294,2,0.68,188,0,0.0,3.09,modified=org.apache.commons.cli2.WriteableCommandLine;org.apache.commons.cli2.commandline.WriteableCommandLineImpl;org.apache.commons.cli2.option.GroupImpl;target=org.apache.commons.cli2.commandline.WriteableCommandLineImpl::toString;params=;catg_cases=1
Cli,22,CATG,default,1,5,True,completed,0,0,False,57,5,8.77,38,1,2.63,5.24,"modified=org.apache.commons.cli.PosixParser;target=org.apache.commons.cli.PosixParser::burstToken;params=java.lang.String,boolean;catg_cases=5"
Cli,23,CATG,default,1,0,False,unsupported,0,0,False,0,0,0,0,0,0,0.0,STATUS:harness_limitation:unsupported_type:StringBuffer sb:renderWrappedText
Cli,24,CATG,default,1,0,False,unsupported,0,0,False,0,0,0,0,0,0,0.0,STATUS:harness_limitation:unsupported_type:StringBuffer sb:renderWrappedText
Cli,25,CATG,default,1,0,False,unsupported,0,0,False,0,0,0,0,0,0,0.0,STATUS:harness_limitation:unsupported_type:StringBuffer sb:renderWrappedText
Cli,26,CATG,default,1,5,True,completed,0,0,False,61,23,37.7,4,0,0.0,5.57,modified=org.apache.commons.cli.OptionBuilder;target=org.apache.commons.cli.OptionBuilder::create;params=java.lang.String;catg_cases=5
Cli,27,CATG,default,1,0,False,unsupported,0,0,False,0,0,0,0,0,0,0.0,STATUS:harness_limitation:unsupported_type:Option option:setSelected
Cli,28,CATG,default,1,0,False,unsupported,0,0,False,0,0,0,0,0,0,0.0,STATUS:harness_limitation:unsupported_type:Properties properties:processProperties
Cli,29,CATG,default,1,5,True,completed,5,0,True,14,5,35.71,10,2,20.0,2.84,modified=org.apache.commons.cli.Util;target=org.apache.commons.cli.Util::stripLeadingAndTrailingQuotes;params=java.lang.String;catg_cases=5
Cli,30,CATG,default,1,0,False,unsupported,0,0,False,0,0,0,0,0,0,0.0,STATUS:harness_limitation:unsupported_type:Properties properties:handleProperties
Cli,31,CATG,default,1,1,True,completed,0,0,False,386,15,3.89,208,0,0.0,1.32,modified=org.apache.commons.cli.HelpFormatter;org.apache.commons.cli.Option;org.apache.commons.cli.OptionBuilder;target=org.apache.commons.cli.OptionBuilder::reset;params=;catg_cases=1
Cli,32,CATG,default,1,0,False,unsupported,0,0,False,0,0,0,0,0,0,1.25,STATUS:catg_runtime_interpreter:ClassCastException
Cli,33,CATG,default,1,0,False,unsupported,0,0,False,0,0,0,0,0,0,1.35,STATUS:catg_runtime_interpreter:ClassCastException
Cli,34,CATG,default,1,1,True,completed,0,0,False,180,15,8.33,88,0,0.0,1.31,modified=org.apache.commons.cli.Option;org.apache.commons.cli.OptionBuilder;target=org.apache.commons.cli.OptionBuilder::reset;params=;catg_cases=1
Cli,35,CATG,default,1,5,True,completed,0,0,False,57,9,15.79,20,1,5.0,2.97,modified=org.apache.commons.cli.Options;target=org.apache.commons.cli.Options::getMatchingOptions;params=java.lang.String;catg_cases=5
Cli,36,CATG,default,1,0,False,unsupported,0,0,False,0,0,0,0,0,0,0.0,STATUS:target_discovery:no_source_method
Cli,37,CATG,default,1,0,False,unsupported,0,0,False,0,0,0,0,0,0,1.3,STATUS:catg_runtime_interpreter:ClassCastException
Cli,38,CATG,default,1,0,False,unsupported,0,0,False,0,0,0,0,0,0,1.2,STATUS:catg_runtime_interpreter:ClassCastException
Cli,39,CATG,default,1,0,False,unsupported,0,0,False,0,0,0,0,0,0,0.0,STATUS:harness_limitation:unsupported_type:final Class<?> clazz:createValue
Cli,40,CATG,default,1,0,False,unsupported,0,0,False,0,0,0,0,0,0,0.0,STATUS:harness_limitation:unsupported_type:final Class<T> clazz:createValue
Closure,1,CATG,default,1,0,False,unsupported,0,0,False,0,0,0,0,0,0,0.0,STATUS:harness_limitation:unsupported_type:Scope fnScope:removeUnreferencedFunctionArgs
Closure,2,CATG,default,1,0,False,unsupported,0,0,False,0,0,0,0,0,0,0.0,STATUS:harness_limitation:unsupported_type:NodeTraversal t:checkInterfaceConflictProperties
Closure,3,CATG,default,1,0,False,unsupported,0,0,False,0,0,0,0,0,0,3.92,STATUS:concrete_runner:ERROR:java.lang.NoSuchMethodException:com.google.javascript.jscomp.FlowSensitiveInlineVariables$Candidate.canInline()
Closure,4,CATG,default,1,0,False,unsupported,0,0,False,0,0,0,0,0,0,0.0,STATUS:harness_limitation:unsupported_type:ErrorReporter t:resolveInternal
Closure,5,CATG,default,1,0,False,unsupported,0,0,False,0,0,0,0,0,0,0.0,STATUS:harness_limitation:unsupported_type:List<Reference> refs:isInlinableObject
Closure,6,CATG,default,1,0,False,unsupported,0,0,False,0,0,0,0,0,0,0.0,STATUS:harness_limitation:unsupported_type:NodeTraversal t:expectCanAssignToPropertyOf
Closure,7,CATG,default,1,0,False,unsupported,0,0,False,0,0,0,0,0,0,0.0,STATUS:harness_limitation:unsupported_type:ObjectType type:caseObjectType
Closure,8,CATG,default,1,1,True,completed,0,0,False,84,1,1.19,52,0,0.0,3.06,modified=com.google.javascript.jscomp.CollapseVariableDeclarations;target=com.google.javascript.jscomp.CollapseVariableDeclarations::applyCollapses;params=;catg_cases=1
Closure,9,CATG,default,1,1,True,completed,0,0,False,108,1,0.93,42,0,0.0,3.65,modified=com.google.javascript.jscomp.ProcessCommonJSModules;target=com.google.javascript.jscomp.ProcessCommonJSModules::normalizeSourceName;params=java.lang.String;catg_cases=1
Closure,10,CATG,default,1,0,False,unsupported,0,0,False,0,0,0,0,0,0,0.0,STATUS:harness_limitation:unsupported_type:Node n:mayBeString
Closure,11,CATG,default,1,0,False,unsupported,0,0,False,0,0,0,0,0,0,0.0,STATUS:harness_limitation:unsupported_type:NodeTraversal t:visitGetProp
Closure,12,CATG,default,1,0,False,unsupported,0,0,False,0,0,0,0,0,0,0.0,STATUS:harness_limitation:unsupported_type:Node n:computeMayUse
Closure,13,CATG,default,1,0,False,unsupported,0,0,False,0,0,0,0,0,0,0.0,STATUS:harness_limitation:unsupported_type:Node node:traverse
Closure,14,CATG,default,1,0,False,unsupported,0,0,False,0,0,0,0,0,0,0.0,STATUS:harness_limitation:unsupported_type:Node fromNode:computeFollowNode
Closure,15,CATG,default,1,0,False,unsupported,0,0,False,0,0,0,0,0,0,0.0,STATUS:harness_limitation:unsupported_type:Node n:apply
Closure,16,CATG,default,1,0,False,unsupported,0,0,False,0,0,0,0,0,0,0.0,STATUS:harness_limitation:unsupported_type:Node typeNode:fixTypeNode
Closure,17,CATG,default,1,0,False,unsupported,0,0,False,0,0,0,0,0,0,0.0,STATUS:harness_limitation:unsupported_type:JSDocInfo info:getDeclaredType
Closure,18,CATG,default,1,0,False,unsupported,0,0,False,0,0,0,0,0,0,3.23,STATUS:catg_runtime_interpreter:ArrayIndexOutOfBoundsException
Closure,19,CATG,default,1,0,False,unsupported,0,0,False,0,0,0,0,0,0,0.0,STATUS:harness_limitation:unsupported_type:FlowScope scope:declareNameInScope
Closure,20,CATG,default,1,0,False,unsupported,0,0,False,0,0,0,0,0,0,0.0,STATUS:harness_limitation:unsupported_type:Node n:tryFoldSimpleFunctionCall
Closure,21,CATG,default,1,0,False,unsupported,0,0,False,0,0,0,0,0,0,0.0,STATUS:harness_limitation:unsupported_type:NodeTraversal t:visit
Closure,22,CATG,default,1,0,False,unsupported,0,0,False,0,0,0,0,0,0,0.0,STATUS:harness_limitation:unsupported_type:NodeTraversal t:visit
Closure,23,CATG,default,1,0,False,unsupported,0,0,False,0,0,0,0,0,0,0.0,STATUS:harness_limitation:unsupported_type:Node n:tryFoldArrayAccess
Closure,24,CATG,default,1,0,False,unsupported,0,0,False,0,0,0,0,0,0,0.0,STATUS:harness_limitation:unsupported_type:NodeTraversal t:findAliases
Closure,25,CATG,default,1,0,False,unsupported,0,0,False,0,0,0,0,0,0,0.0,STATUS:harness_limitation:unsupported_type:Node n:traverseNew
Closure,26,CATG,default,1,0,False,unsupported,0,0,False,0,0,0,0,0,0,0.0,STATUS:harness_limitation:unsupported_type:Node script:emitOptionalModuleExportsOverride
Closure,27,CATG,default,1,0,False,unsupported,0,0,False,0,0,0,0,0,0,0.0,STATUS:harness_limitation:unsupported_type:Node tryBody:tryFinally
Closure,28,CATG,default,1,0,False,unsupported,0,0,False,0,0,0,0,0,0,0.0,STATUS:target_discovery:no_source_method
Closure,29,CATG,default,1,0,False,unsupported,0,0,False,0,0,0,0,0,0,0.0,STATUS:harness_limitation:unsupported_type:List<Reference> refs:isInlinableObject
Closure,30,CATG,default,1,0,False,error,0,0,False,0,0,0,0,0,0,3.15,"STATUS:ERROR:CATG failed with exit 1:
Now testing catg.generated.CatgHarness_94d49545b0

========== Input 1 ==========
WARNING: 
java.lang.NoSuchMethodException: com.google.javascript.jscomp.MustBeReachingVariableDef.AbstractCfgNodeTraversalCallback()
	at java.lang.Class.getDeclaredMethod(Class.java:2130)
	at catg.generated.CatgHarness_94d49545b0.main(CatgHarness_94d49545b0.java:14)
Java exited with status 1"
Closure,31,CATG,default,1,0,False,unsupported,0,0,False,0,0,0,0,0,0,3.05,STATUS:catg_runtime_interpreter:ArrayIndexOutOfBoundsException
Closure,32,CATG,default,1,0,False,unsupported,0,0,False,0,0,0,0,0,0,0.0,STATUS:harness_limitation:unsupported_type:JsDocToken token:extractMultilineTextualBlock
Closure,33,CATG,default,1,0,False,unsupported,0,0,False,0,0,0,0,0,0,0.0,STATUS:harness_limitation:unsupported_type:ObjectType constraintObj:matchConstraint
Closure,34,CATG,default,1,0,False,unsupported,0,0,False,0,0,0,0,0,0,3.15,STATUS:catg_runtime_interpreter:ClassCastException
Closure,35,CATG,default,1,0,False,unsupported,0,0,False,0,0,0,0,0,0,0.0,STATUS:harness_limitation:unsupported_type:JSType type:inferPropertyTypesToMatchConstraint
Closure,36,CATG,default,1,0,False,unsupported,0,0,False,0,0,0,0,0,0,0.0,STATUS:harness_limitation:unsupported_type:Reference declaration:canInline
Closure,37,CATG,default,1,0,False,unsupported,0,0,False,0,0,0,0,0,0,0.0,STATUS:harness_limitation:unsupported_type:FunctionNode functionNode:processFunctionNode
Closure,38,CATG,default,1,0,False,unsupported,0,0,False,0,0,0,0,0,0,0.0,STATUS:harness_limitation:unsupported_type:double x:addNumber
Closure,39,CATG,default,1,0,False,error,0,0,False,0,0,0,0,0,0,2.9,"STATUS:ERROR:CATG failed with exit 1:
Now testing catg.generated.CatgHarness_38cf4b8acf

========== Input 1 ==========
WARNING: 
java.lang.LinkageError: loader (instance of  sun/misc/Launcher$AppClassLoader): attempted  duplicate class definition for name: ""com/google/javascript/rhino/jstype/PrototypeObjectType""
	at java.lang.ClassLoader.defineClass1(Native Method)
	at java.lang.ClassLoader.defineClass(ClassLoader.java:756)
	at java.security.SecureClassLoader.defineClass(SecureClassLoader.java:142)
	at java.net.URLClassLoader.defineClass(URLClassLoader.java:473)
	at java.net.URLClassLoader.access$100(URLClassLoader.java:74)
	at java.net.URLClassLoader$1.run(URLClassLoader.java:369)
	at java.net.URLClassLoader$1.run(URLClassLoader.java:363)
	at java.security.AccessController.doPrivileged(Native Method)
	at java.net.URLClassLoader.findClass(URLClassLoader.java:362)
	at java.lang.ClassLoader.loadClass(ClassLoader.java:418)
	at sun.misc.Launcher$AppClassLoader.loadClass(Launcher.java:352)
	at java.lang.ClassLoader.loadClass(ClassLoader.java:351)
	at java.lang.Class.forName0(Native Method)
	at java.lang.Class.forName(Class.java:264)
	at catg.generated.CatgHarness_38cf4b8acf.main(CatgHarness_38cf4b8acf.java:12)
Java exited with status 1"
Closure,40,CATG,default,1,0,False,unsupported,0,0,False,0,0,0,0,0,0,0.0,STATUS:harness_limitation:unsupported_type:NodeTraversal t:visit
Closure,41,CATG,default,1,0,False,unsupported,0,0,False,0,0,0,0,0,0,0.0,STATUS:harness_limitation:unsupported_type:@Nullable Node argsParent:inferParameterTypes
Closure,42,CATG,default,1,0,False,unsupported,0,0,False,0,0,0,0,0,0,0.0,STATUS:harness_limitation:unsupported_type:ForInLoop loopNode:processForInLoop
Closure,43,CATG,default,1,0,False,unsupported,0,0,False,0,0,0,0,0,0,0.0,STATUS:harness_limitation:unsupported_type:Node objectLit:defineObjectLiteral
Closure,44,CATG,default,1,0,False,unsupported,0,0,False,0,0,0,0,0,0,0.0,STATUS:harness_limitation:abstract_class:add
Closure,45,CATG,default,1,1,True,completed,0,0,False,384,3,0.78,281,0,0.0,3.38,modified=com.google.javascript.jscomp.RemoveUnusedVars;target=com.google.javascript.jscomp.RemoveUnusedVars::interpretAssigns;params=;catg_cases=1
Closure,46,CATG,default,1,0,False,unsupported,0,0,False,0,0,0,0,0,0,0.0,STATUS:harness_limitation:unsupported_type:JSType that:getLeastSupertype
Closure,47,CATG,default,1,0,False,unsupported,0,0,False,0,0,0,0,0,0,0.0,STATUS:harness_limitation:unsupported_type:Node node:addMapping
Closure,48,CATG,default,1,0,False,unsupported,0,0,False,0,0,0,0,0,0,0.0,STATUS:harness_limitation:unsupported_type:NodeTraversal t:maybeDeclareQualifiedName
Closure,49,CATG,default,1,0,False,unsupported,0,0,False,0,0,0,0,0,0,0.0,STATUS:harness_limitation:unsupported_type:NodeTraversal t:shouldTraverse
Closure,50,CATG,default,1,0,False,unsupported,0,0,False,0,0,0,0,0,0,0.0,STATUS:harness_limitation:unsupported_type:Node n:tryFoldArrayJoin
Closure,51,CATG,default,1,0,False,unsupported,0,0,False,0,0,0,0,0,0,2.99,STATUS:catg_runtime_interpreter:ClassCastException
Closure,52,CATG,default,1,0,False,unsupported,0,0,False,0,0,0,0,0,0,3.66,STATUS:catg_runtime_interpreter:ClassCastException
Closure,53,CATG,default,1,0,False,unsupported,0,0,False,0,0,0,0,0,0,0.0,STATUS:harness_limitation:unsupported_type:Var v:replaceAssignmentExpression
Closure,54,CATG,default,1,0,False,unsupported,0,0,False,0,0,0,0,0,0,0.0,STATUS:harness_limitation:unsupported_type:NodeTraversal t:maybeDeclareQualifiedName
Closure,55,CATG,default,1,0,False,unsupported,0,0,False,0,0,0,0,0,0,0.0,STATUS:harness_limitation:unsupported_type:Node n:isReduceableFunctionExpression
Closure,56,CATG,default,1,0,False,unsupported,0,0,False,0,0,0,0,0,0,3.16,STATUS:catg_runtime_interpreter:ClassCastException
Closure,57,CATG,default,1,0,False,unsupported,0,0,False,0,0,0,0,0,0,0.0,STATUS:harness_limitation:unsupported_type:Node node:extractClassNameIfGoog
Closure,58,CATG,default,1,0,False,unsupported,0,0,False,0,0,0,0,0,0,0.0,STATUS:harness_limitation:unsupported_type:Node n:computeGenKill
Closure,59,CATG,default,1,0,False,unsupported,0,0,False,0,0,0,0,0,0,0.0,STATUS:harness_limitation:unsupported_type:CompilerOptions options:initOptions
Closure,60,CATG,default,1,0,False,unsupported,0,0,False,0,0,0,0,0,0,0.0,STATUS:harness_limitation:unsupported_type:Node n:getPureBooleanValue
Closure,61,CATG,default,1,0,False,unsupported,0,0,False,0,0,0,0,0,0,0.0,STATUS:harness_limitation:unsupported_type:Node callNode:functionCallHasSideEffects
Closure,62,CATG,default,1,0,False,unsupported,0,0,False,0,0,0,0,0,0,0.0,STATUS:harness_limitation:unsupported_type:JSError error:format
Closure,64,CATG,default,1,0,False,unsupported,0,0,False,0,0,0,0,0,0,2.14,STATUS:catg_runtime_interpreter:ArrayIndexOutOfBoundsException
Closure,65,CATG,default,1,0,False,unsupported,0,0,False,0,0,0,0,0,0,0.0,STATUS:harness_limitation:unsupported_type:CharsetEncoder outputCharsetEncoder:strEscape
Closure,66,CATG,default,1,0,False,unsupported,0,0,False,0,0,0,0,0,0,0.0,STATUS:harness_limitation:unsupported_type:NodeTraversal t:visit
Closure,67,CATG,default,1,0,False,unsupported,0,0,False,0,0,0,0,0,0,0.0,STATUS:harness_limitation:unsupported_type:Node assign:isPrototypePropertyAssign
Closure,68,CATG,default,1,0,False,error,0,0,False,0,0,0,0,0,0,2.07,"STATUS:ERROR:CATG failed with exit 1:
Now testing catg.generated.CatgHarness_7d59407298

========== Input 1 ==========
WARNING: 
java.lang.LinkageError: loader (instance of  sun/misc/Launcher$AppClassLoader): attempted  duplicate class definition for name: ""com/google/common/collect/RegularImmutableList""
	at java.lang.ClassLoader.defineClass1(Native Method)
	at java.lang.ClassLoader.defineClass(ClassLoader.java:756)
	at java.security.SecureClassLoader.defineClass(SecureClassLoader.java:142)
	at java.net.URLClassLoader.defineClass(URLClassLoader.java:473)
	at java.net.URLClassLoader.access$100(URLClassLoader.java:74)
	at java.net.URLClassLoader$1.run(URLClassLoader.java:369)
	at java.net.URLClassLoader$1.run(URLClassLoader.java:363)
	at java.security.AccessController.doPrivileged(Native Method)
	at java.net.URLClassLoader.findClass(URLClassLoader.java:362)
	at java.lang.ClassLoader.loadClass(ClassLoader.java:418)
	at sun.misc.Launcher$AppClassLoader.loadClass(Launcher.java:352)
	at java.lang.ClassLoader.loadClass(ClassLoader.java:351)
	at java.lang.ClassLoader.defineClass1(Native Method)
	at java.lang.ClassLoader.defineClass(ClassLoader.java:756)
	at java.security.SecureClassLoader.defineClass(SecureClassLoader.java:142)
	at java.net.URLClassLoader.defineClass(URLClassLoader.java:473)
	at java.net.URLClassLoader.access$100(URLClassLoader.java:74)
	at java.net.URLClassLoader$1.run(URLClassLoader.java:369)
	at java.net.URLClassLoader$1.run(URLClassLoader.java:363)
	at java.security.AccessController.doPrivileged(Native Method)
	at java.net.URLClassLoader.findClass(URLClassLoader.java:362)
	at java.lang.ClassLoader.loadClass(ClassLoader.java:418)
	at sun.misc.Launcher$AppClassLoader.loadClass(Launcher.java:352)
	at java.lang.ClassLoader.loadClass(ClassLoader.java:351)
	at com.google.javascript.jscomp.parsing.JsDocInfoParser.<clinit>(JsDocInfoParser.java:92)
	at java.lang.Class.forName0(Native Method)
	at java.lang.Class.forName(Class.java:264)
	at catg.generated.CatgHarness_7d59407298.main(CatgHarness_7d59407298.java:12)
Java exited with status 1"
Closure,69,CATG,default,1,0,False,unsupported,0,0,False,0,0,0,0,0,0,0.0,STATUS:harness_limitation:unsupported_type:NodeTraversal t:visitCall
Closure,70,CATG,default,1,0,False,unsupported,0,0,False,0,0,0,0,0,0,0.0,STATUS:harness_limitation:unsupported_type:Node functionNode:declareArguments
Closure,71,CATG,default,1,0,False,unsupported,0,0,False,0,0,0,0,0,0,0.0,STATUS:harness_limitation:unsupported_type:NodeTraversal t:checkPropertyVisibility
Closure,72,CATG,default,1,0,False,unsupported,0,0,False,0,0,0,0,0,0,0.0,STATUS:harness_limitation:unsupported_type:Node node:visitLabel
Closure,73,CATG,default,1,0,False,unsupported,0,0,False,0,0,0,0,0,0,0.0,STATUS:harness_limitation:unsupported_type:CharsetEncoder outputCharsetEncoder:strEscape
Closure,74,CATG,default,1,0,False,unsupported,0,0,False,0,0,0,0,0,0,0.0,STATUS:harness_limitation:unsupported_type:Node left:compareAsNumbers
Closure,75,CATG,default,1,0,False,error,0,0,False,0,0,0,0,0,0,2.24,"STATUS:ERROR:CATG failed with exit 1:
Now testing catg.generated.CatgHarness_8b2392caee

========== Input 1 ==========
WARNING: 
java.lang.LinkageError: loader (instance of  sun/misc/Launcher$AppClassLoader): attempted  duplicate class definition for name: ""com/google/common/collect/RegularImmutableList""
	at java.lang.ClassLoader.defineClass1(Native Method)
	at java.lang.ClassLoader.defineClass(ClassLoader.java:756)
	at java.security.SecureClassLoader.defineClass(SecureClassLoader.java:142)
	at java.net.URLClassLoader.defineClass(URLClassLoader.java:473)
	at java.net.URLClassLoader.access$100(URLClassLoader.java:74)
	at java.net.URLClassLoader$1.run(URLClassLoader.java:369)
	at java.net.URLClassLoader$1.run(URLClassLoader.java:363)
	at java.security.AccessController.doPrivileged(Native Method)
	at java.net.URLClassLoader.findClass(URLClassLoader.java:362)
	at java.lang.ClassLoader.loadClass(ClassLoader.java:418)
	at sun.misc.Launcher$AppClassLoader.loadClass(Launcher.java:352)
	at java.lang.ClassLoader.loadClass(ClassLoader.java:351)
	at java.lang.ClassLoader.defineClass1(Native Method)
	at java.lang.ClassLoader.defineClass(ClassLoader.java:756)
	at java.security.SecureClassLoader.defineClass(SecureClassLoader.java:142)
	at java.net.URLClassLoader.defineClass(URLClassLoader.java:473)
	at java.net.URLClassLoader.access$100(URLClassLoader.java:74)
	at java.net.URLClassLoader$1.run(URLClassLoader.java:369)
	at java.net.URLClassLoader$1.run(URLClassLoader.java:363)
	at java.security.AccessController.doPrivileged(Native Method)
	at java.net.URLClassLoader.findClass(URLClassLoader.java:362)
	at java.lang.ClassLoader.loadClass(ClassLoader.java:418)
	at sun.misc.Launcher$AppClassLoader.loadClass(Launcher.java:352)
	at java.lang.ClassLoader.loadClass(ClassLoader.java:351)
	at com.google.javascript.jscomp.NodeUtil.<clinit>(NodeUtil.java:894)
	at java.lang.Class.forName0(Native Method)
	at java.lang.Class.forName(Class.java:264)
	at catg.generated.CatgHarness_8b2392caee.main(CatgHarness_8b2392caee.java:12)
Java exited with status 1"
Closure,76,CATG,default,1,0,False,unsupported,0,0,False,0,0,0,0,0,0,0.0,STATUS:harness_limitation:unsupported_type:Node n:isVariableStillLiveWithinExpression
Closure,77,CATG,default,1,0,False,unsupported,0,0,False,0,0,0,0,0,0,0.0,STATUS:harness_limitation:unsupported_type:CharsetEncoder outputCharsetEncoder:strEscape
Closure,78,CATG,default,1,0,False,unsupported,0,0,False,0,0,0,0,0,0,0.0,STATUS:harness_limitation:unsupported_type:Node left:performArithmeticOp
Closure,79,CATG,default,1,0,False,unsupported,0,0,False,0,0,0,0,0,0,1.98,STATUS:catg_runtime_interpreter:ArrayIndexOutOfBoundsException
Closure,80,CATG,default,1,0,False,unsupported,0,0,False,0,0,0,0,0,0,0.0,STATUS:harness_limitation:unsupported_type:Node value:evaluatesToLocalValue
Closure,81,CATG,default,1,0,False,unsupported,0,0,False,0,0,0,0,0,0,0.0,STATUS:harness_limitation:unsupported_type:FunctionNode functionNode:processFunctionNode
Closure,82,CATG,default,1,0,False,unsupported,0,0,False,0,0,0,0,0,0,0.0,STATUS:harness_limitation:abstract_class:isEmptyType
Closure,83,CATG,default,1,0,False,unsupported,0,0,False,0,0,0,0,0,0,0.0,STATUS:harness_limitation:unsupported_type:Parameters params:parseArguments
Closure,84,CATG,default,1,0,False,unsupported,0,0,False,0,0,0,0,0,0,0.0,STATUS:harness_limitation:unsupported_type:VariableDeclaration declarationNode:processVariableDeclaration
Closure,85,CATG,default,1,0,False,unsupported,0,0,False,0,0,0,0,0,0,0.0,STATUS:harness_limitation:unsupported_type:Node n:tryRemoveUnconditionalBranching
Closure,86,CATG,default,1,0,False,unsupported,0,0,False,0,0,0,0,0,0,0.0,STATUS:harness_limitation:unsupported_type:Node value:evaluatesToLocalValue
Closure,87,CATG,default,1,0,False,unsupported,0,0,False,0,0,0,0,0,0,0.0,STATUS:harness_limitation:unsupported_type:Node n:isFoldableExpressBlock
Closure,88,CATG,default,1,0,False,unsupported,0,0,False,0,0,0,0,0,0,0.0,STATUS:harness_limitation:unsupported_type:Node n:isVariableReadBeforeKill
Closure,89,CATG,default,1,0,False,unsupported,0,0,False,0,0,0,0,0,0,1.86,STATUS:catg_runtime_interpreter:ArrayIndexOutOfBoundsException
Closure,90,CATG,default,1,0,False,unsupported,0,0,False,0,0,0,0,0,0,0.0,STATUS:harness_limitation:unsupported_type:ErrorReporter t:resolveInternal
Closure,91,CATG,default,1,0,False,unsupported,0,0,False,0,0,0,0,0,0,0.0,STATUS:harness_limitation:unsupported_type:NodeTraversal t:shouldTraverse
Closure,92,CATG,default,1,1,True,completed,0,0,False,409,3,0.73,258,1,0.39,1.67,modified=com.google.javascript.jscomp.ProcessClosurePrimitives;target=com.google.javascript.jscomp.ProcessClosurePrimitives$ProvidedName::replace;params=;catg_cases=1
Closure,94,CATG,default,1,0,False,unsupported,0,0,False,0,0,0,0,0,0,0.0,STATUS:harness_limitation:unsupported_type:Node val:isValidDefineValue
Closure,95,CATG,default,1,0,False,unsupported,0,0,False,0,0,0,0,0,0,0.0,STATUS:harness_limitation:unsupported_type:Node n:defineSlot
Closure,96,CATG,default,1,0,False,unsupported,0,0,False,0,0,0,0,0,0,0.0,STATUS:harness_limitation:unsupported_type:NodeTraversal t:visitParameterList
Closure,97,CATG,default,1,0,False,unsupported,0,0,False,0,0,0,0,0,0,0.0,STATUS:harness_limitation:unsupported_type:Node n:tryFoldShift
Closure,98,CATG,default,1,0,False,error,0,0,False,0,0,0,0,0,0,0.0,"STATUS:ERROR:checkout Closure-98b failed at D:\Lab_SQA\Defects4J_Projects\Closure_98_b: exit=128
Checking out d1df9704 to D:/Lab_SQA/Defects4J_Projects/Closure_98_b........ OK
Init local repository...................................................... OK
Tag post-fix revision...................................................... OK
Apply patch................................................................ OK
Run post-checkout hook..................................................... OK
Excluding broken/flaky tests............................................... OK
Excluding broken/flaky tests............................................... OK
Initialize fixed program version........................................... OK
Apply patch................................................................ OK
Initialize buggy program version........................................... OK
Diff d1df9704:d768bbc4..................................................... OK
Cannot determine how to apply patch!
All attempts failed:
* cd D:/Lab_SQA/Defects4J_Projects/Closure_98_b && git apply -p1 --ignore-whitespace --check D:/Lab_SQA/Defects4J_Projects/Closure_98_b/.defects4j.diff 2>&1
error: git diff header lacks filename information when removing 1 leading pathname component (line 3)
* cd D:/Lab_SQA/Defects4J_Projects/Closure_98_b && git apply -p0 --ignore-whitespace --check D:/Lab_SQA/Defects4J_Projects/Closure_98_b/.defects4j.diff 2>&1
error: git diff header lacks filename information when removing 0 leading pathname components (line 3)
* cd D:/Lab_SQA/Defects4J_Projects/Closure_98_b && git apply -p2 --ignore-whitespace --check D:/Lab_SQA/Defects4J_Projects/Closure_98_b/.defects4j.diff 2>&1
error: git diff header lacks filename information when removing 2 leading pathname components (line 3)
----------------------------------------------------------------------
 at D:/Lab_SQA/defects4j/framework/core/Vcs.pm line 416.
	Vcs::_apply_cmd(Vcs::Git=HASH(0x1a7d80b85e8), ""D:/Lab_SQA/Defects4J_Projects/Closure_98_b"", ""D:/Lab_SQA/Defects4J_Projects/Closure_98_b/.defects4j.diff"", undef) called at D:/Lab_SQA/defects4j/framework/core/Vcs.pm line 375
	Vcs::apply_patch(Vcs::Git=HASH(0x1a7d80b85e8), ""D:/Lab_SQA/Defects4J_Projects/Closure_98_b"", ""D:/Lab_SQA/Defects4J_Projects/Closure_98_b/.defects4j.diff"") called at D:/Lab_SQA/defects4j/framework/core/Project.pm line 510
	Project::checkout_vid(Project::Closure=HASH(0x1a7d800ea40), ""98b"") called at D:/Lab_SQA/defects4j/framework/bin/d4j/d4j-checkout line 96
	require D:/Lab_SQA/defects4j/framework/bin/d4j/d4j-checkout called at D:\Lab_SQA\defects4j\framework\bin\defects4j line 195
Compilation failed in require at D:\Lab_SQA\defects4j\framework\bin\defects4j line 195."
Closure,99,CATG,default,1,0,False,error,0,0,False,0,0,0,0,0,0,0.0,"STATUS:ERROR:checkout Closure-99b failed at D:\Lab_SQA\Defects4J_Projects\Closure_99_b: exit=128
Checking out 8aa879a4 to D:/Lab_SQA/Defects4J_Projects/Closure_99_b........ OK
Init local repository...................................................... OK
Tag post-fix revision...................................................... OK
Apply patch................................................................ OK
Run post-checkout hook..................................................... OK
Excluding broken/flaky tests............................................... OK
Excluding broken/flaky tests............................................... OK
Initialize fixed program version........................................... OK
Apply patch................................................................ OK
Initialize buggy program version........................................... OK
Diff 8aa879a4:ccbbcbf7..................................................... OK
Cannot determine how to apply patch!
All attempts failed:
* cd D:/Lab_SQA/Defects4J_Projects/Closure_99_b && git apply -p1 --ignore-whitespace --check D:/Lab_SQA/Defects4J_Projects/Closure_99_b/.defects4j.diff 2>&1
error: git diff header lacks filename information when removing 1 leading pathname component (line 47)
* cd D:/Lab_SQA/Defects4J_Projects/Closure_99_b && git apply -p0 --ignore-whitespace --check D:/Lab_SQA/Defects4J_Projects/Closure_99_b/.defects4j.diff 2>&1
error: git diff header lacks filename information when removing 0 leading pathname components (line 47)
* cd D:/Lab_SQA/Defects4J_Projects/Closure_99_b && git apply -p2 --ignore-whitespace --check D:/Lab_SQA/Defects4J_Projects/Closure_99_b/.defects4j.diff 2>&1
error: git diff header lacks filename information when removing 2 leading pathname components (line 47)
----------------------------------------------------------------------
 at D:/Lab_SQA/defects4j/framework/core/Vcs.pm line 416.
	Vcs::_apply_cmd(Vcs::Git=HASH(0x2898c3f2948), ""D:/Lab_SQA/Defects4J_Projects/Closure_99_b"", ""D:/Lab_SQA/Defects4J_Projects/Closure_99_b/.defects4j.diff"", undef) called at D:/Lab_SQA/defects4j/framework/core/Vcs.pm line 375
	Vcs::apply_patch(Vcs::Git=HASH(0x2898c3f2948), ""D:/Lab_SQA/Defects4J_Projects/Closure_99_b"", ""D:/Lab_SQA/Defects4J_Projects/Closure_99_b/.defects4j.diff"") called at D:/Lab_SQA/defects4j/framework/core/Project.pm line 510
	Project::checkout_vid(Project::Closure=HASH(0x2898c344688), ""99b"") called at D:/Lab_SQA/defects4j/framework/bin/d4j/d4j-checkout line 96
	require D:/Lab_SQA/defects4j/framework/bin/d4j/d4j-checkout called at D:\Lab_SQA\defects4j\framework\bin\defects4j line 195
Compilation failed in require at D:\Lab_SQA\defects4j\framework\bin\defects4j line 195."
Closure,100,CATG,default,1,0,False,error,0,0,False,0,0,0,0,0,0,0.0,"STATUS:ERROR:checkout Closure-100b failed at D:\Lab_SQA\Defects4J_Projects\Closure_100_b: exit=128
Checking out 6d00ac1a to D:/Lab_SQA/Defects4J_Projects/Closure_100_b....... OK
Init local repository...................................................... OK
Tag post-fix revision...................................................... OK
Apply patch................................................................ OK
Run post-checkout hook..................................................... OK
Excluding broken/flaky tests............................................... OK
Excluding broken/flaky tests............................................... OK
Initialize fixed program version........................................... OK
Apply patch................................................................ OK
Initialize buggy program version........................................... OK
Diff 6d00ac1a:71a6f604..................................................... OK
Cannot determine how to apply patch!
All attempts failed:
* cd D:/Lab_SQA/Defects4J_Projects/Closure_100_b && git apply -p1 --ignore-whitespace --check D:/Lab_SQA/Defects4J_Projects/Closure_100_b/.defects4j.diff 2>&1
error: git diff header lacks filename information when removing 1 leading pathname component (line 55)
* cd D:/Lab_SQA/Defects4J_Projects/Closure_100_b && git apply -p0 --ignore-whitespace --check D:/Lab_SQA/Defects4J_Projects/Closure_100_b/.defects4j.diff 2>&1
error: git diff header lacks filename information when removing 0 leading pathname components (line 55)
* cd D:/Lab_SQA/Defects4J_Projects/Closure_100_b && git apply -p2 --ignore-whitespace --check D:/Lab_SQA/Defects4J_Projects/Closure_100_b/.defects4j.diff 2>&1
error: git diff header lacks filename information when removing 2 leading pathname components (line 55)
----------------------------------------------------------------------
 at D:/Lab_SQA/defects4j/framework/core/Vcs.pm line 416.
	Vcs::_apply_cmd(Vcs::Git=HASH(0x22e377c9b78), ""D:/Lab_SQA/Defects4J_Projects/Closure_100_b"", ""D:/Lab_SQA/Defects4J_Projects/Closure_100_b/.defects4j.diff"", undef) called at D:/Lab_SQA/defects4j/framework/core/Vcs.pm line 375
	Vcs::apply_patch(Vcs::Git=HASH(0x22e377c9b78), ""D:/Lab_SQA/Defects4J_Projects/Closure_100_b"", ""D:/Lab_SQA/Defects4J_Projects/Closure_100_b/.defects4j.diff"") called at D:/Lab_SQA/defects4j/framework/core/Project.pm line 510
	Project::checkout_vid(Project::Closure=HASH(0x22e376e76c8), ""100b"") called at D:/Lab_SQA/defects4j/framework/bin/d4j/d4j-checkout line 96
	require D:/Lab_SQA/defects4j/framework/bin/d4j/d4j-checkout called at D:\Lab_SQA\defects4j\framework\bin\defects4j line 195
Compilation failed in require at D:\Lab_SQA\defects4j\framework\bin\defects4j line 195."
Closure,101,CATG,default,1,0,False,error,0,0,False,0,0,0,0,0,0,0.0,"STATUS:ERROR:checkout Closure-101b failed at D:\Lab_SQA\Defects4J_Projects\Closure_101_b: exit=128
Checking out 369282db to D:/Lab_SQA/Defects4J_Projects/Closure_101_b....... OK
Init local repository...................................................... OK
Tag post-fix revision...................................................... OK
Apply patch................................................................ OK
Run post-checkout hook..................................................... OK
Excluding broken/flaky tests............................................... OK
Excluding broken/flaky tests............................................... OK
Initialize fixed program version........................................... OK
Apply patch................................................................ OK
Initialize buggy program version........................................... OK
Diff 369282db:2d892b16..................................................... OK
Cannot determine how to apply patch!
All attempts failed:
* cd D:/Lab_SQA/Defects4J_Projects/Closure_101_b && git apply -p1 --ignore-whitespace --check D:/Lab_SQA/Defects4J_Projects/Closure_101_b/.defects4j.diff 2>&1
error: git diff header lacks filename information when removing 1 leading pathname component (line 3)
* cd D:/Lab_SQA/Defects4J_Projects/Closure_101_b && git apply -p0 --ignore-whitespace --check D:/Lab_SQA/Defects4J_Projects/Closure_101_b/.defects4j.diff 2>&1
error: git diff header lacks filename information when removing 0 leading pathname components (line 3)
* cd D:/Lab_SQA/Defects4J_Projects/Closure_101_b && git apply -p2 --ignore-whitespace --check D:/Lab_SQA/Defects4J_Projects/Closure_101_b/.defects4j.diff 2>&1
error: git diff header lacks filename information when removing 2 leading pathname components (line 3)
----------------------------------------------------------------------
 at D:/Lab_SQA/defects4j/framework/core/Vcs.pm line 416.
	Vcs::_apply_cmd(Vcs::Git=HASH(0x186318f8060), ""D:/Lab_SQA/Defects4J_Projects/Closure_101_b"", ""D:/Lab_SQA/Defects4J_Projects/Closure_101_b/.defects4j.diff"", undef) called at D:/Lab_SQA/defects4j/framework/core/Vcs.pm line 375
	Vcs::apply_patch(Vcs::Git=HASH(0x186318f8060), ""D:/Lab_SQA/Defects4J_Projects/Closure_101_b"", ""D:/Lab_SQA/Defects4J_Projects/Closure_101_b/.defects4j.diff"") called at D:/Lab_SQA/defects4j/framework/core/Project.pm line 510
	Project::checkout_vid(Project::Closure=HASH(0x18631852490), ""101b"") called at D:/Lab_SQA/defects4j/framework/bin/d4j/d4j-checkout line 96
	require D:/Lab_SQA/defects4j/framework/bin/d4j/d4j-checkout called at D:\Lab_SQA\defects4j\framework\bin\defects4j line 195
Compilation failed in require at D:\Lab_SQA\defects4j\framework\bin\defects4j line 195."
Closure,102,CATG,default,1,0,False,error,0,0,False,0,0,0,0,0,0,0.0,"STATUS:ERROR:checkout Closure-102b failed at D:\Lab_SQA\Defects4J_Projects\Closure_102_b: exit=128
Checking out d48c365b to D:/Lab_SQA/Defects4J_Projects/Closure_102_b....... OK
Init local repository...................................................... OK
Tag post-fix revision...................................................... OK
Apply patch................................................................ OK
Run post-checkout hook..................................................... OK
Excluding broken/flaky tests............................................... OK
Excluding broken/flaky tests............................................... OK
Initialize fixed program version........................................... OK
Apply patch................................................................ OK
Initialize buggy program version........................................... OK
Diff d48c365b:9a1ddf5f..................................................... OK
Cannot determine how to apply patch!
All attempts failed:
* cd D:/Lab_SQA/Defects4J_Projects/Closure_102_b && git apply -p1 --ignore-whitespace --check D:/Lab_SQA/Defects4J_Projects/Closure_102_b/.defects4j.diff 2>&1
error: git diff header lacks filename information when removing 1 leading pathname component (line 3)
* cd D:/Lab_SQA/Defects4J_Projects/Closure_102_b && git apply -p0 --ignore-whitespace --check D:/Lab_SQA/Defects4J_Projects/Closure_102_b/.defects4j.diff 2>&1
error: git diff header lacks filename information when removing 0 leading pathname components (line 3)
* cd D:/Lab_SQA/Defects4J_Projects/Closure_102_b && git apply -p2 --ignore-whitespace --check D:/Lab_SQA/Defects4J_Projects/Closure_102_b/.defects4j.diff 2>&1
error: git diff header lacks filename information when removing 2 leading pathname components (line 3)
----------------------------------------------------------------------
 at D:/Lab_SQA/defects4j/framework/core/Vcs.pm line 416.
	Vcs::_apply_cmd(Vcs::Git=HASH(0x1ce8d6a8130), ""D:/Lab_SQA/Defects4J_Projects/Closure_102_b"", ""D:/Lab_SQA/Defects4J_Projects/Closure_102_b/.defects4j.diff"", undef) called at D:/Lab_SQA/defects4j/framework/core/Vcs.pm line 375
	Vcs::apply_patch(Vcs::Git=HASH(0x1ce8d6a8130), ""D:/Lab_SQA/Defects4J_Projects/Closure_102_b"", ""D:/Lab_SQA/Defects4J_Projects/Closure_102_b/.defects4j.diff"") called at D:/Lab_SQA/defects4j/framework/core/Project.pm line 510
	Project::checkout_vid(Project::Closure=HASH(0x1ce8d5ea198), ""102b"") called at D:/Lab_SQA/defects4j/framework/bin/d4j/d4j-checkout line 96
	require D:/Lab_SQA/defects4j/framework/bin/d4j/d4j-checkout called at D:\Lab_SQA\defects4j\framework\bin\defects4j line 195
Compilation failed in require at D:\Lab_SQA\defects4j\framework\bin\defects4j line 195."
Closure,103,CATG,default,1,0,False,unsupported,0,0,False,0,0,0,0,0,0,0.0,STATUS:harness_limitation:unsupported_type:Node n:mayThrowException
Closure,104,CATG,default,1,0,False,unsupported,0,0,False,0,0,0,0,0,0,0.0,STATUS:harness_limitation:unsupported_type:JSType that:meet
Closure,105,CATG,default,1,0,False,unsupported,0,0,False,0,0,0,0,0,0,0.0,STATUS:harness_limitation:unsupported_type:NodeTraversal t:tryFoldStringJoin
Closure,106,CATG,default,1,0,False,error,0,0,False,0,0,0,0,0,0,0.0,"STATUS:ERROR:checkout Closure-106b failed at D:\Lab_SQA\Defects4J_Projects\Closure_106_b: exit=128
Checking out e609670b to D:/Lab_SQA/Defects4J_Projects/Closure_106_b....... OK
Init local repository...................................................... OK
Tag post-fix revision...................................................... OK
Run post-checkout hook..................................................... OK
Excluding broken/flaky tests............................................... OK
Excluding broken/flaky tests............................................... OK
Initialize fixed program version........................................... OK
Apply patch................................................................ OK
Initialize buggy program version........................................... OK
Diff e609670b:6a36f044..................................................... OK
Cannot determine how to apply patch!
All attempts failed:
* cd D:/Lab_SQA/Defects4J_Projects/Closure_106_b && git apply -p1 --ignore-whitespace --check D:/Lab_SQA/Defects4J_Projects/Closure_106_b/.defects4j.diff 2>&1
error: git diff header lacks filename information when removing 1 leading pathname component (line 3)
* cd D:/Lab_SQA/Defects4J_Projects/Closure_106_b && git apply -p0 --ignore-whitespace --check D:/Lab_SQA/Defects4J_Projects/Closure_106_b/.defects4j.diff 2>&1
error: git diff header lacks filename information when removing 0 leading pathname components (line 3)
* cd D:/Lab_SQA/Defects4J_Projects/Closure_106_b && git apply -p2 --ignore-whitespace --check D:/Lab_SQA/Defects4J_Projects/Closure_106_b/.defects4j.diff 2>&1
error: git diff header lacks filename information when removing 2 leading pathname components (line 3)
----------------------------------------------------------------------
 at D:/Lab_SQA/defects4j/framework/core/Vcs.pm line 416.
	Vcs::_apply_cmd(Vcs::Git=HASH(0x217e77fa328), ""D:/Lab_SQA/Defects4J_Projects/Closure_106_b"", ""D:/Lab_SQA/Defects4J_Projects/Closure_106_b/.defects4j.diff"", undef) called at D:/Lab_SQA/defects4j/framework/core/Vcs.pm line 375
	Vcs::apply_patch(Vcs::Git=HASH(0x217e77fa328), ""D:/Lab_SQA/Defects4J_Projects/Closure_106_b"", ""D:/Lab_SQA/Defects4J_Projects/Closure_106_b/.defects4j.diff"") called at D:/Lab_SQA/defects4j/framework/core/Project.pm line 510
	Project::checkout_vid(Project::Closure=HASH(0x217e771c308), ""106b"") called at D:/Lab_SQA/defects4j/framework/bin/d4j/d4j-checkout line 96
	require D:/Lab_SQA/defects4j/framework/bin/d4j/d4j-checkout called at D:\Lab_SQA\defects4j\framework\bin\defects4j line 195
Compilation failed in require at D:\Lab_SQA\defects4j\framework\bin\defects4j line 195."
Closure,107,CATG,default,1,0,False,unsupported,0,0,False,0,0,0,0,0,0,3.27,STATUS:catg_runtime_interpreter:ArrayIndexOutOfBoundsException
Closure,108,CATG,default,1,0,False,unsupported,0,0,False,0,0,0,0,0,0,0.0,STATUS:harness_limitation:unsupported_type:NodeTraversal t:visit
Closure,109,CATG,default,1,0,False,unsupported,0,0,False,0,0,0,0,0,0,0.0,STATUS:harness_limitation:unsupported_type:JsDocToken token:parseContextTypeExpression
Closure,110,CATG,default,1,0,False,unsupported,0,0,False,0,0,0,0,0,0,0.0,STATUS:harness_limitation:unsupported_type:NodeTraversal t:findAliases
Closure,111,CATG,default,1,0,False,error,0,0,False,0,0,0,0,0,0,4.68,"STATUS:ERROR:CATG failed with exit 1:
Now testing catg.generated.CatgHarness_bc5fce1977

========== Input 1 ==========
WARNING: 
java.lang.NoSuchMethodException: com.google.javascript.jscomp.type.ClosureReverseAbstractInterpreter.RestrictByTrueTypeOfResultVisitor()
	at java.lang.Class.getDeclaredMethod(Class.java:2130)
	at catg.generated.CatgHarness_bc5fce1977.main(CatgHarness_bc5fce1977.java:14)
Java exited with status 1"
Closure,112,CATG,default,1,0,False,unsupported,0,0,False,0,0,0,0,0,0,0.0,STATUS:harness_limitation:unsupported_type:Node n:inferTemplatedTypesForCall
Closure,113,CATG,default,1,0,False,unsupported,0,0,False,0,0,0,0,0,0,0.0,STATUS:harness_limitation:unsupported_type:NodeTraversal t:processRequireCall
Closure,114,CATG,default,1,0,False,unsupported,0,0,False,0,0,0,0,0,0,0.0,STATUS:harness_limitation:unsupported_type:NodeTraversal t:recordAssignment
Closure,115,CATG,default,1,0,False,unsupported,0,0,False,0,0,0,0,0,0,0.0,STATUS:harness_limitation:unsupported_type:Node callNode:canInlineReferenceDirectly
Closure,116,CATG,default,1,0,False,unsupported,0,0,False,0,0,0,0,0,0,0.0,STATUS:harness_limitation:unsupported_type:Node callNode:canInlineReferenceDirectly
Closure,117,CATG,default,1,0,False,unsupported,0,0,False,0,0,0,0,0,0,0.0,STATUS:harness_limitation:unsupported_type:Node n:getReadableJSTypeName
Closure,118,CATG,default,1,0,False,unsupported,0,0,False,0,0,0,0,0,0,0.0,STATUS:harness_limitation:unsupported_type:NodeTraversal t:handleObjectLit
Closure,119,CATG,default,1,0,False,unsupported,0,0,False,0,0,0,0,0,0,0.0,STATUS:harness_limitation:unsupported_type:JSModule module:collect
Closure,120,CATG,default,1,0,False,unsupported,0,0,False,0,0,0,0,0,0,3.54,STATUS:catg_runtime_interpreter:ClassCastException
Closure,121,CATG,default,1,0,False,unsupported,0,0,False,0,0,0,0,0,0,0.0,STATUS:harness_limitation:unsupported_type:Var v:inlineNonConstants
Closure,122,CATG,default,1,0,False,unsupported,0,0,False,0,0,0,0,0,0,0.0,STATUS:harness_limitation:unsupported_type:Comment comment:handleBlockComment
Closure,123,CATG,default,1,0,False,unsupported,0,0,False,0,0,0,0,0,0,0.0,STATUS:harness_limitation:unsupported_type:Node n:add
Closure,124,CATG,default,1,0,False,unsupported,0,0,False,0,0,0,0,0,0,0.0,STATUS:harness_limitation:unsupported_type:Node node:isSafeReplacement
Closure,125,CATG,default,1,0,False,unsupported,0,0,False,0,0,0,0,0,0,0.0,STATUS:harness_limitation:unsupported_type:NodeTraversal t:visitNew
Closure,126,CATG,default,1,0,False,unsupported,0,0,False,0,0,0,0,0,0,0.0,STATUS:harness_limitation:unsupported_type:Node n:tryMinimizeExits
Closure,127,CATG,default,1,0,False,unsupported,0,0,False,0,0,0,0,0,0,0.0,STATUS:harness_limitation:unsupported_type:Node n:computeFollowing
Closure,128,CATG,default,1,0,False,unsupported,0,0,False,0,0,0,0,0,0,3.91,STATUS:catg_runtime_interpreter:ClassCastException
Closure,129,CATG,default,1,0,False,unsupported,0,0,False,0,0,0,0,0,0,0.0,STATUS:harness_limitation:unsupported_type:Node n:annotateCalls
Closure,130,CATG,default,1,0,False,unsupported,0,0,False,0,0,0,0,0,0,0.0,STATUS:harness_limitation:unsupported_type:GlobalNamespace namespace:inlineAliases
Closure,131,CATG,default,1,0,False,unsupported,0,0,False,0,0,0,0,0,0,2.83,STATUS:catg_runtime_interpreter:ClassCastException
Closure,132,CATG,default,1,0,False,unsupported,0,0,False,0,0,0,0,0,0,0.0,STATUS:harness_limitation:unsupported_type:Node n:tryMinimizeIf
Closure,133,CATG,default,1,1,True,completed,0,0,False,1086,4,0.37,655,0,0.0,3.92,modified=com.google.javascript.jscomp.parsing.JsDocInfoParser;target=com.google.javascript.jscomp.parsing.JsDocInfoParser::getRemainingJSDocLine;params=;catg_cases=1
Closure,134,CATG,default,1,0,False,error,0,0,False,0,0,0,0,0,0,0.0,"STATUS:ERROR:checkout Closure-134b failed at D:\Lab_SQA\Defects4J_Projects\Closure_134_b: exit=128
Checking out 6d374c3e to D:/Lab_SQA/Defects4J_Projects/Closure_134_b....... OK
Init local repository...................................................... OK
Tag post-fix revision...................................................... OK
Apply patch................................................................ OK
Run post-checkout hook..................................................... OK
Excluding broken/flaky tests............................................... OK
Excluding broken/flaky tests............................................... OK
Initialize fixed program version........................................... OK
Apply patch................................................................ OK
Initialize buggy program version........................................... OK
Diff 6d374c3e:86860111..................................................... OK
Cannot determine how to apply patch!
All attempts failed:
* cd D:/Lab_SQA/Defects4J_Projects/Closure_134_b && git apply -p1 --ignore-whitespace --check D:/Lab_SQA/Defects4J_Projects/Closure_134_b/.defects4j.diff 2>&1
error: git diff header lacks filename information when removing 1 leading pathname component (line 330)
* cd D:/Lab_SQA/Defects4J_Projects/Closure_134_b && git apply -p0 --ignore-whitespace --check D:/Lab_SQA/Defects4J_Projects/Closure_134_b/.defects4j.diff 2>&1
error: git diff header lacks filename information when removing 0 leading pathname components (line 330)
* cd D:/Lab_SQA/Defects4J_Projects/Closure_134_b && git apply -p2 --ignore-whitespace --check D:/Lab_SQA/Defects4J_Projects/Closure_134_b/.defects4j.diff 2>&1
error: git diff header lacks filename information when removing 2 leading pathname components (line 330)
----------------------------------------------------------------------
 at D:/Lab_SQA/defects4j/framework/core/Vcs.pm line 416.
	Vcs::_apply_cmd(Vcs::Git=HASH(0x1d39f6f44a8), ""D:/Lab_SQA/Defects4J_Projects/Closure_134_b"", ""D:/Lab_SQA/Defects4J_Projects/Closure_134_b/.defects4j.diff"", undef) called at D:/Lab_SQA/defects4j/framework/core/Vcs.pm line 375
	Vcs::apply_patch(Vcs::Git=HASH(0x1d39f6f44a8), ""D:/Lab_SQA/Defects4J_Projects/Closure_134_b"", ""D:/Lab_SQA/Defects4J_Projects/Closure_134_b/.defects4j.diff"") called at D:/Lab_SQA/defects4j/framework/core/Project.pm line 510
	Project::checkout_vid(Project::Closure=HASH(0x1d39f6402d0), ""134b"") called at D:/Lab_SQA/defects4j/framework/bin/d4j/d4j-checkout line 96
	require D:/Lab_SQA/defects4j/framework/bin/d4j/d4j-checkout called at D:\Lab_SQA\defects4j\framework\bin\defects4j line 195
Compilation failed in require at D:\Lab_SQA\defects4j\framework\bin\defects4j line 195."
Closure,135,CATG,default,1,5,True,completed,0,0,False,422,0,0.0,318,0,0.0,3.45,modified=com.google.javascript.jscomp.DevirtualizePrototypeMethods;com.google.javascript.rhino.jstype.FunctionType;target=com.google.javascript.rhino.jstype.FunctionType::getPropertyType;params=java.lang.String;catg_cases=5
Closure,136,CATG,default,1,0,False,unsupported,0,0,False,0,0,0,0,0,0,0.0,STATUS:harness_limitation:unsupported_type:Node node:addPossibleSignature
Closure,137,CATG,default,1,0,False,error,0,0,False,0,0,0,0,0,0,0.0,"STATUS:ERROR:checkout Closure-137b failed at D:\Lab_SQA\Defects4J_Projects\Closure_137_b: exit=128
Checking out da30f170 to D:/Lab_SQA/Defects4J_Projects/Closure_137_b....... OK
Init local repository...................................................... OK
Tag post-fix revision...................................................... OK
Apply patch................................................................ OK
Run post-checkout hook..................................................... OK
Excluding broken/flaky tests............................................... OK
Excluding broken/flaky tests............................................... OK
Initialize fixed program version........................................... OK
Apply patch................................................................ OK
Initialize buggy program version........................................... OK
Diff da30f170:e185090c..................................................... OK
Cannot determine how to apply patch!
All attempts failed:
* cd D:/Lab_SQA/Defects4J_Projects/Closure_137_b && git apply -p1 --ignore-whitespace --check D:/Lab_SQA/Defects4J_Projects/Closure_137_b/.defects4j.diff 2>&1
error: git diff header lacks filename information when removing 1 leading pathname component (line 3)
* cd D:/Lab_SQA/Defects4J_Projects/Closure_137_b && git apply -p0 --ignore-whitespace --check D:/Lab_SQA/Defects4J_Projects/Closure_137_b/.defects4j.diff 2>&1
error: git diff header lacks filename information when removing 0 leading pathname components (line 3)
* cd D:/Lab_SQA/Defects4J_Projects/Closure_137_b && git apply -p2 --ignore-whitespace --check D:/Lab_SQA/Defects4J_Projects/Closure_137_b/.defects4j.diff 2>&1
error: git diff header lacks filename information when removing 2 leading pathname components (line 3)
----------------------------------------------------------------------
 at D:/Lab_SQA/defects4j/framework/core/Vcs.pm line 416.
	Vcs::_apply_cmd(Vcs::Git=HASH(0x19e9e884c88), ""D:/Lab_SQA/Defects4J_Projects/Closure_137_b"", ""D:/Lab_SQA/Defects4J_Projects/Closure_137_b/.defects4j.diff"", undef) called at D:/Lab_SQA/defects4j/framework/core/Vcs.pm line 375
	Vcs::apply_patch(Vcs::Git=HASH(0x19e9e884c88), ""D:/Lab_SQA/Defects4J_Projects/Closure_137_b"", ""D:/Lab_SQA/Defects4J_Projects/Closure_137_b/.defects4j.diff"") called at D:/Lab_SQA/defects4j/framework/core/Project.pm line 510
	Project::checkout_vid(Project::Closure=HASH(0x19e9e7b64c8), ""137b"") called at D:/Lab_SQA/defects4j/framework/bin/d4j/d4j-checkout line 96
	require D:/Lab_SQA/defects4j/framework/bin/d4j/d4j-checkout called at D:\Lab_SQA\defects4j\framework\bin\defects4j line 195
Compilation failed in require at D:\Lab_SQA\defects4j\framework\bin\defects4j line 195."
Closure,138,CATG,default,1,0,False,unsupported,0,0,False,0,0,0,0,0,0,0.0,STATUS:harness_limitation:unsupported_type:Node n:traverseName
Closure,139,CATG,default,1,0,False,error,0,0,False,0,0,0,0,0,0,0.0,"STATUS:ERROR:checkout Closure-139b failed at D:\Lab_SQA\Defects4J_Projects\Closure_139_b: exit=128
Checking out b347ce3a to D:/Lab_SQA/Defects4J_Projects/Closure_139_b....... OK
Init local repository...................................................... OK
Tag post-fix revision...................................................... OK
Apply patch................................................................ OK
Run post-checkout hook..................................................... OK
Excluding broken/flaky tests............................................... OK
Excluding broken/flaky tests............................................... OK
Initialize fixed program version........................................... OK
Apply patch................................................................ OK
Initialize buggy program version........................................... OK
Diff b347ce3a:6f2539ac..................................................... OK
Cannot determine how to apply patch!
All attempts failed:
* cd D:/Lab_SQA/Defects4J_Projects/Closure_139_b && git apply -p1 --ignore-whitespace --check D:/Lab_SQA/Defects4J_Projects/Closure_139_b/.defects4j.diff 2>&1
error: git diff header lacks filename information when removing 1 leading pathname component (line 217)
* cd D:/Lab_SQA/Defects4J_Projects/Closure_139_b && git apply -p0 --ignore-whitespace --check D:/Lab_SQA/Defects4J_Projects/Closure_139_b/.defects4j.diff 2>&1
error: git diff header lacks filename information when removing 0 leading pathname components (line 217)
* cd D:/Lab_SQA/Defects4J_Projects/Closure_139_b && git apply -p2 --ignore-whitespace --check D:/Lab_SQA/Defects4J_Projects/Closure_139_b/.defects4j.diff 2>&1
error: git diff header lacks filename information when removing 2 leading pathname components (line 217)
----------------------------------------------------------------------
 at D:/Lab_SQA/defects4j/framework/core/Vcs.pm line 416.
	Vcs::_apply_cmd(Vcs::Git=HASH(0x1a3ee523600), ""D:/Lab_SQA/Defects4J_Projects/Closure_139_b"", ""D:/Lab_SQA/Defects4J_Projects/Closure_139_b/.defects4j.diff"", undef) called at D:/Lab_SQA/defects4j/framework/core/Vcs.pm line 375
	Vcs::apply_patch(Vcs::Git=HASH(0x1a3ee523600), ""D:/Lab_SQA/Defects4J_Projects/Closure_139_b"", ""D:/Lab_SQA/Defects4J_Projects/Closure_139_b/.defects4j.diff"") called at D:/Lab_SQA/defects4j/framework/core/Project.pm line 510
	Project::checkout_vid(Project::Closure=HASH(0x1a3ee458ce0), ""139b"") called at D:/Lab_SQA/defects4j/framework/bin/d4j/d4j-checkout line 96
	require D:/Lab_SQA/defects4j/framework/bin/d4j/d4j-checkout called at D:\Lab_SQA\defects4j\framework\bin\defects4j line 195
Compilation failed in require at D:\Lab_SQA\defects4j\framework\bin\defects4j line 195."
Closure,140,CATG,default,1,0,False,error,0,0,False,0,0,0,0,0,0,0.0,"STATUS:ERROR:checkout Closure-140b failed at D:\Lab_SQA\Defects4J_Projects\Closure_140_b: exit=128
Checking out a70a7c59 to D:/Lab_SQA/Defects4J_Projects/Closure_140_b....... OK
Init local repository...................................................... OK
Tag post-fix revision...................................................... OK
Apply patch................................................................ OK
Run post-checkout hook..................................................... OK
Excluding broken/flaky tests............................................... OK
Excluding broken/flaky tests............................................... OK
Initialize fixed program version........................................... OK
Apply patch................................................................ OK
Initialize buggy program version........................................... OK
Diff a70a7c59:b347ce3a..................................................... OK
Cannot determine how to apply patch!
All attempts failed:
* cd D:/Lab_SQA/Defects4J_Projects/Closure_140_b && git apply -p1 --ignore-whitespace --check D:/Lab_SQA/Defects4J_Projects/Closure_140_b/.defects4j.diff 2>&1
error: git diff header lacks filename information when removing 1 leading pathname component (line 224)
* cd D:/Lab_SQA/Defects4J_Projects/Closure_140_b && git apply -p0 --ignore-whitespace --check D:/Lab_SQA/Defects4J_Projects/Closure_140_b/.defects4j.diff 2>&1
error: git diff header lacks filename information when removing 0 leading pathname components (line 224)
* cd D:/Lab_SQA/Defects4J_Projects/Closure_140_b && git apply -p2 --ignore-whitespace --check D:/Lab_SQA/Defects4J_Projects/Closure_140_b/.defects4j.diff 2>&1
error: git diff header lacks filename information when removing 2 leading pathname components (line 224)
----------------------------------------------------------------------
 at D:/Lab_SQA/defects4j/framework/core/Vcs.pm line 416.
	Vcs::_apply_cmd(Vcs::Git=HASH(0x12489b94408), ""D:/Lab_SQA/Defects4J_Projects/Closure_140_b"", ""D:/Lab_SQA/Defects4J_Projects/Closure_140_b/.defects4j.diff"", undef) called at D:/Lab_SQA/defects4j/framework/core/Vcs.pm line 375
	Vcs::apply_patch(Vcs::Git=HASH(0x12489b94408), ""D:/Lab_SQA/Defects4J_Projects/Closure_140_b"", ""D:/Lab_SQA/Defects4J_Projects/Closure_140_b/.defects4j.diff"") called at D:/Lab_SQA/defects4j/framework/core/Project.pm line 510
	Project::checkout_vid(Project::Closure=HASH(0x12489b99eb0), ""140b"") called at D:/Lab_SQA/defects4j/framework/bin/d4j/d4j-checkout line 96
	require D:/Lab_SQA/defects4j/framework/bin/d4j/d4j-checkout called at D:\Lab_SQA\defects4j\framework\bin\defects4j line 195
Compilation failed in require at D:\Lab_SQA\defects4j\framework\bin\defects4j line 195."
Closure,141,CATG,default,1,0,False,unsupported,0,0,False,0,0,0,0,0,0,1.57,STATUS:catg_runtime_interpreter:ArrayIndexOutOfBoundsException
Closure,142,CATG,default,1,0,False,error,0,0,False,0,0,0,0,0,0,0.0,"STATUS:ERROR:checkout Closure-142b failed at D:\Lab_SQA\Defects4J_Projects\Closure_142_b: exit=128
Checking out c25df7ec to D:/Lab_SQA/Defects4J_Projects/Closure_142_b....... OK
Init local repository...................................................... OK
Tag post-fix revision...................................................... OK
Apply patch................................................................ OK
Run post-checkout hook..................................................... OK
Excluding broken/flaky tests............................................... OK
Excluding broken/flaky tests............................................... OK
Initialize fixed program version........................................... OK
Apply patch................................................................ OK
Initialize buggy program version........................................... OK
Diff c25df7ec:222eafd3..................................................... OK
Cannot determine how to apply patch!
All attempts failed:
* cd D:/Lab_SQA/Defects4J_Projects/Closure_142_b && git apply -p1 --ignore-whitespace --check D:/Lab_SQA/Defects4J_Projects/Closure_142_b/.defects4j.diff 2>&1
error: git diff header lacks filename information when removing 1 leading pathname component (line 814)
* cd D:/Lab_SQA/Defects4J_Projects/Closure_142_b && git apply -p0 --ignore-whitespace --check D:/Lab_SQA/Defects4J_Projects/Closure_142_b/.defects4j.diff 2>&1
error: git diff header lacks filename information when removing 0 leading pathname components (line 814)
* cd D:/Lab_SQA/Defects4J_Projects/Closure_142_b && git apply -p2 --ignore-whitespace --check D:/Lab_SQA/Defects4J_Projects/Closure_142_b/.defects4j.diff 2>&1
error: git diff header lacks filename information when removing 2 leading pathname components (line 814)
----------------------------------------------------------------------
 at D:/Lab_SQA/defects4j/framework/core/Vcs.pm line 416.
	Vcs::_apply_cmd(Vcs::Git=HASH(0x208bb9f1290), ""D:/Lab_SQA/Defects4J_Projects/Closure_142_b"", ""D:/Lab_SQA/Defects4J_Projects/Closure_142_b/.defects4j.diff"", undef) called at D:/Lab_SQA/defects4j/framework/core/Vcs.pm line 375
	Vcs::apply_patch(Vcs::Git=HASH(0x208bb9f1290), ""D:/Lab_SQA/Defects4J_Projects/Closure_142_b"", ""D:/Lab_SQA/Defects4J_Projects/Closure_142_b/.defects4j.diff"") called at D:/Lab_SQA/defects4j/framework/core/Project.pm line 510
	Project::checkout_vid(Project::Closure=HASH(0x208bb9e5ef0), ""142b"") called at D:/Lab_SQA/defects4j/framework/bin/d4j/d4j-checkout line 96
	require D:/Lab_SQA/defects4j/framework/bin/d4j/d4j-checkout called at D:\Lab_SQA\defects4j\framework\bin\defects4j line 195
Compilation failed in require at D:\Lab_SQA\defects4j\framework\bin\defects4j line 195."
Closure,143,CATG,default,1,0,False,error,0,0,False,0,0,0,0,0,0,0.0,"STATUS:ERROR:checkout Closure-143b failed at D:\Lab_SQA\Defects4J_Projects\Closure_143_b: exit=128
Checking out 7eaa0d8e to D:/Lab_SQA/Defects4J_Projects/Closure_143_b....... OK
Init local repository...................................................... OK
Tag post-fix revision...................................................... OK
Apply patch................................................................ OK
Run post-checkout hook..................................................... OK
Excluding broken/flaky tests............................................... OK
Excluding broken/flaky tests............................................... OK
Initialize fixed program version........................................... OK
Apply patch................................................................ OK
Initialize buggy program version........................................... OK
Diff 7eaa0d8e:45fd54a4..................................................... OK
Cannot determine how to apply patch!
All attempts failed:
* cd D:/Lab_SQA/Defects4J_Projects/Closure_143_b && git apply -p1 --ignore-whitespace --check D:/Lab_SQA/Defects4J_Projects/Closure_143_b/.defects4j.diff 2>&1
error: git diff header lacks filename information when removing 1 leading pathname component (line 3)
* cd D:/Lab_SQA/Defects4J_Projects/Closure_143_b && git apply -p0 --ignore-whitespace --check D:/Lab_SQA/Defects4J_Projects/Closure_143_b/.defects4j.diff 2>&1
error: git diff header lacks filename information when removing 0 leading pathname components (line 3)
* cd D:/Lab_SQA/Defects4J_Projects/Closure_143_b && git apply -p2 --ignore-whitespace --check D:/Lab_SQA/Defects4J_Projects/Closure_143_b/.defects4j.diff 2>&1
error: git diff header lacks filename information when removing 2 leading pathname components (line 3)
----------------------------------------------------------------------
 at D:/Lab_SQA/defects4j/framework/core/Vcs.pm line 416.
	Vcs::_apply_cmd(Vcs::Git=HASH(0x22214db1ef8), ""D:/Lab_SQA/Defects4J_Projects/Closure_143_b"", ""D:/Lab_SQA/Defects4J_Projects/Closure_143_b/.defects4j.diff"", undef) called at D:/Lab_SQA/defects4j/framework/core/Vcs.pm line 375
	Vcs::apply_patch(Vcs::Git=HASH(0x22214db1ef8), ""D:/Lab_SQA/Defects4J_Projects/Closure_143_b"", ""D:/Lab_SQA/Defects4J_Projects/Closure_143_b/.defects4j.diff"") called at D:/Lab_SQA/defects4j/framework/core/Project.pm line 510
	Project::checkout_vid(Project::Closure=HASH(0x22214d83cc8), ""143b"") called at D:/Lab_SQA/defects4j/framework/bin/d4j/d4j-checkout line 96
	require D:/Lab_SQA/defects4j/framework/bin/d4j/d4j-checkout called at D:\Lab_SQA\defects4j\framework\bin\defects4j line 195
Compilation failed in require at D:\Lab_SQA\defects4j\framework\bin\defects4j line 195."
Closure,144,CATG,default,1,0,False,unsupported,0,0,False,0,0,0,0,0,0,1.49,STATUS:catg_runtime_interpreter:ArrayIndexOutOfBoundsException
Closure,145,CATG,default,1,0,False,unsupported,0,0,False,0,0,0,0,0,0,0.0,STATUS:harness_limitation:unsupported_type:Node n:isOneExactlyFunctionOrDo
Closure,146,CATG,default,1,0,False,error,0,0,False,0,0,0,0,0,0,0.0,"STATUS:ERROR:checkout Closure-146b failed at D:\Lab_SQA\Defects4J_Projects\Closure_146_b: exit=128
Checking out 35d56dd1 to D:/Lab_SQA/Defects4J_Projects/Closure_146_b....... OK
Init local repository...................................................... OK
Tag post-fix revision...................................................... OK
Apply patch................................................................ OK
Run post-checkout hook..................................................... OK
Excluding broken/flaky tests............................................... OK
Excluding broken/flaky tests............................................... OK
Initialize fixed program version........................................... OK
Apply patch................................................................ OK
Initialize buggy program version........................................... OK
Diff 35d56dd1:8d53308b..................................................... OK
Cannot determine how to apply patch!
All attempts failed:
* cd D:/Lab_SQA/Defects4J_Projects/Closure_146_b && git apply -p1 --ignore-whitespace --check D:/Lab_SQA/Defects4J_Projects/Closure_146_b/.defects4j.diff 2>&1
error: git diff header lacks filename information when removing 1 leading pathname component (line 1035)
* cd D:/Lab_SQA/Defects4J_Projects/Closure_146_b && git apply -p0 --ignore-whitespace --check D:/Lab_SQA/Defects4J_Projects/Closure_146_b/.defects4j.diff 2>&1
error: git diff header lacks filename information when removing 0 leading pathname components (line 1035)
* cd D:/Lab_SQA/Defects4J_Projects/Closure_146_b && git apply -p2 --ignore-whitespace --check D:/Lab_SQA/Defects4J_Projects/Closure_146_b/.defects4j.diff 2>&1
error: git diff header lacks filename information when removing 2 leading pathname components (line 1035)
----------------------------------------------------------------------
 at D:/Lab_SQA/defects4j/framework/core/Vcs.pm line 416.
	Vcs::_apply_cmd(Vcs::Git=HASH(0x17fe1dce6d0), ""D:/Lab_SQA/Defects4J_Projects/Closure_146_b"", ""D:/Lab_SQA/Defects4J_Projects/Closure_146_b/.defects4j.diff"", undef) called at D:/Lab_SQA/defects4j/framework/core/Vcs.pm line 375
	Vcs::apply_patch(Vcs::Git=HASH(0x17fe1dce6d0), ""D:/Lab_SQA/Defects4J_Projects/Closure_146_b"", ""D:/Lab_SQA/Defects4J_Projects/Closure_146_b/.defects4j.diff"") called at D:/Lab_SQA/defects4j/framework/core/Project.pm line 510
	Project::checkout_vid(Project::Closure=HASH(0x17fe1e72390), ""146b"") called at D:/Lab_SQA/defects4j/framework/bin/d4j/d4j-checkout line 96
	require D:/Lab_SQA/defects4j/framework/bin/d4j/d4j-checkout called at D:\Lab_SQA\defects4j\framework\bin\defects4j line 195
Compilation failed in require at D:\Lab_SQA\defects4j\framework\bin\defects4j line 195."
Closure,147,CATG,default,1,0,False,error,0,0,False,0,0,0,0,0,0,0.0,"STATUS:ERROR:checkout Closure-147b failed at D:\Lab_SQA\Defects4J_Projects\Closure_147_b: exit=128
Checking out 82a9956c to D:/Lab_SQA/Defects4J_Projects/Closure_147_b....... OK
Init local repository...................................................... OK
Tag post-fix revision...................................................... OK
Apply patch................................................................ OK
Run post-checkout hook..................................................... OK
Excluding broken/flaky tests............................................... OK
Excluding broken/flaky tests............................................... OK
Initialize fixed program version........................................... OK
Apply patch................................................................ OK
Initialize buggy program version........................................... OK
Diff 82a9956c:91d0d35f..................................................... OK
Cannot determine how to apply patch!
All attempts failed:
* cd D:/Lab_SQA/Defects4J_Projects/Closure_147_b && git apply -p1 --ignore-whitespace --check D:/Lab_SQA/Defects4J_Projects/Closure_147_b/.defects4j.diff 2>&1
error: git diff header lacks filename information when removing 1 leading pathname component (line 4)
* cd D:/Lab_SQA/Defects4J_Projects/Closure_147_b && git apply -p0 --ignore-whitespace --check D:/Lab_SQA/Defects4J_Projects/Closure_147_b/.defects4j.diff 2>&1
error: git diff header lacks filename information when removing 0 leading pathname components (line 4)
* cd D:/Lab_SQA/Defects4J_Projects/Closure_147_b && git apply -p2 --ignore-whitespace --check D:/Lab_SQA/Defects4J_Projects/Closure_147_b/.defects4j.diff 2>&1
error: git diff header lacks filename information when removing 2 leading pathname components (line 4)
----------------------------------------------------------------------
 at D:/Lab_SQA/defects4j/framework/core/Vcs.pm line 416.
	Vcs::_apply_cmd(Vcs::Git=HASH(0x2aca871c228), ""D:/Lab_SQA/Defects4J_Projects/Closure_147_b"", ""D:/Lab_SQA/Defects4J_Projects/Closure_147_b/.defects4j.diff"", undef) called at D:/Lab_SQA/defects4j/framework/core/Vcs.pm line 375
	Vcs::apply_patch(Vcs::Git=HASH(0x2aca871c228), ""D:/Lab_SQA/Defects4J_Projects/Closure_147_b"", ""D:/Lab_SQA/Defects4J_Projects/Closure_147_b/.defects4j.diff"") called at D:/Lab_SQA/defects4j/framework/core/Project.pm line 510
	Project::checkout_vid(Project::Closure=HASH(0x2aca86e7cc8), ""147b"") called at D:/Lab_SQA/defects4j/framework/bin/d4j/d4j-checkout line 96
	require D:/Lab_SQA/defects4j/framework/bin/d4j/d4j-checkout called at D:\Lab_SQA\defects4j\framework\bin\defects4j line 195
Compilation failed in require at D:\Lab_SQA\defects4j\framework\bin\defects4j line 195."
Closure,148,CATG,default,1,0,False,error,0,0,False,0,0,0,0,0,0,0.0,"STATUS:ERROR:checkout Closure-148b failed at D:\Lab_SQA\Defects4J_Projects\Closure_148_b: exit=128
Checking out f86b8929 to D:/Lab_SQA/Defects4J_Projects/Closure_148_b....... OK
Init local repository...................................................... OK
Tag post-fix revision...................................................... OK
Apply patch................................................................ OK
Run post-checkout hook..................................................... OK
Excluding broken/flaky tests............................................... OK
Excluding broken/flaky tests............................................... OK
Initialize fixed program version........................................... OK
Apply patch................................................................ OK
Initialize buggy program version........................................... OK
Diff f86b8929:4d09ce45..................................................... OK
Cannot determine how to apply patch!
All attempts failed:
* cd D:/Lab_SQA/Defects4J_Projects/Closure_148_b && git apply -p1 --ignore-whitespace --check D:/Lab_SQA/Defects4J_Projects/Closure_148_b/.defects4j.diff 2>&1
error: git diff header lacks filename information when removing 1 leading pathname component (line 36)
* cd D:/Lab_SQA/Defects4J_Projects/Closure_148_b && git apply -p0 --ignore-whitespace --check D:/Lab_SQA/Defects4J_Projects/Closure_148_b/.defects4j.diff 2>&1
error: git diff header lacks filename information when removing 0 leading pathname components (line 36)
* cd D:/Lab_SQA/Defects4J_Projects/Closure_148_b && git apply -p2 --ignore-whitespace --check D:/Lab_SQA/Defects4J_Projects/Closure_148_b/.defects4j.diff 2>&1
error: git diff header lacks filename information when removing 2 leading pathname components (line 36)
----------------------------------------------------------------------
 at D:/Lab_SQA/defects4j/framework/core/Vcs.pm line 416.
	Vcs::_apply_cmd(Vcs::Git=HASH(0x236002f3490), ""D:/Lab_SQA/Defects4J_Projects/Closure_148_b"", ""D:/Lab_SQA/Defects4J_Projects/Closure_148_b/.defects4j.diff"", undef) called at D:/Lab_SQA/defects4j/framework/core/Vcs.pm line 375
	Vcs::apply_patch(Vcs::Git=HASH(0x236002f3490), ""D:/Lab_SQA/Defects4J_Projects/Closure_148_b"", ""D:/Lab_SQA/Defects4J_Projects/Closure_148_b/.defects4j.diff"") called at D:/Lab_SQA/defects4j/framework/core/Project.pm line 510
	Project::checkout_vid(Project::Closure=HASH(0x236003819b0), ""148b"") called at D:/Lab_SQA/defects4j/framework/bin/d4j/d4j-checkout line 96
	require D:/Lab_SQA/defects4j/framework/bin/d4j/d4j-checkout called at D:\Lab_SQA\defects4j\framework\bin\defects4j line 195
Compilation failed in require at D:\Lab_SQA\defects4j\framework\bin\defects4j line 195."
Closure,149,CATG,default,1,0,False,error,0,0,False,0,0,0,0,0,0,2.04,"STATUS:ERROR:CATG failed with exit 1:
Now testing catg.generated.CatgHarness_981fa09892

========== Input 1 ==========
WARNING: 
java.lang.LinkageError: loader (instance of  sun/misc/Launcher$AppClassLoader): attempted  duplicate class definition for name: ""com/google/common/collect/RegularImmutableList""
	at java.lang.ClassLoader.defineClass1(Native Method)
	at java.lang.ClassLoader.defineClass(ClassLoader.java:756)
	at java.security.SecureClassLoader.defineClass(SecureClassLoader.java:142)
	at java.net.URLClassLoader.defineClass(URLClassLoader.java:473)
	at java.net.URLClassLoader.access$100(URLClassLoader.java:74)
	at java.net.URLClassLoader$1.run(URLClassLoader.java:369)
	at java.net.URLClassLoader$1.run(URLClassLoader.java:363)
	at java.security.AccessController.doPrivileged(Native Method)
	at java.net.URLClassLoader.findClass(URLClassLoader.java:362)
	at java.lang.ClassLoader.loadClass(ClassLoader.java:418)
	at sun.misc.Launcher$AppClassLoader.loadClass(Launcher.java:352)
	at java.lang.ClassLoader.loadClass(ClassLoader.java:351)
	at java.lang.ClassLoader.defineClass1(Native Method)
	at java.lang.ClassLoader.defineClass(ClassLoader.java:756)
	at java.security.SecureClassLoader.defineClass(SecureClassLoader.java:142)
	at java.net.URLClassLoader.defineClass(URLClassLoader.java:473)
	at java.net.URLClassLoader.access$100(URLClassLoader.java:74)
	at java.net.URLClassLoader$1.run(URLClassLoader.java:369)
	at java.net.URLClassLoader$1.run(URLClassLoader.java:363)
	at java.security.AccessController.doPrivileged(Native Method)
	at java.net.URLClassLoader.findClass(URLClassLoader.java:362)
	at java.lang.ClassLoader.loadClass(ClassLoader.java:418)
	at sun.misc.Launcher$AppClassLoader.loadClass(Launcher.java:352)
	at java.lang.ClassLoader.loadClass(ClassLoader.java:351)
	at com.google.javascript.jscomp.CommandLineRunner.<clinit>(CommandLineRunner.java:494)
	at java.lang.Class.forName0(Native Method)
	at java.lang.Class.forName(Class.java:264)
	at catg.generated.CatgHarness_981fa09892.main(CatgHarness_981fa09892.java:12)
Java exited with status 1"
Closure,150,CATG,default,1,0,False,unsupported,0,0,False,0,0,0,0,0,0,0.0,STATUS:target_discovery:no_source_method
Closure,151,CATG,default,1,0,False,error,0,0,False,0,0,0,0,0,0,0.0,"STATUS:ERROR:checkout Closure-151b failed at D:\Lab_SQA\Defects4J_Projects\Closure_151_b: exit=128
Checking out fe58a5d1 to D:/Lab_SQA/Defects4J_Projects/Closure_151_b....... OK
Init local repository...................................................... OK
Tag post-fix revision...................................................... OK
Apply patch................................................................ OK
Run post-checkout hook..................................................... OK
Excluding broken/flaky tests............................................... OK
Excluding broken/flaky tests............................................... OK
Initialize fixed program version........................................... OK
Apply patch................................................................ OK
Initialize buggy program version........................................... OK
Diff fe58a5d1:d00fc0c6..................................................... OK
Cannot determine how to apply patch!
All attempts failed:
* cd D:/Lab_SQA/Defects4J_Projects/Closure_151_b && git apply -p1 --ignore-whitespace --check D:/Lab_SQA/Defects4J_Projects/Closure_151_b/.defects4j.diff 2>&1
error: git diff header lacks filename information when removing 1 leading pathname component (line 39)
* cd D:/Lab_SQA/Defects4J_Projects/Closure_151_b && git apply -p0 --ignore-whitespace --check D:/Lab_SQA/Defects4J_Projects/Closure_151_b/.defects4j.diff 2>&1
error: git diff header lacks filename information when removing 0 leading pathname components (line 39)
* cd D:/Lab_SQA/Defects4J_Projects/Closure_151_b && git apply -p2 --ignore-whitespace --check D:/Lab_SQA/Defects4J_Projects/Closure_151_b/.defects4j.diff 2>&1
error: git diff header lacks filename information when removing 2 leading pathname components (line 5)
----------------------------------------------------------------------
 at D:/Lab_SQA/defects4j/framework/core/Vcs.pm line 416.
	Vcs::_apply_cmd(Vcs::Git=HASH(0x2650c5d7728), ""D:/Lab_SQA/Defects4J_Projects/Closure_151_b"", ""D:/Lab_SQA/Defects4J_Projects/Closure_151_b/.defects4j.diff"", undef) called at D:/Lab_SQA/defects4j/framework/core/Vcs.pm line 375
	Vcs::apply_patch(Vcs::Git=HASH(0x2650c5d7728), ""D:/Lab_SQA/Defects4J_Projects/Closure_151_b"", ""D:/Lab_SQA/Defects4J_Projects/Closure_151_b/.defects4j.diff"") called at D:/Lab_SQA/defects4j/framework/core/Project.pm line 510
	Project::checkout_vid(Project::Closure=HASH(0x2650c4f41c0), ""151b"") called at D:/Lab_SQA/defects4j/framework/bin/d4j/d4j-checkout line 96
	require D:/Lab_SQA/defects4j/framework/bin/d4j/d4j-checkout called at D:\Lab_SQA\defects4j\framework\bin\defects4j line 195
Compilation failed in require at D:\Lab_SQA\defects4j\framework\bin\defects4j line 195."
Closure,152,CATG,default,1,0,False,unsupported,0,0,False,0,0,0,0,0,0,0.0,STATUS:harness_limitation:unsupported_type:ErrorReporter t:resolveInternal
Closure,153,CATG,default,1,0,False,unsupported,0,0,False,0,0,0,0,0,0,0.0,STATUS:harness_limitation:unsupported_type:Scope s:onRedeclaration
Closure,154,CATG,default,1,0,False,unsupported,0,0,False,0,0,0,0,0,0,0.0,STATUS:harness_limitation:unsupported_type:NodeTraversal t:checkDeclaredPropertyInheritance
Closure,155,CATG,default,1,1,True,completed,0,0,False,569,1,0.18,419,0,0.0,2.09,modified=com.google.javascript.jscomp.InlineVariables;com.google.javascript.jscomp.ReferenceCollectingCallback;com.google.javascript.jscomp.Scope;target=com.google.javascript.jscomp.Scope::getVarCount;params=;catg_cases=1
Closure,156,CATG,default,1,0,False,unsupported,0,0,False,0,0,0,0,0,0,0.0,STATUS:harness_limitation:unsupported_type:Name n:updateObjLitOrFunctionDeclaration
Closure,157,CATG,default,1,0,False,unsupported,0,0,False,0,0,0,0,0,0,0.0,STATUS:harness_limitation:unsupported_type:Node n:add
Closure,158,CATG,default,1,0,False,error,0,0,False,0,0,0,0,0,0,2.87,"STATUS:ERROR:CATG failed with exit 1:
Now testing catg.generated.CatgHarness_2a055c1e48

========== Input 1 ==========
WARNING: 
java.lang.LinkageError: loader (instance of  sun/misc/Launcher$AppClassLoader): attempted  duplicate class definition for name: ""com/google/common/collect/RegularImmutableList""
	at java.lang.ClassLoader.defineClass1(Native Method)
	at java.lang.ClassLoader.defineClass(ClassLoader.java:756)
	at java.security.SecureClassLoader.defineClass(SecureClassLoader.java:142)
	at java.net.URLClassLoader.defineClass(URLClassLoader.java:473)
	at java.net.URLClassLoader.access$100(URLClassLoader.java:74)
	at java.net.URLClassLoader$1.run(URLClassLoader.java:369)
	at java.net.URLClassLoader$1.run(URLClassLoader.java:363)
	at java.security.AccessController.doPrivileged(Native Method)
	at java.net.URLClassLoader.findClass(URLClassLoader.java:362)
	at java.lang.ClassLoader.loadClass(ClassLoader.java:418)
	at sun.misc.Launcher$AppClassLoader.loadClass(Launcher.java:352)
	at java.lang.ClassLoader.loadClass(ClassLoader.java:351)
	at java.lang.ClassLoader.defineClass1(Native Method)
	at java.lang.ClassLoader.defineClass(ClassLoader.java:756)
	at java.security.SecureClassLoader.defineClass(SecureClassLoader.java:142)
	at java.net.URLClassLoader.defineClass(URLClassLoader.java:473)
	at java.net.URLClassLoader.access$100(URLClassLoader.java:74)
	at java.net.URLClassLoader$1.run(URLClassLoader.java:369)
	at java.net.URLClassLoader$1.run(URLClassLoader.java:363)
	at java.security.AccessController.doPrivileged(Native Method)
	at java.net.URLClassLoader.findClass(URLClassLoader.java:362)
	at java.lang.ClassLoader.loadClass(ClassLoader.java:418)
	at sun.misc.Launcher$AppClassLoader.loadClass(Launcher.java:352)
	at java.lang.ClassLoader.loadClass(ClassLoader.java:351)
	at com.google.javascript.jscomp.CommandLineRunner.<clinit>(CommandLineRunner.java:608)
	at java.lang.Class.forName0(Native Method)
	at java.lang.Class.forName(Class.java:264)
	at catg.generated.CatgHarness_2a055c1e48.main(CatgHarness_2a055c1e48.java:12)
Java exited with status 1"
Closure,159,CATG,default,1,0,False,unsupported,0,0,False,0,0,0,0,0,0,0.0,STATUS:harness_limitation:unsupported_type:Node node:findCalledFunctions
Closure,160,CATG,default,1,0,False,unsupported,0,0,False,0,0,0,0,0,0,0.0,STATUS:harness_limitation:unsupported_type:CompilerOptions options:initOptions
Closure,161,CATG,default,1,0,False,unsupported,0,0,False,0,0,0,0,0,0,0.0,STATUS:harness_limitation:unsupported_type:Node n:tryFoldArrayAccess
Closure,162,CATG,default,1,0,False,unsupported,0,0,False,0,0,0,0,0,0,0.0,STATUS:harness_limitation:unsupported_type:NodeTraversal t:visit
Closure,163,CATG,default,1,1,True,completed,0,0,False,323,1,0.31,173,0,0.0,3.48,modified=com.google.javascript.jscomp.AnalyzePrototypeProperties;com.google.javascript.jscomp.CrossModuleMethodMotion;target=com.google.javascript.jscomp.AnalyzePrototypeProperties$LiteralProperty::getValue;params=;catg_cases=1
Closure,164,CATG,default,1,0,False,unsupported,0,0,False,0,0,0,0,0,0,0.0,STATUS:harness_limitation:unsupported_type:JSType other:isSubtype
Closure,165,CATG,default,1,0,False,error,0,0,False,0,0,0,0,0,0,3.22,"STATUS:ERROR:CATG failed with exit 1:
Now testing catg.generated.CatgHarness_e1a46ae7f2

========== Input 1 ==========
WARNING: 
java.lang.LinkageError: loader (instance of  sun/misc/Launcher$AppClassLoader): attempted  duplicate class definition for name: ""com/google/javascript/rhino/jstype/PrototypeObjectType""
	at java.lang.ClassLoader.defineClass1(Native Method)
	at java.lang.ClassLoader.defineClass(ClassLoader.java:756)
	at java.security.SecureClassLoader.defineClass(SecureClassLoader.java:142)
	at java.net.URLClassLoader.defineClass(URLClassLoader.java:473)
	at java.net.URLClassLoader.access$100(URLClassLoader.java:74)
	at java.net.URLClassLoader$1.run(URLClassLoader.java:369)
	at java.net.URLClassLoader$1.run(URLClassLoader.java:363)
	at java.security.AccessController.doPrivileged(Native Method)
	at java.net.URLClassLoader.findClass(URLClassLoader.java:362)
	at java.lang.ClassLoader.loadClass(ClassLoader.java:418)
	at sun.misc.Launcher$AppClassLoader.loadClass(Launcher.java:352)
	at java.lang.ClassLoader.loadClass(ClassLoader.java:351)
	at java.lang.ClassLoader.defineClass1(Native Method)
	at java.lang.ClassLoader.defineClass(ClassLoader.java:756)
	at java.security.SecureClassLoader.defineClass(SecureClassLoader.java:142)
	at java.net.URLClassLoader.defineClass(URLClassLoader.java:473)
	at java.net.URLClassLoader.access$100(URLClassLoader.java:74)
	at java.net.URLClassLoader$1.run(URLClassLoader.java:369)
	at java.net.URLClassLoader$1.run(URLClassLoader.java:363)
	at java.security.AccessController.doPrivileged(Native Method)
	at java.net.URLClassLoader.findClass(URLClassLoader.java:362)
	at java.lang.ClassLoader.loadClass(ClassLoader.java:418)
	at sun.misc.Launcher$AppClassLoader.loadClass(Launcher.java:352)
	at java.lang.ClassLoader.loadClass(ClassLoader.java:351)
	at java.lang.Class.forName0(Native Method)
	at java.lang.Class.forName(Class.java:264)
	at catg.generated.CatgHarness_e1a46ae7f2.main(CatgHarness_e1a46ae7f2.java:12)
Java exited with status 1"
Closure,166,CATG,default,1,0,False,unsupported,0,0,False,0,0,0,0,0,0,0.0,STATUS:harness_limitation:unsupported_type:ObjectType constraintObj:matchRecordTypeConstraint
Closure,167,CATG,default,1,0,False,unsupported,0,0,False,0,0,0,0,0,0,0.0,STATUS:harness_limitation:unsupported_type:Node name:caseNameOrGetProp
Closure,168,CATG,default,1,0,False,unsupported,0,0,False,0,0,0,0,0,0,0.0,STATUS:target_discovery:no_source_method
Closure,169,CATG,default,1,0,False,unsupported,0,0,False,0,0,0,0,0,0,0.0,STATUS:harness_limitation:unsupported_type:JSType that:checkEquivalenceHelper
Closure,170,CATG,default,1,0,False,error,0,0,False,0,0,0,0,0,0,3.1,"STATUS:ERROR:CATG failed with exit 1:
Now testing catg.generated.CatgHarness_1a6e8029de

========== Input 1 ==========
WARNING: 
java.lang.NoSuchMethodException: com.google.javascript.jscomp.FlowSensitiveInlineVariables$Candidate.AbstractCfgNodeTraversalCallback()
	at java.lang.Class.getDeclaredMethod(Class.java:2130)
	at catg.generated.CatgHarness_1a6e8029de.main(CatgHarness_1a6e8029de.java:14)
Java exited with status 1"
Closure,171,CATG,default,1,0,False,unsupported,0,0,False,0,0,0,0,0,0,0.0,STATUS:harness_limitation:unsupported_type:Node n:traverseObjectLiteral
Closure,172,CATG,default,1,0,False,unsupported,0,0,False,0,0,0,0,0,0,0.0,STATUS:harness_limitation:unsupported_type:Node n:isQualifiedNameInferred
Closure,173,CATG,default,1,0,False,unsupported,0,0,False,0,0,0,0,0,0,0.0,STATUS:harness_limitation:unsupported_type:Node n:tryFoldSimpleFunctionCall
Closure,174,CATG,default,1,0,False,unsupported,0,0,False,0,0,0,0,0,0,0.0,STATUS:harness_limitation:unsupported_type:NodeTraversal t:findAliases
Closure,175,CATG,default,1,0,False,unsupported,0,0,False,0,0,0,0,0,0,0.0,STATUS:harness_limitation:unsupported_type:Node callNode:canInlineReferenceDirectly
Closure,176,CATG,default,1,0,False,unsupported,0,0,False,0,0,0,0,0,0,0.0,STATUS:harness_limitation:unsupported_type:FlowScope scope:updateScopeForTypeChange
Codec,1,CATG,default,1,5,True,completed,0,0,False,256,29,11.33,184,18,9.78,2.91,modified=org.apache.commons.codec.language.Caverphone;org.apache.commons.codec.language.Metaphone;org.apache.commons.codec.language.SoundexUtils;target=org.apache.commons.codec.language.Metaphone::metaphone;params=java.lang.String;catg_cases=5
Codec,2,CATG,default,1,0,False,unsupported,0,0,False,0,0,0,0,0,0,0.0,STATUS:harness_limitation:unsupported_type:byte[] in:encode
Codec,3,CATG,default,1,0,False,unsupported,0,0,False,0,0,0,0,0,0,0.0,STATUS:harness_limitation:unsupported_type:DoubleMetaphoneResult result:handleG
Codec,4,CATG,default,1,0,False,unsupported,0,0,False,0,0,0,0,0,0,0.0,STATUS:target_discovery:no_source_method
Codec,5,CATG,default,1,0,False,unsupported,0,0,False,0,0,0,0,0,0,0.0,STATUS:harness_limitation:unsupported_type:byte[] in:decode
Codec,6,CATG,default,1,0,False,unsupported,0,0,False,0,0,0,0,0,0,0.0,STATUS:harness_limitation:unsupported_type:byte b[]:read
Codec,7,CATG,default,1,0,False,unsupported,0,0,False,0,0,0,0,0,0,0.0,STATUS:harness_limitation:unsupported_type:byte[] binaryData:encodeBase64String
Codec,8,CATG,default,1,0,False,unsupported,0,0,False,0,0,0,0,0,0,0.0,STATUS:harness_limitation:unsupported_type:byte[] out:setInitialBuffer
Codec,9,CATG,default,1,0,False,unsupported,0,0,False,0,0,0,0,0,0,0.0,STATUS:harness_limitation:unsupported_type:byte[] binaryData:encodeBase64
Codec,10,CATG,default,1,5,True,completed,0,0,False,69,4,5.8,6,2,33.33,2.48,modified=org.apache.commons.codec.language.Caverphone;target=org.apache.commons.codec.language.Caverphone::caverphone;params=java.lang.String;catg_cases=5
Codec,11,CATG,default,1,0,False,unsupported,0,0,False,0,0,0,0,0,0,0.0,STATUS:harness_limitation:unsupported_type:BitSet printable:encodeQuotedPrintable
Codec,12,CATG,default,1,0,False,unsupported,0,0,False,0,0,0,0,0,0,0.0,STATUS:target_discovery:no_source_method
Codec,13,CATG,default,1,0,False,unsupported,0,0,False,0,0,0,0,0,0,1.33,STATUS:catg_runtime_interpreter:ClassCastException
Codec,14,CATG,default,1,0,False,error,0,0,False,0,0,0,0,0,0,1.27,"STATUS:ERROR:CATG failed with exit 1:
Now testing catg.generated.CatgHarness_4a9e9e8617

========== Input 1 ==========
WARNING: 
java.lang.LinkageError: loader (instance of  sun/misc/Launcher$AppClassLoader): attempted  duplicate class definition for name: ""org/apache/commons/codec/language/bm/Languages$LanguageSet""
	at java.lang.ClassLoader.defineClass1(Native Method)
	at java.lang.ClassLoader.defineClass(ClassLoader.java:756)
	at java.security.SecureClassLoader.defineClass(SecureClassLoader.java:142)
	at java.net.URLClassLoader.defineClass(URLClassLoader.java:473)
	at java.net.URLClassLoader.access$100(URLClassLoader.java:74)
	at java.net.URLClassLoader$1.run(URLClassLoader.java:369)
	at java.net.URLClassLoader$1.run(URLClassLoader.java:363)
	at java.security.AccessController.doPrivileged(Native Method)
	at java.net.URLClassLoader.findClass(URLClassLoader.java:362)
	at java.lang.ClassLoader.loadClass(ClassLoader.java:418)
	at sun.misc.Launcher$AppClassLoader.loadClass(Launcher.java:352)
	at java.lang.ClassLoader.loadClass(ClassLoader.java:351)
	at java.lang.Class.getDeclaredMethods0(Native Method)
	at java.lang.Class.privateGetDeclaredMethods(Class.java:2701)
	at java.lang.Class.getDeclaredMethod(Class.java:2128)
	at catg.generated.CatgHarness_4a9e9e8617.main(CatgHarness_4a9e9e8617.java:14)
Java exited with status 1"
Codec,15,CATG,default,1,0,False,unsupported,0,0,False,0,0,0,0,0,0,1.23,STATUS:catg_runtime_interpreter:ClassCastException
Codec,16,CATG,default,1,0,False,unsupported,0,0,False,0,0,0,0,0,0,0.0,STATUS:target_discovery:no_source_method
Codec,17,CATG,default,1,0,False,unsupported,0,0,False,0,0,0,0,0,0,0.0,STATUS:harness_limitation:unsupported_type:final byte[] bytes:newStringIso8859_1
Codec,18,CATG,default,1,0,False,unsupported,0,0,False,0,0,0,0,0,0,0.0,STATUS:harness_limitation:unsupported_type:final CharSequence cs1:equals
Collections,1,CATG,default,1,0,False,unsupported,0,0,False,0,0,0,0,0,0,0.0,STATUS:harness_limitation:unsupported_type:Object value:setValue
Collections,2,CATG,default,1,1,True,completed,0,0,False,465,7,1.51,268,0,0.0,1.32,modified=org.apache.commons.collections.ExtendedProperties;target=org.apache.commons.collections.ExtendedProperties::getInclude;params=;catg_cases=1
Collections,3,CATG,default,1,0,False,unsupported,0,0,False,0,0,0,0,0,0,0.0,STATUS:harness_limitation:unsupported_type:Collection collection:removeAll
Collections,4,CATG,default,1,0,False,unsupported,0,0,False,0,0,0,0,0,0,0.0,STATUS:harness_limitation:unsupported_type:Object key:putAll
Collections,5,CATG,default,1,0,False,unsupported,0,0,False,0,0,0,0,0,0,0.0,STATUS:harness_limitation:unsupported_type:Collection coll:addAll
Collections,6,CATG,default,1,0,False,unsupported,0,0,False,0,0,0,0,0,0,0.0,STATUS:harness_limitation:unsupported_type:Object key:remove
Collections,7,CATG,default,1,1,True,completed,0,0,False,483,11,2.28,280,2,0.71,1.29,modified=org.apache.commons.collections.ExtendedProperties;target=org.apache.commons.collections.ExtendedProperties::getProperty;params=java.lang.String;catg_cases=1
Collections,8,CATG,default,1,0,False,unsupported,0,0,False,0,0,0,0,0,0,0.0,STATUS:harness_limitation:unsupported_type:ObjectInputStream in:readObject
Collections,9,CATG,default,1,0,False,unsupported,0,0,False,0,0,0,0,0,0,0.0,STATUS:harness_limitation:unsupported_type:ExtendedProperties props:combine
Collections,10,CATG,default,1,0,False,error,0,0,False,0,0,0,0,0,0,0.0,"STATUS:ERROR:checkout Collections-10b failed at D:\Lab_SQA\Defects4J_Projects\Collections_10_b: exit=128
Checking out e6d4f465 to D:/Lab_SQA/Defects4J_Projects/Collections_10_b.... OK
Init local repository...................................................... OK
Tag post-fix revision...................................................... OK
Apply patch................................................................ OK
Run post-checkout hook..................................................... OK
Excluding broken/flaky tests............................................... OK
Backing up build file: D:/Lab_SQA/Defects4J_Projects/Collections_10_b/proje OK
Initialize fixed program version........................................... OK
Apply patch................................................................ OK
Initialize buggy program version........................................... OK
Diff e6d4f465:c1351569..................................................... OK
Cannot determine how to apply patch!
All attempts failed:
* cd D:/Lab_SQA/Defects4J_Projects/Collections_10_b && git apply -p1 --ignore-whitespace --check D:/Lab_SQA/Defects4J_Projects/Collections_10_b/.defects4j.diff 2>&1
error: git diff header lacks filename information when removing 1 leading pathname component (line 4)
* cd D:/Lab_SQA/Defects4J_Projects/Collections_10_b && git apply -p0 --ignore-whitespace --check D:/Lab_SQA/Defects4J_Projects/Collections_10_b/.defects4j.diff 2>&1
error: git diff header lacks filename information when removing 0 leading pathname components (line 4)
* cd D:/Lab_SQA/Defects4J_Projects/Collections_10_b && git apply -p2 --ignore-whitespace --check D:/Lab_SQA/Defects4J_Projects/Collections_10_b/.defects4j.diff 2>&1
error: git diff header lacks filename information when removing 2 leading pathname components (line 4)
----------------------------------------------------------------------
 at D:/Lab_SQA/defects4j/framework/core/Vcs.pm line 416.
	Vcs::_apply_cmd(Vcs::Git=HASH(0x2c1762e2dd0), ""D:/Lab_SQA/Defects4J_Projects/Collections_10_b"", ""D:/Lab_SQA/Defects4J_Projects/Collections_10_b/.defects4j.diff"", undef) called at D:/Lab_SQA/defects4j/framework/core/Vcs.pm line 375
	Vcs::apply_patch(Vcs::Git=HASH(0x2c1762e2dd0), ""D:/Lab_SQA/Defects4J_Projects/Collections_10_b"", ""D:/Lab_SQA/Defects4J_Projects/Collections_10_b/.defects4j.diff"") called at D:/Lab_SQA/defects4j/framework/core/Project.pm line 510
	Project::checkout_vid(Project::Collections=HASH(0x2c1761a74b8), ""10b"") called at D:/Lab_SQA/defects4j/framework/bin/d4j/d4j-checkout line 96
	require D:/Lab_SQA/defects4j/framework/bin/d4j/d4j-checkout called at D:\Lab_SQA\defects4j\framework\bin\defects4j line 195
Compilation failed in require at D:\Lab_SQA\defects4j\framework\bin\defects4j line 195."
Collections,11,CATG,default,1,0,False,unsupported,0,0,False,0,0,0,0,0,0,0.0,STATUS:target_discovery:no_source_method
Collections,12,CATG,default,1,0,False,unsupported,0,0,False,0,0,0,0,0,0,0.0,STATUS:harness_limitation:unsupported_type:ExtendedProperties props:combine
Collections,13,CATG,default,1,0,False,unsupported,0,0,False,0,0,0,0,0,0,0.0,STATUS:harness_limitation:unsupported_type:Properties props:convertProperties
Collections,14,CATG,default,1,0,False,unsupported,0,0,False,0,0,0,0,0,0,0.0,STATUS:harness_limitation:unsupported_type:Object key:convertKey
Collections,15,CATG,default,1,0,False,unsupported,0,0,False,0,0,0,0,0,0,0.0,STATUS:harness_limitation:unsupported_type:Object object:set
Collections,16,CATG,default,1,1,True,completed,0,0,False,86,1,1.16,22,0,0.0,1.26,modified=org.apache.commons.collections.list.SetUniqueList;target=org.apache.commons.collections.list.SetUniqueList$SetListIterator::next;params=;catg_cases=1
Collections,17,CATG,default,1,0,False,unsupported,0,0,False,0,0,0,0,0,0,0.0,STATUS:harness_limitation:unsupported_type:T object:evaluate
Collections,18,CATG,default,1,1,True,completed,0,0,False,93,4,4.3,36,0,0.0,1.29,modified=org.apache.commons.collections.set.ListOrderedSet;target=org.apache.commons.collections.set.ListOrderedSet::toArray;params=;catg_cases=1
Collections,19,CATG,default,1,0,False,unsupported,0,0,False,0,0,0,0,0,0,0.0,STATUS:harness_limitation:unsupported_type:final E object:set
Collections,20,CATG,default,1,1,True,completed,0,0,False,293,3,1.02,154,0,0.0,1.32,modified=org.apache.commons.collections.list.TreeList;target=org.apache.commons.collections.list.TreeList$TreeListIterator::remove;params=;catg_cases=1
Collections,21,CATG,default,1,0,False,unsupported,0,0,False,0,0,0,0,0,0,1.23,STATUS:catg_runtime_interpreter:ClassCastException
Collections,22,CATG,default,1,0,False,unsupported,0,0,False,0,0,0,0,0,0,0.0,"STATUS:harness_limitation:unsupported_type:final Map<? extends K, ? extends V> map:putAll"
Collections,23,CATG,default,1,0,False,unsupported,0,0,False,0,0,0,0,0,0,0.0,"STATUS:harness_limitation:unsupported_type:final Trie<K, ? extends V> trie:unmodifiableTrie"
Collections,24,CATG,default,1,0,False,unsupported,0,0,False,0,0,0,0,0,0,0.0,STATUS:harness_limitation:unsupported_type:final BoundedCollection<? extends E> coll:unmodifiableBoundedCollection
Collections,25,CATG,default,1,0,False,unsupported,0,0,False,0,0,0,0,0,0,0.0,STATUS:harness_limitation:unsupported_type:final Comparator<? super E> comparator:collatedIterator
Collections,26,CATG,default,1,1,True,completed,0,0,False,37,3,8.11,12,0,0.0,1.35,modified=org.apache.commons.collections4.keyvalue.MultiKey;target=org.apache.commons.collections4.keyvalue.MultiKey::readResolve;params=;catg_cases=1
Collections,27,CATG,default,1,0,False,unsupported,0,0,False,0,0,0,0,0,0,0.0,STATUS:target_discovery:no_source_method
Collections,28,CATG,default,1,0,False,unsupported,0,0,False,0,0,0,0,0,0,0.0,STATUS:target_discovery:no_source_method
Compress,1,CATG,default,1,1,True,completed,1,0,True,164,4,2.44,59,1,1.69,1.24,modified=org.apache.commons.compress.archivers.cpio.CpioArchiveOutputStream;target=org.apache.commons.compress.archivers.cpio.CpioArchiveOutputStream::close;params=;catg_cases=1
Compress,2,CATG,default,1,1,True,completed,0,0,False,73,7,9.59,42,1,2.38,1.78,modified=org.apache.commons.compress.archivers.ar.ArArchiveInputStream;target=org.apache.commons.compress.archivers.ar.ArArchiveInputStream::getNextArEntry;params=;catg_cases=1
Compress,3,CATG,default,1,1,True,completed,0,0,False,90,2,2.22,28,0,0.0,1.67,modified=org.apache.commons.compress.archivers.tar.TarArchiveOutputStream;target=org.apache.commons.compress.archivers.tar.TarArchiveOutputStream::finish;params=;catg_cases=1
Compress,4,CATG,default,1,1,True,completed,1,0,True,616,8,1.3,253,4,1.58,1.79,modified=org.apache.commons.compress.archivers.cpio.CpioArchiveOutputStream;org.apache.commons.compress.archivers.tar.TarArchiveOutputStream;org.apache.commons.compress.archivers.zip.ZipArchiveOutputStream;org.apache.commons.compress.changes.ChangeSetPerformer;target=org.apache.commons.compress.archivers.cpio.CpioArchiveOutputStream::close;params=;catg_cases=1
Compress,5,CATG,default,1,0,False,error,0,0,False,0,0,0,0,0,0,0.0,"STATUS:ERROR:checkout Compress-5b failed at D:\Lab_SQA\Defects4J_Projects\Compress_5_b: exit=128
Checking out dc3fc470 to D:/Lab_SQA/Defects4J_Projects/Compress_5_b........ OK
Init local repository...................................................... OK
Tag post-fix revision...................................................... OK
Copy generated Ant build file.............................................. OK
Run post-checkout hook..................................................... OK
Excluding broken/flaky tests............................................... OK
Backing up build file: D:/Lab_SQA/Defects4J_Projects/Compress_5_b/maven-bui OK
Initialize fixed program version........................................... OK
Apply patch................................................................ OK
Initialize buggy program version........................................... OK
Diff dc3fc470:c520d00b..................................................... OK
Cannot determine how to apply patch!
All attempts failed:
* cd D:/Lab_SQA/Defects4J_Projects/Compress_5_b && git apply -p1 --ignore-whitespace --check D:/Lab_SQA/Defects4J_Projects/Compress_5_b/.defects4j.diff 2>&1
error: git diff header lacks filename information when removing 1 leading pathname component (line 174)
* cd D:/Lab_SQA/Defects4J_Projects/Compress_5_b && git apply -p0 --ignore-whitespace --check D:/Lab_SQA/Defects4J_Projects/Compress_5_b/.defects4j.diff 2>&1
error: git diff header lacks filename information when removing 0 leading pathname components (line 174)
* cd D:/Lab_SQA/Defects4J_Projects/Compress_5_b && git apply -p2 --ignore-whitespace --check D:/Lab_SQA/Defects4J_Projects/Compress_5_b/.defects4j.diff 2>&1
error: git diff header lacks filename information when removing 2 leading pathname components (line 174)
----------------------------------------------------------------------
 at D:/Lab_SQA/defects4j/framework/core/Vcs.pm line 416.
	Vcs::_apply_cmd(Vcs::Git=HASH(0x1dfb874dc58), ""D:/Lab_SQA/Defects4J_Projects/Compress_5_b"", ""D:/Lab_SQA/Defects4J_Projects/Compress_5_b/.defects4j.diff"", undef) called at D:/Lab_SQA/defects4j/framework/core/Vcs.pm line 375
	Vcs::apply_patch(Vcs::Git=HASH(0x1dfb874dc58), ""D:/Lab_SQA/Defects4J_Projects/Compress_5_b"", ""D:/Lab_SQA/Defects4J_Projects/Compress_5_b/.defects4j.diff"") called at D:/Lab_SQA/defects4j/framework/core/Project.pm line 510
	Project::checkout_vid(Project::Compress=HASH(0x1dfb86b4548), ""5b"") called at D:/Lab_SQA/defects4j/framework/bin/d4j/d4j-checkout line 96
	require D:/Lab_SQA/defects4j/framework/bin/d4j/d4j-checkout called at D:\Lab_SQA\defects4j\framework\bin\defects4j line 195
Compilation failed in require at D:\Lab_SQA\defects4j\framework\bin\defects4j line 195."
Compress,6,CATG,default,1,0,False,unsupported,0,0,False,0,0,0,0,0,0,0.0,STATUS:harness_limitation:unsupported_type:Object obj:equals
Compress,7,CATG,default,1,0,False,unsupported,0,0,False,0,0,0,0,0,0,0.0,STATUS:harness_limitation:unsupported_type:byte[] buffer:parseName
Compress,8,CATG,default,1,0,False,unsupported,0,0,False,0,0,0,0,0,0,0.0,STATUS:harness_limitation:unsupported_type:final byte[] buffer:parseOctal
Compress,9,CATG,default,1,0,False,unsupported,0,0,False,0,0,0,0,0,0,0.0,STATUS:harness_limitation:unsupported_type:byte[] wBuf:write
Compress,10,CATG,default,1,0,False,unsupported,0,0,False,0,0,0,0,0,0,0.0,"STATUS:harness_limitation:unsupported_type:Map<ZipArchiveEntry, NameAndComment>
                                            entriesWithoutUTF8Flag:resolveLocalFileHeaderData"
Compress,11,CATG,default,1,0,False,unsupported,0,0,False,0,0,0,0,0,0,0.0,STATUS:harness_limitation:unsupported_type:final InputStream in:createArchiveInputStream
Compress,12,CATG,default,1,0,False,error,0,0,False,0,0,0,0,0,0,0.0,"STATUS:ERROR:checkout Compress-12b failed at D:\Lab_SQA\Defects4J_Projects\Compress_12_b: exit=128
Checking out bc84d208 to D:/Lab_SQA/Defects4J_Projects/Compress_12_b....... OK
Init local repository...................................................... OK
Tag post-fix revision...................................................... OK
Copy generated Ant build file.............................................. OK
Run post-checkout hook..................................................... OK
Excluding broken/flaky tests............................................... OK
Backing up build file: D:/Lab_SQA/Defects4J_Projects/Compress_12_b/maven-bu OK
Initialize fixed program version........................................... OK
Apply patch................................................................ OK
Initialize buggy program version........................................... OK
Diff bc84d208:b23b5c85..................................................... OK
Cannot determine how to apply patch!
All attempts failed:
* cd D:/Lab_SQA/Defects4J_Projects/Compress_12_b && git apply -p1 --ignore-whitespace --check D:/Lab_SQA/Defects4J_Projects/Compress_12_b/.defects4j.diff 2>&1
error: git diff header lacks filename information when removing 1 leading pathname component (line 61)
* cd D:/Lab_SQA/Defects4J_Projects/Compress_12_b && git apply -p0 --ignore-whitespace --check D:/Lab_SQA/Defects4J_Projects/Compress_12_b/.defects4j.diff 2>&1
error: git diff header lacks filename information when removing 0 leading pathname components (line 61)
* cd D:/Lab_SQA/Defects4J_Projects/Compress_12_b && git apply -p2 --ignore-whitespace --check D:/Lab_SQA/Defects4J_Projects/Compress_12_b/.defects4j.diff 2>&1
error: git diff header lacks filename information when removing 2 leading pathname components (line 61)
----------------------------------------------------------------------
 at D:/Lab_SQA/defects4j/framework/core/Vcs.pm line 416.
	Vcs::_apply_cmd(Vcs::Git=HASH(0x293539adfb8), ""D:/Lab_SQA/Defects4J_Projects/Compress_12_b"", ""D:/Lab_SQA/Defects4J_Projects/Compress_12_b/.defects4j.diff"", undef) called at D:/Lab_SQA/defects4j/framework/core/Vcs.pm line 375
	Vcs::apply_patch(Vcs::Git=HASH(0x293539adfb8), ""D:/Lab_SQA/Defects4J_Projects/Compress_12_b"", ""D:/Lab_SQA/Defects4J_Projects/Compress_12_b/.defects4j.diff"") called at D:/Lab_SQA/defects4j/framework/core/Project.pm line 510
	Project::checkout_vid(Project::Compress=HASH(0x293538dc400), ""12b"") called at D:/Lab_SQA/defects4j/framework/bin/d4j/d4j-checkout line 96
	require D:/Lab_SQA/defects4j/framework/bin/d4j/d4j-checkout called at D:\Lab_SQA\defects4j\framework\bin\defects4j line 195
Compilation failed in require at D:\Lab_SQA\defects4j\framework\bin\defects4j line 195."
Compress,13,CATG,default,1,0,False,error,0,0,False,0,0,0,0,0,0,0.0,"STATUS:ERROR:checkout Compress-13b failed at D:\Lab_SQA\Defects4J_Projects\Compress_13_b: exit=128
Checking out c75c10fa to D:/Lab_SQA/Defects4J_Projects/Compress_13_b....... OK
Init local repository...................................................... OK
Tag post-fix revision...................................................... OK
Copy generated Ant build file.............................................. OK
Run post-checkout hook..................................................... OK
Excluding broken/flaky tests............................................... OK
Backing up build file: D:/Lab_SQA/Defects4J_Projects/Compress_13_b/maven-bu OK
Initialize fixed program version........................................... OK
Apply patch................................................................ OK
Initialize buggy program version........................................... OK
Diff c75c10fa:576bd034..................................................... OK
Cannot determine how to apply patch!
All attempts failed:
* cd D:/Lab_SQA/Defects4J_Projects/Compress_13_b && git apply -p1 --ignore-whitespace --check D:/Lab_SQA/Defects4J_Projects/Compress_13_b/.defects4j.diff 2>&1
error: git diff header lacks filename information when removing 1 leading pathname component (line 113)
* cd D:/Lab_SQA/Defects4J_Projects/Compress_13_b && git apply -p0 --ignore-whitespace --check D:/Lab_SQA/Defects4J_Projects/Compress_13_b/.defects4j.diff 2>&1
error: git diff header lacks filename information when removing 0 leading pathname components (line 113)
* cd D:/Lab_SQA/Defects4J_Projects/Compress_13_b && git apply -p2 --ignore-whitespace --check D:/Lab_SQA/Defects4J_Projects/Compress_13_b/.defects4j.diff 2>&1
error: git diff header lacks filename information when removing 2 leading pathname components (line 113)
----------------------------------------------------------------------
 at D:/Lab_SQA/defects4j/framework/core/Vcs.pm line 416.
	Vcs::_apply_cmd(Vcs::Git=HASH(0x25b5e6449a8), ""D:/Lab_SQA/Defects4J_Projects/Compress_13_b"", ""D:/Lab_SQA/Defects4J_Projects/Compress_13_b/.defects4j.diff"", undef) called at D:/Lab_SQA/defects4j/framework/core/Vcs.pm line 375
	Vcs::apply_patch(Vcs::Git=HASH(0x25b5e6449a8), ""D:/Lab_SQA/Defects4J_Projects/Compress_13_b"", ""D:/Lab_SQA/Defects4J_Projects/Compress_13_b/.defects4j.diff"") called at D:/Lab_SQA/defects4j/framework/core/Project.pm line 510
	Project::checkout_vid(Project::Compress=HASH(0x25b5e63dc58), ""13b"") called at D:/Lab_SQA/defects4j/framework/bin/d4j/d4j-checkout line 96
	require D:/Lab_SQA/defects4j/framework/bin/d4j/d4j-checkout called at D:\Lab_SQA\defects4j\framework\bin\defects4j line 195
Compilation failed in require at D:\Lab_SQA\defects4j\framework\bin\defects4j line 195."
Compress,14,CATG,default,1,0,False,error,0,0,False,0,0,0,0,0,0,0.0,"STATUS:ERROR:checkout Compress-14b failed at D:\Lab_SQA\Defects4J_Projects\Compress_14_b: exit=128
Checking out 40f2e638 to D:/Lab_SQA/Defects4J_Projects/Compress_14_b....... OK
Init local repository...................................................... OK
Tag post-fix revision...................................................... OK
Copy generated Ant build file.............................................. OK
Run post-checkout hook..................................................... OK
Excluding broken/flaky tests............................................... OK
Backing up build file: D:/Lab_SQA/Defects4J_Projects/Compress_14_b/maven-bu OK
Initialize fixed program version........................................... OK
Apply patch................................................................ OK
Initialize buggy program version........................................... OK
Diff 40f2e638:d39ba76c..................................................... OK
Cannot determine how to apply patch!
All attempts failed:
* cd D:/Lab_SQA/Defects4J_Projects/Compress_14_b && git apply -p1 --ignore-whitespace --check D:/Lab_SQA/Defects4J_Projects/Compress_14_b/.defects4j.diff 2>&1
error: git diff header lacks filename information when removing 1 leading pathname component (line 124)
* cd D:/Lab_SQA/Defects4J_Projects/Compress_14_b && git apply -p0 --ignore-whitespace --check D:/Lab_SQA/Defects4J_Projects/Compress_14_b/.defects4j.diff 2>&1
error: git diff header lacks filename information when removing 0 leading pathname components (line 124)
* cd D:/Lab_SQA/Defects4J_Projects/Compress_14_b && git apply -p2 --ignore-whitespace --check D:/Lab_SQA/Defects4J_Projects/Compress_14_b/.defects4j.diff 2>&1
error: git diff header lacks filename information when removing 2 leading pathname components (line 124)
----------------------------------------------------------------------
 at D:/Lab_SQA/defects4j/framework/core/Vcs.pm line 416.
	Vcs::_apply_cmd(Vcs::Git=HASH(0x281486bb7c0), ""D:/Lab_SQA/Defects4J_Projects/Compress_14_b"", ""D:/Lab_SQA/Defects4J_Projects/Compress_14_b/.defects4j.diff"", undef) called at D:/Lab_SQA/defects4j/framework/core/Vcs.pm line 375
	Vcs::apply_patch(Vcs::Git=HASH(0x281486bb7c0), ""D:/Lab_SQA/Defects4J_Projects/Compress_14_b"", ""D:/Lab_SQA/Defects4J_Projects/Compress_14_b/.defects4j.diff"") called at D:/Lab_SQA/defects4j/framework/core/Project.pm line 510
	Project::checkout_vid(Project::Compress=HASH(0x281486ad378), ""14b"") called at D:/Lab_SQA/defects4j/framework/bin/d4j/d4j-checkout line 96
	require D:/Lab_SQA/defects4j/framework/bin/d4j/d4j-checkout called at D:\Lab_SQA\defects4j\framework\bin\defects4j line 195
Compilation failed in require at D:\Lab_SQA\defects4j\framework\bin\defects4j line 195."
Compress,15,CATG,default,1,0,False,unsupported,0,0,False,0,0,0,0,0,0,0.0,STATUS:harness_limitation:unsupported_type:Object obj:equals
Compress,16,CATG,default,1,0,False,error,0,0,False,0,0,0,0,0,0,0.0,"STATUS:ERROR:checkout Compress-16b failed at D:\Lab_SQA\Defects4J_Projects\Compress_16_b: exit=128
Checking out 9bdacbfb to D:/Lab_SQA/Defects4J_Projects/Compress_16_b....... OK
Init local repository...................................................... OK
Tag post-fix revision...................................................... OK
Copy generated Ant build file.............................................. OK
Run post-checkout hook..................................................... OK
Excluding broken/flaky tests............................................... OK
Backing up build file: D:/Lab_SQA/Defects4J_Projects/Compress_16_b/maven-bu OK
Initialize fixed program version........................................... OK
Apply patch................................................................ OK
Initialize buggy program version........................................... OK
Diff 9bdacbfb:811fb4e1..................................................... OK
Cannot determine how to apply patch!
All attempts failed:
* cd D:/Lab_SQA/Defects4J_Projects/Compress_16_b && git apply -p1 --ignore-whitespace --check D:/Lab_SQA/Defects4J_Projects/Compress_16_b/.defects4j.diff 2>&1
error: git diff header lacks filename information when removing 1 leading pathname component (line 84)
* cd D:/Lab_SQA/Defects4J_Projects/Compress_16_b && git apply -p0 --ignore-whitespace --check D:/Lab_SQA/Defects4J_Projects/Compress_16_b/.defects4j.diff 2>&1
error: git diff header lacks filename information when removing 0 leading pathname components (line 84)
* cd D:/Lab_SQA/Defects4J_Projects/Compress_16_b && git apply -p2 --ignore-whitespace --check D:/Lab_SQA/Defects4J_Projects/Compress_16_b/.defects4j.diff 2>&1
error: git diff header lacks filename information when removing 2 leading pathname components (line 84)
----------------------------------------------------------------------
 at D:/Lab_SQA/defects4j/framework/core/Vcs.pm line 416.
	Vcs::_apply_cmd(Vcs::Git=HASH(0x251c05dc030), ""D:/Lab_SQA/Defects4J_Projects/Compress_16_b"", ""D:/Lab_SQA/Defects4J_Projects/Compress_16_b/.defects4j.diff"", undef) called at D:/Lab_SQA/defects4j/framework/core/Vcs.pm line 375
	Vcs::apply_patch(Vcs::Git=HASH(0x251c05dc030), ""D:/Lab_SQA/Defects4J_Projects/Compress_16_b"", ""D:/Lab_SQA/Defects4J_Projects/Compress_16_b/.defects4j.diff"") called at D:/Lab_SQA/defects4j/framework/core/Project.pm line 510
	Project::checkout_vid(Project::Compress=HASH(0x251c05e7250), ""16b"") called at D:/Lab_SQA/defects4j/framework/bin/d4j/d4j-checkout line 96
	require D:/Lab_SQA/defects4j/framework/bin/d4j/d4j-checkout called at D:\Lab_SQA\defects4j\framework\bin\defects4j line 195
Compilation failed in require at D:\Lab_SQA\defects4j\framework\bin\defects4j line 195."
Compress,17,CATG,default,1,0,False,error,0,0,False,0,0,0,0,0,0,0.0,"STATUS:ERROR:checkout Compress-17b failed at D:\Lab_SQA\Defects4J_Projects\Compress_17_b: exit=128
Checking out ab456436 to D:/Lab_SQA/Defects4J_Projects/Compress_17_b....... OK
Init local repository...................................................... OK
Tag post-fix revision...................................................... OK
Copy generated Ant build file.............................................. OK
Run post-checkout hook..................................................... OK
Excluding broken/flaky tests............................................... OK
Backing up build file: D:/Lab_SQA/Defects4J_Projects/Compress_17_b/maven-bu OK
Initialize fixed program version........................................... OK
Apply patch................................................................ OK
Initialize buggy program version........................................... OK
Diff ab456436:db6dda34..................................................... OK
Cannot determine how to apply patch!
All attempts failed:
* cd D:/Lab_SQA/Defects4J_Projects/Compress_17_b && git apply -p1 --ignore-whitespace --check D:/Lab_SQA/Defects4J_Projects/Compress_17_b/.defects4j.diff 2>&1
error: git diff header lacks filename information when removing 1 leading pathname component (line 66)
* cd D:/Lab_SQA/Defects4J_Projects/Compress_17_b && git apply -p0 --ignore-whitespace --check D:/Lab_SQA/Defects4J_Projects/Compress_17_b/.defects4j.diff 2>&1
error: git diff header lacks filename information when removing 0 leading pathname components (line 66)
* cd D:/Lab_SQA/Defects4J_Projects/Compress_17_b && git apply -p2 --ignore-whitespace --check D:/Lab_SQA/Defects4J_Projects/Compress_17_b/.defects4j.diff 2>&1
error: git diff header lacks filename information when removing 2 leading pathname components (line 66)
----------------------------------------------------------------------
 at D:/Lab_SQA/defects4j/framework/core/Vcs.pm line 416.
	Vcs::_apply_cmd(Vcs::Git=HASH(0x126fe8adf00), ""D:/Lab_SQA/Defects4J_Projects/Compress_17_b"", ""D:/Lab_SQA/Defects4J_Projects/Compress_17_b/.defects4j.diff"", undef) called at D:/Lab_SQA/defects4j/framework/core/Vcs.pm line 375
	Vcs::apply_patch(Vcs::Git=HASH(0x126fe8adf00), ""D:/Lab_SQA/Defects4J_Projects/Compress_17_b"", ""D:/Lab_SQA/Defects4J_Projects/Compress_17_b/.defects4j.diff"") called at D:/Lab_SQA/defects4j/framework/core/Project.pm line 510
	Project::checkout_vid(Project::Compress=HASH(0x126fe8b5a90), ""17b"") called at D:/Lab_SQA/defects4j/framework/bin/d4j/d4j-checkout line 96
	require D:/Lab_SQA/defects4j/framework/bin/d4j/d4j-checkout called at D:\Lab_SQA\defects4j\framework\bin\defects4j line 195
Compilation failed in require at D:\Lab_SQA\defects4j\framework\bin\defects4j line 195."
Compress,18,CATG,default,1,0,False,unsupported,0,0,False,0,0,0,0,0,0,0.0,"STATUS:harness_limitation:unsupported_type:Map<String, String> headers:writePaxHeaders"
Compress,19,CATG,default,1,0,False,error,0,0,False,0,0,0,0,0,0,0.0,"STATUS:ERROR:checkout Compress-19b failed at D:\Lab_SQA\Defects4J_Projects\Compress_19_b: exit=128
Checking out e860d2f3 to D:/Lab_SQA/Defects4J_Projects/Compress_19_b....... OK
Init local repository...................................................... OK
Tag post-fix revision...................................................... OK
Copy generated Ant build file.............................................. OK
Run post-checkout hook..................................................... OK
Excluding broken/flaky tests............................................... OK
Excluding broken/flaky tests............................................... OK
Backing up build file: D:/Lab_SQA/Defects4J_Projects/Compress_19_b/maven-bu OK
Initialize fixed program version........................................... OK
Apply patch................................................................ OK
Initialize buggy program version........................................... OK
Diff e860d2f3:ed534048..................................................... OK
Cannot determine how to apply patch!
All attempts failed:
* cd D:/Lab_SQA/Defects4J_Projects/Compress_19_b && git apply -p1 --ignore-whitespace --check D:/Lab_SQA/Defects4J_Projects/Compress_19_b/.defects4j.diff 2>&1
error: git diff header lacks filename information when removing 1 leading pathname component (line 65)
* cd D:/Lab_SQA/Defects4J_Projects/Compress_19_b && git apply -p0 --ignore-whitespace --check D:/Lab_SQA/Defects4J_Projects/Compress_19_b/.defects4j.diff 2>&1
error: git diff header lacks filename information when removing 0 leading pathname components (line 65)
* cd D:/Lab_SQA/Defects4J_Projects/Compress_19_b && git apply -p2 --ignore-whitespace --check D:/Lab_SQA/Defects4J_Projects/Compress_19_b/.defects4j.diff 2>&1
error: git diff header lacks filename information when removing 2 leading pathname components (line 65)
----------------------------------------------------------------------
 at D:/Lab_SQA/defects4j/framework/core/Vcs.pm line 416.
	Vcs::_apply_cmd(Vcs::Git=HASH(0x20a3dca0998), ""D:/Lab_SQA/Defects4J_Projects/Compress_19_b"", ""D:/Lab_SQA/Defects4J_Projects/Compress_19_b/.defects4j.diff"", undef) called at D:/Lab_SQA/defects4j/framework/core/Vcs.pm line 375
	Vcs::apply_patch(Vcs::Git=HASH(0x20a3dca0998), ""D:/Lab_SQA/Defects4J_Projects/Compress_19_b"", ""D:/Lab_SQA/Defects4J_Projects/Compress_19_b/.defects4j.diff"") called at D:/Lab_SQA/defects4j/framework/core/Project.pm line 510
	Project::checkout_vid(Project::Compress=HASH(0x20a3dc8ce20), ""19b"") called at D:/Lab_SQA/defects4j/framework/bin/d4j/d4j-checkout line 96
	require D:/Lab_SQA/defects4j/framework/bin/d4j/d4j-checkout called at D:\Lab_SQA\defects4j\framework\bin\defects4j line 195
Compilation failed in require at D:\Lab_SQA\defects4j\framework\bin\defects4j line 195."
Compress,20,CATG,default,1,0,False,error,0,0,False,0,0,0,0,0,0,0.0,"STATUS:ERROR:checkout Compress-20b failed at D:\Lab_SQA\Defects4J_Projects\Compress_20_b: exit=128
Checking out 040e42d0 to D:/Lab_SQA/Defects4J_Projects/Compress_20_b....... OK
Init local repository...................................................... OK
Tag post-fix revision...................................................... OK
Copy generated Ant build file.............................................. OK
Run post-checkout hook..................................................... OK
Excluding broken/flaky tests............................................... OK
Excluding broken/flaky tests............................................... OK
Backing up build file: D:/Lab_SQA/Defects4J_Projects/Compress_20_b/maven-bu OK
Initialize fixed program version........................................... OK
Apply patch................................................................ OK
Initialize buggy program version........................................... OK
Diff 040e42d0:a671a703..................................................... OK
Cannot determine how to apply patch!
All attempts failed:
* cd D:/Lab_SQA/Defects4J_Projects/Compress_20_b && git apply -p1 --ignore-whitespace --check D:/Lab_SQA/Defects4J_Projects/Compress_20_b/.defects4j.diff 2>&1
error: git diff header lacks filename information when removing 1 leading pathname component (line 202)
* cd D:/Lab_SQA/Defects4J_Projects/Compress_20_b && git apply -p0 --ignore-whitespace --check D:/Lab_SQA/Defects4J_Projects/Compress_20_b/.defects4j.diff 2>&1
error: git diff header lacks filename information when removing 0 leading pathname components (line 202)
* cd D:/Lab_SQA/Defects4J_Projects/Compress_20_b && git apply -p2 --ignore-whitespace --check D:/Lab_SQA/Defects4J_Projects/Compress_20_b/.defects4j.diff 2>&1
error: git diff header lacks filename information when removing 2 leading pathname components (line 202)
----------------------------------------------------------------------
 at D:/Lab_SQA/defects4j/framework/core/Vcs.pm line 416.
	Vcs::_apply_cmd(Vcs::Git=HASH(0x212816ddae8), ""D:/Lab_SQA/Defects4J_Projects/Compress_20_b"", ""D:/Lab_SQA/Defects4J_Projects/Compress_20_b/.defects4j.diff"", undef) called at D:/Lab_SQA/defects4j/framework/core/Vcs.pm line 375
	Vcs::apply_patch(Vcs::Git=HASH(0x212816ddae8), ""D:/Lab_SQA/Defects4J_Projects/Compress_20_b"", ""D:/Lab_SQA/Defects4J_Projects/Compress_20_b/.defects4j.diff"") called at D:/Lab_SQA/defects4j/framework/core/Project.pm line 510
	Project::checkout_vid(Project::Compress=HASH(0x212816dda58), ""20b"") called at D:/Lab_SQA/defects4j/framework/bin/d4j/d4j-checkout line 96
	require D:/Lab_SQA/defects4j/framework/bin/d4j/d4j-checkout called at D:\Lab_SQA\defects4j\framework\bin\defects4j line 195
Compilation failed in require at D:\Lab_SQA\defects4j\framework\bin\defects4j line 195."
Compress,21,CATG,default,1,0,False,unsupported,0,0,False,0,0,0,0,0,0,0.0,STATUS:harness_limitation:unsupported_type:final DataOutput header:writeBits
Compress,22,CATG,default,1,0,False,unsupported,0,0,False,0,0,0,0,0,0,2.05,STATUS:catg_runtime_interpreter:ClassCastException
Compress,23,CATG,default,1,0,False,error,0,0,False,0,0,0,0,0,0,0.0,"STATUS:ERROR:checkout Compress-23b failed at D:\Lab_SQA\Defects4J_Projects\Compress_23_b: exit=128
Checking out cbb5a1ad to D:/Lab_SQA/Defects4J_Projects/Compress_23_b....... OK
Init local repository...................................................... OK
Tag post-fix revision...................................................... OK
Copy generated Ant build file.............................................. OK
Run post-checkout hook..................................................... OK
Excluding broken/flaky tests............................................... OK
Excluding broken/flaky tests............................................... OK
Backing up build file: D:/Lab_SQA/Defects4J_Projects/Compress_23_b/maven-bu OK
Initialize fixed program version........................................... OK
Apply patch................................................................ OK
Initialize buggy program version........................................... OK
Diff cbb5a1ad:71e4eead..................................................... OK
Cannot determine how to apply patch!
All attempts failed:
* cd D:/Lab_SQA/Defects4J_Projects/Compress_23_b && git apply -p1 --ignore-whitespace --check D:/Lab_SQA/Defects4J_Projects/Compress_23_b/.defects4j.diff 2>&1
error: git diff header lacks filename information when removing 1 leading pathname component (line 60)
* cd D:/Lab_SQA/Defects4J_Projects/Compress_23_b && git apply -p0 --ignore-whitespace --check D:/Lab_SQA/Defects4J_Projects/Compress_23_b/.defects4j.diff 2>&1
error: git diff header lacks filename information when removing 0 leading pathname components (line 60)
* cd D:/Lab_SQA/Defects4J_Projects/Compress_23_b && git apply -p2 --ignore-whitespace --check D:/Lab_SQA/Defects4J_Projects/Compress_23_b/.defects4j.diff 2>&1
error: git diff header lacks filename information when removing 2 leading pathname components (line 60)
----------------------------------------------------------------------
 at D:/Lab_SQA/defects4j/framework/core/Vcs.pm line 416.
	Vcs::_apply_cmd(Vcs::Git=HASH(0x1c2b1d79970), ""D:/Lab_SQA/Defects4J_Projects/Compress_23_b"", ""D:/Lab_SQA/Defects4J_Projects/Compress_23_b/.defects4j.diff"", undef) called at D:/Lab_SQA/defects4j/framework/core/Vcs.pm line 375
	Vcs::apply_patch(Vcs::Git=HASH(0x1c2b1d79970), ""D:/Lab_SQA/Defects4J_Projects/Compress_23_b"", ""D:/Lab_SQA/Defects4J_Projects/Compress_23_b/.defects4j.diff"") called at D:/Lab_SQA/defects4j/framework/core/Project.pm line 510
	Project::checkout_vid(Project::Compress=HASH(0x1c2b1ce02a0), ""23b"") called at D:/Lab_SQA/defects4j/framework/bin/d4j/d4j-checkout line 96
	require D:/Lab_SQA/defects4j/framework/bin/d4j/d4j-checkout called at D:\Lab_SQA\defects4j\framework\bin\defects4j line 195
Compilation failed in require at D:\Lab_SQA\defects4j\framework\bin\defects4j line 195."
Compress,24,CATG,default,1,0,False,unsupported,0,0,False,0,0,0,0,0,0,0.0,STATUS:harness_limitation:unsupported_type:final byte[] buffer:parseOctal
Compress,25,CATG,default,1,0,False,unsupported,0,0,False,0,0,0,0,0,0,0.0,STATUS:target_discovery:no_source_method
Compress,26,CATG,default,1,0,False,unsupported,0,0,False,0,0,0,0,0,0,0.0,STATUS:harness_limitation:unsupported_type:InputStream input:skip
Compress,27,CATG,default,1,0,False,unsupported,0,0,False,0,0,0,0,0,0,0.0,STATUS:harness_limitation:unsupported_type:final byte[] buffer:parseOctal
Compress,28,CATG,default,1,0,False,error,0,0,False,0,0,0,0,0,0,0.0,"STATUS:ERROR:checkout Compress-28b failed at D:\Lab_SQA\Defects4J_Projects\Compress_28_b: exit=128
Checking out ddb5fd6d to D:/Lab_SQA/Defects4J_Projects/Compress_28_b....... OK
Init local repository...................................................... OK
Tag post-fix revision...................................................... OK
Copy generated Ant build file.............................................. OK
Run post-checkout hook..................................................... OK
Excluding broken/flaky tests............................................... OK
Excluding broken/flaky tests............................................... OK
Backing up build file: D:/Lab_SQA/Defects4J_Projects/Compress_28_b/maven-bu OK
Initialize fixed program version........................................... OK
Apply patch................................................................ OK
Initialize buggy program version........................................... OK
Diff ddb5fd6d:1ea7e01e..................................................... OK
Cannot determine how to apply patch!
All attempts failed:
* cd D:/Lab_SQA/Defects4J_Projects/Compress_28_b && git apply -p1 --ignore-whitespace --check D:/Lab_SQA/Defects4J_Projects/Compress_28_b/.defects4j.diff 2>&1
error: git diff header lacks filename information when removing 1 leading pathname component (line 101)
* cd D:/Lab_SQA/Defects4J_Projects/Compress_28_b && git apply -p0 --ignore-whitespace --check D:/Lab_SQA/Defects4J_Projects/Compress_28_b/.defects4j.diff 2>&1
error: git diff header lacks filename information when removing 0 leading pathname components (line 101)
* cd D:/Lab_SQA/Defects4J_Projects/Compress_28_b && git apply -p2 --ignore-whitespace --check D:/Lab_SQA/Defects4J_Projects/Compress_28_b/.defects4j.diff 2>&1
error: git diff header lacks filename information when removing 2 leading pathname components (line 101)
----------------------------------------------------------------------
 at D:/Lab_SQA/defects4j/framework/core/Vcs.pm line 416.
	Vcs::_apply_cmd(Vcs::Git=HASH(0x257528c3b30), ""D:/Lab_SQA/Defects4J_Projects/Compress_28_b"", ""D:/Lab_SQA/Defects4J_Projects/Compress_28_b/.defects4j.diff"", undef) called at D:/Lab_SQA/defects4j/framework/core/Vcs.pm line 375
	Vcs::apply_patch(Vcs::Git=HASH(0x257528c3b30), ""D:/Lab_SQA/Defects4J_Projects/Compress_28_b"", ""D:/Lab_SQA/Defects4J_Projects/Compress_28_b/.defects4j.diff"") called at D:/Lab_SQA/defects4j/framework/core/Project.pm line 510
	Project::checkout_vid(Project::Compress=HASH(0x25752828550), ""28b"") called at D:/Lab_SQA/defects4j/framework/bin/d4j/d4j-checkout line 96
	require D:/Lab_SQA/defects4j/framework/bin/d4j/d4j-checkout called at D:\Lab_SQA\defects4j\framework\bin\defects4j line 195
Compilation failed in require at D:\Lab_SQA\defects4j\framework\bin\defects4j line 195."
Compress,29,CATG,default,1,0,False,unsupported,0,0,False,0,0,0,0,0,0,0.0,STATUS:harness_limitation:unsupported_type:final InputStream in:createArchiveInputStream
Compress,30,CATG,default,1,0,False,unsupported,0,0,False,0,0,0,0,0,0,0.0,STATUS:harness_limitation:unsupported_type:final byte[] dest:read
Compress,31,CATG,default,1,0,False,error,0,0,False,0,0,0,0,0,0,0.0,"STATUS:ERROR:checkout Compress-31b failed at D:\Lab_SQA\Defects4J_Projects\Compress_31_b: exit=128
Checking out f8bf4544 to D:/Lab_SQA/Defects4J_Projects/Compress_31_b....... OK
Init local repository...................................................... OK
Tag post-fix revision...................................................... OK
Copy generated Ant build file.............................................. OK
Run post-checkout hook..................................................... OK
Excluding broken/flaky tests............................................... OK
Excluding broken/flaky tests............................................... OK
Backing up build file: D:/Lab_SQA/Defects4J_Projects/Compress_31_b/maven-bu OK
Initialize fixed program version........................................... OK
Apply patch................................................................ OK
Initialize buggy program version........................................... OK
Diff f8bf4544:4355c0d2..................................................... OK
Cannot determine how to apply patch!
All attempts failed:
* cd D:/Lab_SQA/Defects4J_Projects/Compress_31_b && git apply -p1 --ignore-whitespace --check D:/Lab_SQA/Defects4J_Projects/Compress_31_b/.defects4j.diff 2>&1
error: git diff header lacks filename information when removing 1 leading pathname component (line 36)
* cd D:/Lab_SQA/Defects4J_Projects/Compress_31_b && git apply -p0 --ignore-whitespace --check D:/Lab_SQA/Defects4J_Projects/Compress_31_b/.defects4j.diff 2>&1
error: git diff header lacks filename information when removing 0 leading pathname components (line 36)
* cd D:/Lab_SQA/Defects4J_Projects/Compress_31_b && git apply -p2 --ignore-whitespace --check D:/Lab_SQA/Defects4J_Projects/Compress_31_b/.defects4j.diff 2>&1
error: git diff header lacks filename information when removing 2 leading pathname components (line 36)
----------------------------------------------------------------------
 at D:/Lab_SQA/defects4j/framework/core/Vcs.pm line 416.
	Vcs::_apply_cmd(Vcs::Git=HASH(0x265e03ac918), ""D:/Lab_SQA/Defects4J_Projects/Compress_31_b"", ""D:/Lab_SQA/Defects4J_Projects/Compress_31_b/.defects4j.diff"", undef) called at D:/Lab_SQA/defects4j/framework/core/Vcs.pm line 375
	Vcs::apply_patch(Vcs::Git=HASH(0x265e03ac918), ""D:/Lab_SQA/Defects4J_Projects/Compress_31_b"", ""D:/Lab_SQA/Defects4J_Projects/Compress_31_b/.defects4j.diff"") called at D:/Lab_SQA/defects4j/framework/core/Project.pm line 510
	Project::checkout_vid(Project::Compress=HASH(0x265e04620a0), ""31b"") called at D:/Lab_SQA/defects4j/framework/bin/d4j/d4j-checkout line 96
	require D:/Lab_SQA/defects4j/framework/bin/d4j/d4j-checkout called at D:\Lab_SQA\defects4j\framework\bin\defects4j line 195
Compilation failed in require at D:\Lab_SQA\defects4j\framework\bin\defects4j line 195."
Compress,32,CATG,default,1,0,False,unsupported,0,0,False,0,0,0,0,0,0,0.0,"STATUS:harness_limitation:unsupported_type:Map<String, String> headers:applyPaxHeadersToCurrentEntry"
Compress,33,CATG,default,1,0,False,unsupported,0,0,False,0,0,0,0,0,0,0.0,STATUS:harness_limitation:unsupported_type:final InputStream in:createCompressorInputStream
Compress,34,CATG,default,1,1,True,completed,1,0,True,70,22,31.43,14,3,21.43,1.69,modified=org.apache.commons.compress.archivers.zip.X7875_NewUnix;target=org.apache.commons.compress.archivers.zip.X7875_NewUnix::getCentralDirectoryLength;params=;catg_cases=1
Compress,35,CATG,default,1,0,False,error,0,0,False,0,0,0,0,0,0,0.0,"STATUS:ERROR:checkout Compress-35b failed at D:\Lab_SQA\Defects4J_Projects\Compress_35_b: exit=128
Checking out 7250daa4 to D:/Lab_SQA/Defects4J_Projects/Compress_35_b....... OK
Init local repository...................................................... OK
Tag post-fix revision...................................................... OK
Copy generated Ant build file.............................................. OK
Run post-checkout hook..................................................... OK
Excluding broken/flaky tests............................................... OK
Excluding broken/flaky tests............................................... OK
Backing up build file: D:/Lab_SQA/Defects4J_Projects/Compress_35_b/maven-bu OK
Initialize fixed program version........................................... OK
Apply patch................................................................ OK
Initialize buggy program version........................................... OK
Diff 7250daa4:9431b16c..................................................... OK
Cannot determine how to apply patch!
All attempts failed:
* cd D:/Lab_SQA/Defects4J_Projects/Compress_35_b && git apply -p1 --ignore-whitespace --check D:/Lab_SQA/Defects4J_Projects/Compress_35_b/.defects4j.diff 2>&1
error: git diff header lacks filename information when removing 1 leading pathname component (line 62)
* cd D:/Lab_SQA/Defects4J_Projects/Compress_35_b && git apply -p0 --ignore-whitespace --check D:/Lab_SQA/Defects4J_Projects/Compress_35_b/.defects4j.diff 2>&1
error: git diff header lacks filename information when removing 0 leading pathname components (line 62)
* cd D:/Lab_SQA/Defects4J_Projects/Compress_35_b && git apply -p2 --ignore-whitespace --check D:/Lab_SQA/Defects4J_Projects/Compress_35_b/.defects4j.diff 2>&1
error: git diff header lacks filename information when removing 2 leading pathname components (line 62)
----------------------------------------------------------------------
 at D:/Lab_SQA/defects4j/framework/core/Vcs.pm line 416.
	Vcs::_apply_cmd(Vcs::Git=HASH(0x255ccb71108), ""D:/Lab_SQA/Defects4J_Projects/Compress_35_b"", ""D:/Lab_SQA/Defects4J_Projects/Compress_35_b/.defects4j.diff"", undef) called at D:/Lab_SQA/defects4j/framework/core/Vcs.pm line 375
	Vcs::apply_patch(Vcs::Git=HASH(0x255ccb71108), ""D:/Lab_SQA/Defects4J_Projects/Compress_35_b"", ""D:/Lab_SQA/Defects4J_Projects/Compress_35_b/.defects4j.diff"") called at D:/Lab_SQA/defects4j/framework/core/Project.pm line 510
	Project::checkout_vid(Project::Compress=HASH(0x255ccb71120), ""35b"") called at D:/Lab_SQA/defects4j/framework/bin/d4j/d4j-checkout line 96
	require D:/Lab_SQA/defects4j/framework/bin/d4j/d4j-checkout called at D:\Lab_SQA\defects4j\framework\bin\defects4j line 195
Compilation failed in require at D:\Lab_SQA\defects4j\framework\bin\defects4j line 195."
Compress,36,CATG,default,1,0,False,error,0,0,False,0,0,0,0,0,0,0.0,"STATUS:ERROR:checkout Compress-36b failed at D:\Lab_SQA\Defects4J_Projects\Compress_36_b: exit=128
Checking out d0501577 to D:/Lab_SQA/Defects4J_Projects/Compress_36_b....... OK
Init local repository...................................................... OK
Tag post-fix revision...................................................... OK
Copy generated Ant build file.............................................. OK
Run post-checkout hook..................................................... OK
Excluding broken/flaky tests............................................... OK
Excluding broken/flaky tests............................................... OK
Backing up build file: D:/Lab_SQA/Defects4J_Projects/Compress_36_b/maven-bu OK
Initialize fixed program version........................................... OK
Apply patch................................................................ OK
Initialize buggy program version........................................... OK
Diff d0501577:ff5158b1..................................................... OK
Cannot determine how to apply patch!
All attempts failed:
* cd D:/Lab_SQA/Defects4J_Projects/Compress_36_b && git apply -p1 --ignore-whitespace --check D:/Lab_SQA/Defects4J_Projects/Compress_36_b/.defects4j.diff 2>&1
error: git diff header lacks filename information when removing 1 leading pathname component (line 54)
* cd D:/Lab_SQA/Defects4J_Projects/Compress_36_b && git apply -p0 --ignore-whitespace --check D:/Lab_SQA/Defects4J_Projects/Compress_36_b/.defects4j.diff 2>&1
error: git diff header lacks filename information when removing 0 leading pathname components (line 54)
* cd D:/Lab_SQA/Defects4J_Projects/Compress_36_b && git apply -p2 --ignore-whitespace --check D:/Lab_SQA/Defects4J_Projects/Compress_36_b/.defects4j.diff 2>&1
error: git diff header lacks filename information when removing 2 leading pathname components (line 54)
----------------------------------------------------------------------
 at D:/Lab_SQA/defects4j/framework/core/Vcs.pm line 416.
	Vcs::_apply_cmd(Vcs::Git=HASH(0x17ee4f79458), ""D:/Lab_SQA/Defects4J_Projects/Compress_36_b"", ""D:/Lab_SQA/Defects4J_Projects/Compress_36_b/.defects4j.diff"", undef) called at D:/Lab_SQA/defects4j/framework/core/Vcs.pm line 375
	Vcs::apply_patch(Vcs::Git=HASH(0x17ee4f79458), ""D:/Lab_SQA/Defects4J_Projects/Compress_36_b"", ""D:/Lab_SQA/Defects4J_Projects/Compress_36_b/.defects4j.diff"") called at D:/Lab_SQA/defects4j/framework/core/Project.pm line 510
	Project::checkout_vid(Project::Compress=HASH(0x17ee4f79398), ""36b"") called at D:/Lab_SQA/defects4j/framework/bin/d4j/d4j-checkout line 96
	require D:/Lab_SQA/defects4j/framework/bin/d4j/d4j-checkout called at D:\Lab_SQA\defects4j\framework\bin\defects4j line 195
Compilation failed in require at D:\Lab_SQA\defects4j\framework\bin\defects4j line 195."
Compress,37,CATG,default,1,0,False,error,0,0,False,0,0,0,0,0,0,0.0,"STATUS:ERROR:checkout Compress-37b failed at D:\Lab_SQA\Defects4J_Projects\Compress_37_b: exit=128
Checking out 19a620c9 to D:/Lab_SQA/Defects4J_Projects/Compress_37_b....... OK
Init local repository...................................................... OK
Tag post-fix revision...................................................... OK
Copy generated Ant build file.............................................. OK
Run post-checkout hook..................................................... OK
Excluding broken/flaky tests............................................... OK
Excluding broken/flaky tests............................................... OK
Backing up build file: D:/Lab_SQA/Defects4J_Projects/Compress_37_b/maven-bu OK
Initialize fixed program version........................................... OK
Apply patch................................................................ OK
Initialize buggy program version........................................... OK
Diff 19a620c9:14b3d1ad..................................................... OK
Cannot determine how to apply patch!
All attempts failed:
* cd D:/Lab_SQA/Defects4J_Projects/Compress_37_b && git apply -p1 --ignore-whitespace --check D:/Lab_SQA/Defects4J_Projects/Compress_37_b/.defects4j.diff 2>&1
error: git diff header lacks filename information when removing 1 leading pathname component (line 69)
* cd D:/Lab_SQA/Defects4J_Projects/Compress_37_b && git apply -p0 --ignore-whitespace --check D:/Lab_SQA/Defects4J_Projects/Compress_37_b/.defects4j.diff 2>&1
error: git diff header lacks filename information when removing 0 leading pathname components (line 69)
* cd D:/Lab_SQA/Defects4J_Projects/Compress_37_b && git apply -p2 --ignore-whitespace --check D:/Lab_SQA/Defects4J_Projects/Compress_37_b/.defects4j.diff 2>&1
error: git diff header lacks filename information when removing 2 leading pathname components (line 69)
----------------------------------------------------------------------
 at D:/Lab_SQA/defects4j/framework/core/Vcs.pm line 416.
	Vcs::_apply_cmd(Vcs::Git=HASH(0x28452224840), ""D:/Lab_SQA/Defects4J_Projects/Compress_37_b"", ""D:/Lab_SQA/Defects4J_Projects/Compress_37_b/.defects4j.diff"", undef) called at D:/Lab_SQA/defects4j/framework/core/Vcs.pm line 375
	Vcs::apply_patch(Vcs::Git=HASH(0x28452224840), ""D:/Lab_SQA/Defects4J_Projects/Compress_37_b"", ""D:/Lab_SQA/Defects4J_Projects/Compress_37_b/.defects4j.diff"") called at D:/Lab_SQA/defects4j/framework/core/Project.pm line 510
	Project::checkout_vid(Project::Compress=HASH(0x28452220778), ""37b"") called at D:/Lab_SQA/defects4j/framework/bin/d4j/d4j-checkout line 96
	require D:/Lab_SQA/defects4j/framework/bin/d4j/d4j-checkout called at D:\Lab_SQA\defects4j\framework\bin\defects4j line 195
Compilation failed in require at D:\Lab_SQA\defects4j\framework\bin\defects4j line 195."
Compress,38,CATG,default,1,0,False,error,0,0,False,0,0,0,0,0,0,0.0,"STATUS:ERROR:checkout Compress-38b failed at D:\Lab_SQA\Defects4J_Projects\Compress_38_b: exit=128
Checking out 823cdee9 to D:/Lab_SQA/Defects4J_Projects/Compress_38_b....... OK
Init local repository...................................................... OK
Tag post-fix revision...................................................... OK
Copy generated Ant build file.............................................. OK
Run post-checkout hook..................................................... OK
Excluding broken/flaky tests............................................... OK
Excluding broken/flaky tests............................................... OK
Backing up build file: D:/Lab_SQA/Defects4J_Projects/Compress_38_b/maven-bu OK
Initialize fixed program version........................................... OK
Apply patch................................................................ OK
Initialize buggy program version........................................... OK
Diff 823cdee9:19a620c9..................................................... OK
Cannot determine how to apply patch!
All attempts failed:
* cd D:/Lab_SQA/Defects4J_Projects/Compress_38_b && git apply -p1 --ignore-whitespace --check D:/Lab_SQA/Defects4J_Projects/Compress_38_b/.defects4j.diff 2>&1
error: git diff header lacks filename information when removing 1 leading pathname component (line 59)
* cd D:/Lab_SQA/Defects4J_Projects/Compress_38_b && git apply -p0 --ignore-whitespace --check D:/Lab_SQA/Defects4J_Projects/Compress_38_b/.defects4j.diff 2>&1
error: git diff header lacks filename information when removing 0 leading pathname components (line 59)
* cd D:/Lab_SQA/Defects4J_Projects/Compress_38_b && git apply -p2 --ignore-whitespace --check D:/Lab_SQA/Defects4J_Projects/Compress_38_b/.defects4j.diff 2>&1
error: git diff header lacks filename information when removing 2 leading pathname components (line 59)
----------------------------------------------------------------------
 at D:/Lab_SQA/defects4j/framework/core/Vcs.pm line 416.
	Vcs::_apply_cmd(Vcs::Git=HASH(0x1dbd9071568), ""D:/Lab_SQA/Defects4J_Projects/Compress_38_b"", ""D:/Lab_SQA/Defects4J_Projects/Compress_38_b/.defects4j.diff"", undef) called at D:/Lab_SQA/defects4j/framework/core/Vcs.pm line 375
	Vcs::apply_patch(Vcs::Git=HASH(0x1dbd9071568), ""D:/Lab_SQA/Defects4J_Projects/Compress_38_b"", ""D:/Lab_SQA/Defects4J_Projects/Compress_38_b/.defects4j.diff"") called at D:/Lab_SQA/defects4j/framework/core/Project.pm line 510
	Project::checkout_vid(Project::Compress=HASH(0x1dbd9071598), ""38b"") called at D:/Lab_SQA/defects4j/framework/bin/d4j/d4j-checkout line 96
	require D:/Lab_SQA/defects4j/framework/bin/d4j/d4j-checkout called at D:\Lab_SQA\defects4j\framework\bin\defects4j line 195
Compilation failed in require at D:\Lab_SQA\defects4j\framework\bin\defects4j line 195."
Compress,39,CATG,default,1,1,True,completed,0,0,False,62,11,17.74,36,5,13.89,1.85,modified=org.apache.commons.compress.utils.ArchiveUtils;target=org.apache.commons.compress.utils.ArchiveUtils::sanitize;params=java.lang.String;catg_cases=1
Compress,40,CATG,default,1,0,False,unsupported,0,0,False,0,0,0,0,0,0,1.67,STATUS:catg_runtime_interpreter:ArrayIndexOutOfBoundsException
Compress,41,CATG,default,1,0,False,unsupported,0,0,False,0,0,0,0,0,0,1.8,STATUS:catg_runtime_interpreter:ArrayIndexOutOfBoundsException
Compress,42,CATG,default,1,0,False,error,0,0,False,0,0,0,0,0,0,0.0,"STATUS:ERROR:checkout Compress-42b failed at D:\Lab_SQA\Defects4J_Projects\Compress_42_b: exit=128
Checking out c59fc43c to D:/Lab_SQA/Defects4J_Projects/Compress_42_b....... OK
Init local repository...................................................... OK
Tag post-fix revision...................................................... OK
Copy generated Ant build file.............................................. OK
Run post-checkout hook..................................................... OK
Excluding broken/flaky tests............................................... OK
Excluding broken/flaky tests............................................... OK
Backing up build file: D:/Lab_SQA/Defects4J_Projects/Compress_42_b/maven-bu OK
Initialize fixed program version........................................... OK
Apply patch................................................................ OK
Initialize buggy program version........................................... OK
Diff c59fc43c:75ba40cd..................................................... OK
Cannot determine how to apply patch!
All attempts failed:
* cd D:/Lab_SQA/Defects4J_Projects/Compress_42_b && git apply -p1 --ignore-whitespace --check D:/Lab_SQA/Defects4J_Projects/Compress_42_b/.defects4j.diff 2>&1
error: git diff header lacks filename information when removing 1 leading pathname component (line 77)
* cd D:/Lab_SQA/Defects4J_Projects/Compress_42_b && git apply -p0 --ignore-whitespace --check D:/Lab_SQA/Defects4J_Projects/Compress_42_b/.defects4j.diff 2>&1
error: git diff header lacks filename information when removing 0 leading pathname components (line 77)
* cd D:/Lab_SQA/Defects4J_Projects/Compress_42_b && git apply -p2 --ignore-whitespace --check D:/Lab_SQA/Defects4J_Projects/Compress_42_b/.defects4j.diff 2>&1
error: git diff header lacks filename information when removing 2 leading pathname components (line 77)
----------------------------------------------------------------------
 at D:/Lab_SQA/defects4j/framework/core/Vcs.pm line 416.
	Vcs::_apply_cmd(Vcs::Git=HASH(0x1ff0548c610), ""D:/Lab_SQA/Defects4J_Projects/Compress_42_b"", ""D:/Lab_SQA/Defects4J_Projects/Compress_42_b/.defects4j.diff"", undef) called at D:/Lab_SQA/defects4j/framework/core/Vcs.pm line 375
	Vcs::apply_patch(Vcs::Git=HASH(0x1ff0548c610), ""D:/Lab_SQA/Defects4J_Projects/Compress_42_b"", ""D:/Lab_SQA/Defects4J_Projects/Compress_42_b/.defects4j.diff"") called at D:/Lab_SQA/defects4j/framework/core/Project.pm line 510
	Project::checkout_vid(Project::Compress=HASH(0x1ff0547d148), ""42b"") called at D:/Lab_SQA/defects4j/framework/bin/d4j/d4j-checkout line 96
	require D:/Lab_SQA/defects4j/framework/bin/d4j/d4j-checkout called at D:\Lab_SQA\defects4j\framework\bin\defects4j line 195
Compilation failed in require at D:\Lab_SQA\defects4j\framework\bin\defects4j line 195."
Compress,43,CATG,default,1,0,False,unsupported,0,0,False,0,0,0,0,0,0,1.82,STATUS:catg_runtime_interpreter:ArrayIndexOutOfBoundsException
Compress,44,CATG,default,1,0,False,unsupported,0,0,False,0,0,0,0,0,0,0.0,STATUS:target_discovery:no_source_method
Compress,45,CATG,default,1,0,False,unsupported,0,0,False,0,0,0,0,0,0,0.0,STATUS:harness_limitation:unsupported_type:final byte[] buf:formatLongOctalOrBinaryBytes
Compress,46,CATG,default,1,0,False,unsupported,0,0,False,0,0,0,0,0,0,1.74,STATUS:catg_runtime_interpreter:ClassCastException
Compress,47,CATG,default,1,0,False,unsupported,0,0,False,0,0,0,0,0,0,0.0,STATUS:harness_limitation:unsupported_type:final byte[] buffer:read
Csv,1,CATG,default,1,1,True,completed,0,0,False,37,1,2.7,22,0,0.0,1.71,modified=org.apache.commons.csv.ExtendedBufferedReader;target=org.apache.commons.csv.ExtendedBufferedReader::read;params=;catg_cases=1
Csv,2,CATG,default,1,1,True,completed,0,0,False,21,3,14.29,16,1,6.25,1.7,modified=org.apache.commons.csv.CSVRecord;target=org.apache.commons.csv.CSVRecord::get;params=java.lang.String;catg_cases=1
Csv,3,CATG,default,1,0,False,unsupported,0,0,False,0,0,0,0,0,0,0.0,STATUS:harness_limitation:abstract_class:readEscape
Csv,4,CATG,default,1,1,True,completed,1,0,True,100,0,0.0,50,0,0.0,1.67,modified=org.apache.commons.csv.CSVParser;target=org.apache.commons.csv.CSVParser::getHeaderMap;params=;catg_cases=1
Csv,5,CATG,default,1,1,True,completed,0,0,False,158,1,0.63,115,0,0.0,1.66,modified=org.apache.commons.csv.CSVPrinter;target=org.apache.commons.csv.CSVPrinter::println;params=;catg_cases=1
Csv,6,CATG,default,1,0,False,unsupported,0,0,False,0,0,0,0,0,0,0.0,STATUS:target_discovery:no_source_method
Csv,7,CATG,default,1,1,True,completed,0,0,False,101,2,1.98,50,0,0.0,1.82,modified=org.apache.commons.csv.CSVParser;target=org.apache.commons.csv.CSVParser::initializeHeader;params=;catg_cases=1
Csv,8,CATG,default,1,0,False,unsupported,0,0,False,0,0,0,0,0,0,1.6,STATUS:catg_runtime_interpreter:ArrayIndexOutOfBoundsException
Csv,9,CATG,default,1,0,False,unsupported,0,0,False,0,0,0,0,0,0,0.0,STATUS:target_discovery:no_source_method
Csv,10,CATG,default,1,0,False,unsupported,0,0,False,0,0,0,0,0,0,0.0,STATUS:target_discovery:no_source_method
Csv,11,CATG,default,1,1,True,completed,0,0,False,106,2,1.89,58,0,0.0,2.36,modified=org.apache.commons.csv.CSVParser;target=org.apache.commons.csv.CSVParser::initializeHeader;params=;catg_cases=1
Csv,12,CATG,default,1,0,False,unsupported,0,0,False,0,0,0,0,0,0,0.0,STATUS:target_discovery:no_source_method
Csv,13,CATG,default,1,0,False,unsupported,0,0,False,0,0,0,0,0,0,0.0,STATUS:harness_limitation:unsupported_type:final Object object:print
Csv,14,CATG,default,1,0,False,unsupported,0,0,False,0,0,0,0,0,0,0.0,STATUS:harness_limitation:unsupported_type:final Object object:printAndQuote
Csv,15,CATG,default,1,0,False,unsupported,0,0,False,0,0,0,0,0,0,0.0,STATUS:harness_limitation:unsupported_type:final Object object:printAndQuote
Csv,16,CATG,default,1,1,True,completed,1,0,True,121,2,1.65,68,0,0.0,1.77,modified=org.apache.commons.csv.CSVParser;target=org.apache.commons.csv.CSVParser::iterator;params=;catg_cases=1
Gson,1,CATG,default,1,0,False,unsupported,0,0,False,0,0,0,0,0,0,0.0,STATUS:harness_limitation:unsupported_type:Type typeToEvaluate:getActualType
Gson,2,CATG,default,1,0,False,error,0,0,False,0,0,0,0,0,0,1.79,"STATUS:ERROR:CATG failed with exit 1:
Now testing catg.generated.CatgHarness_774c8343c4

========== Input 1 ==========
WARNING: 
java.lang.NoSuchMethodException: com.google.gson.internal.bind.TypeAdapters.TypeAdapterFactory()
	at java.lang.Class.getDeclaredMethod(Class.java:2130)
	at catg.generated.CatgHarness_774c8343c4.main(CatgHarness_774c8343c4.java:14)
Java exited with status 1"
Gson,3,CATG,default,1,0,False,unsupported,0,0,False,0,0,0,0,0,0,0.0,STATUS:harness_limitation:unsupported_type:final Type type:newDefaultImplementationConstructor
Gson,4,CATG,default,1,1,True,completed,0,0,False,882,5,0.57,565,0,0.0,1.61,modified=com.google.gson.stream.JsonReader;com.google.gson.stream.JsonWriter;target=com.google.gson.stream.JsonReader::doPeek;params=;catg_cases=1
Gson,5,CATG,default,1,0,False,unsupported,0,0,False,0,0,0,0,0,0,0.0,STATUS:harness_limitation:unsupported_type:ParsePosition pos:parse
Gson,6,CATG,default,1,0,False,unsupported,0,0,False,0,0,0,0,0,0,0.0,STATUS:harness_limitation:unsupported_type:ConstructorConstructor constructorConstructor:getTypeAdapter
Gson,7,CATG,default,1,1,True,completed,0,0,False,684,8,1.17,469,1,0.21,1.98,modified=com.google.gson.stream.JsonReader;target=com.google.gson.stream.JsonReader::nextLong;params=;catg_cases=1
Gson,8,CATG,default,1,0,False,unsupported,0,0,False,0,0,0,0,0,0,0.0,STATUS:harness_limitation:unsupported_type:Class<T> c:newInstance
Gson,9,CATG,default,1,0,False,unsupported,0,0,False,0,0,0,0,0,0,0.0,STATUS:harness_limitation:unsupported_type:JsonWriter out:write
Gson,10,CATG,default,1,0,False,unsupported,0,0,False,0,0,0,0,0,0,0.0,STATUS:harness_limitation:unsupported_type:final Gson context:createBoundField
Gson,11,CATG,default,1,0,False,unsupported,0,0,False,0,0,0,0,0,0,0.0,STATUS:harness_limitation:unsupported_type:JsonReader in:read
Gson,12,CATG,default,1,0,False,unsupported,0,0,False,0,0,0,0,0,0,0.0,STATUS:target_discovery:no_source_method
Gson,13,CATG,default,1,1,True,completed,0,0,False,683,14,2.05,484,1,0.21,1.82,modified=com.google.gson.stream.JsonReader;target=com.google.gson.stream.JsonReader::peekNumber;params=;catg_cases=1
Gson,14,CATG,default,1,0,False,unsupported,0,0,False,0,0,0,0,0,0,0.0,STATUS:target_discovery:no_source_method
Gson,15,CATG,default,1,0,False,unsupported,0,0,False,0,0,0,0,0,0,0.0,STATUS:harness_limitation:unsupported_type:double value:value
Gson,16,CATG,default,1,0,False,unsupported,0,0,False,0,0,0,0,0,0,0.0,STATUS:target_discovery:no_source_method
Gson,17,CATG,default,1,0,False,unsupported,0,0,False,0,0,0,0,0,0,0.0,STATUS:harness_limitation:unsupported_type:JsonReader in:read
Gson,18,CATG,default,1,0,False,unsupported,0,0,False,0,0,0,0,0,0,0.0,STATUS:target_discovery:no_source_method
JacksonCore,1,CATG,default,1,1,True,completed,1,0,True,398,7,1.76,238,2,0.84,1.76,modified=com.fasterxml.jackson.core.io.NumberInput;com.fasterxml.jackson.core.util.TextBuffer;target=com.fasterxml.jackson.core.util.TextBuffer::contentsAsDecimal;params=;catg_cases=1
JacksonCore,2,CATG,default,1,0,False,unsupported,0,0,False,0,0,0,0,0,0,1.83,STATUS:catg_runtime_interpreter:ClassCastException
JacksonCore,3,CATG,default,1,0,False,unsupported,0,0,False,0,0,0,0,0,0,0.0,STATUS:target_discovery:no_source_method
JacksonCore,4,CATG,default,1,1,True,completed,0,0,False,262,3,1.15,134,0,0.0,1.64,modified=com.fasterxml.jackson.core.util.TextBuffer;target=com.fasterxml.jackson.core.util.TextBuffer::expandCurrentSegment;params=;catg_cases=1
JacksonCore,5,CATG,default,1,0,False,unsupported,0,0,False,0,0,0,0,0,0,2.7,STATUS:catg_runtime_interpreter:ClassCastException
JacksonCore,6,CATG,default,1,0,False,unsupported,0,0,False,0,0,0,0,0,0,1.74,STATUS:catg_runtime_interpreter:ClassCastException
JacksonCore,7,CATG,default,1,0,False,unsupported,0,0,False,0,0,0,0,0,0,1.59,STATUS:catg_runtime_interpreter:ClassCastException
JacksonCore,8,CATG,default,1,1,True,completed,0,0,False,271,2,0.74,138,1,0.72,1.82,modified=com.fasterxml.jackson.core.util.TextBuffer;target=com.fasterxml.jackson.core.util.TextBuffer::getTextBuffer;params=;catg_cases=1
JacksonCore,9,CATG,default,1,0,False,unsupported,0,0,False,0,0,0,0,0,0,1.88,STATUS:catg_runtime_interpreter:ArrayIndexOutOfBoundsException
JacksonCore,10,CATG,default,1,0,False,unsupported,0,0,False,0,0,0,0,0,0,1.66,STATUS:catg_runtime_interpreter:ClassCastException
JacksonCore,11,CATG,default,1,1,True,completed,0,0,False,468,3,0.64,268,2,0.75,1.79,modified=com.fasterxml.jackson.core.sym.ByteQuadsCanonicalizer;target=com.fasterxml.jackson.core.sym.ByteQuadsCanonicalizer::_verifySharing;params=;catg_cases=1
JacksonCore,12,CATG,default,1,0,False,unsupported,0,0,False,0,0,0,0,0,0,1.75,STATUS:catg_runtime_interpreter:ArrayIndexOutOfBoundsException
JacksonCore,13,CATG,default,1,0,False,unsupported,0,0,False,0,0,0,0,0,0,0.0,STATUS:harness_limitation:abstract_class:_checkStdFeatureChanges
JacksonCore,14,CATG,default,1,1,True,completed,1,0,True,68,1,1.47,22,0,0.0,1.8,modified=com.fasterxml.jackson.core.io.IOContext;target=com.fasterxml.jackson.core.io.IOContext::wrongBuf;params=;catg_cases=1
JacksonCore,15,CATG,default,1,1,True,completed,0,0,False,373,3,0.8,251,1,0.4,1.86,modified=com.fasterxml.jackson.core.filter.FilteringParserDelegate;target=com.fasterxml.jackson.core.filter.FilteringParserDelegate::nextToken;params=;catg_cases=1
JacksonCore,16,CATG,default,1,1,True,completed,1,0,True,33,1,3.03,22,0,0.0,1.74,modified=com.fasterxml.jackson.core.util.JsonParserSequence;target=com.fasterxml.jackson.core.util.JsonParserSequence::nextToken;params=;catg_cases=1
JacksonCore,17,CATG,default,1,1,True,completed,1,0,True,991,7,0.71,523,1,0.19,1.94,"modified=com.fasterxml.jackson.core.json.UTF8JsonGenerator;target=com.fasterxml.jackson.core.json.UTF8JsonGenerator::writeRaw;params=java.lang.String,int,int;catg_cases=1"
JacksonCore,18,CATG,default,1,0,False,unsupported,0,0,False,0,0,0,0,0,0,0.0,STATUS:harness_limitation:unsupported_type:BigDecimal value:writeNumber
JacksonCore,19,CATG,default,1,0,False,unsupported,0,0,False,0,0,0,0,0,0,1.83,STATUS:catg_runtime_interpreter:ClassCastException
JacksonCore,20,CATG,default,1,0,False,unsupported,0,0,False,0,0,0,0,0,0,0.0,STATUS:harness_limitation:abstract_class:writeNumber
JacksonCore,21,CATG,default,1,1,True,completed,0,0,False,385,4,1.04,269,3,1.12,2.16,modified=com.fasterxml.jackson.core.filter.FilteringParserDelegate;target=com.fasterxml.jackson.core.filter.FilteringParserDelegate::nextToken;params=;catg_cases=1
JacksonCore,22,CATG,default,1,1,True,completed,0,0,False,381,1,0.26,267,0,0.0,1.88,modified=com.fasterxml.jackson.core.filter.FilteringParserDelegate;target=com.fasterxml.jackson.core.filter.FilteringParserDelegate::_nextToken2;params=;catg_cases=1
JacksonCore,23,CATG,default,1,0,False,unsupported,0,0,False,0,0,0,0,0,0,1.8,STATUS:catg_runtime_interpreter:ArrayIndexOutOfBoundsException
JacksonCore,24,CATG,default,1,0,False,unsupported,0,0,False,0,0,0,0,0,0,0.0,STATUS:harness_limitation:abstract_class:_reportTooLongIntegral
JacksonCore,25,CATG,default,1,0,False,unsupported,0,0,False,0,0,0,0,0,0,0.0,STATUS:harness_limitation:unsupported_type:int[] codes:_handleOddName2
JacksonCore,26,CATG,default,1,0,False,unsupported,0,0,False,0,0,0,0,0,0,0.0,STATUS:harness_limitation:unsupported_type:byte[] buf:feedInput
JacksonDatabind,1,CATG,default,1,0,False,unsupported,0,0,False,0,0,0,0,0,0,0.0,STATUS:harness_limitation:unsupported_type:Object bean:serializeAsColumn
JacksonDatabind,2,CATG,default,1,0,False,unsupported,0,0,False,0,0,0,0,0,0,0.0,STATUS:harness_limitation:unsupported_type:Base64Variant b64variant:writeBinary
JacksonDatabind,3,CATG,default,1,0,False,unsupported,0,0,False,0,0,0,0,0,0,0.0,STATUS:harness_limitation:unsupported_type:JsonParser jp:_deserializeCustom
JacksonDatabind,4,CATG,default,1,0,False,unsupported,0,0,False,0,0,0,0,0,0,0.0,STATUS:harness_limitation:unsupported_type:JsonParser jp:deserialize
JacksonDatabind,5,CATG,default,1,0,False,unsupported,0,0,False,0,0,0,0,0,0,0.0,STATUS:harness_limitation:unsupported_type:Class<?> targetClass:_addMethodMixIns
JacksonDatabind,6,CATG,default,1,0,False,unsupported,0,0,False,0,0,0,0,0,0,1.29,STATUS:catg_runtime_interpreter:ClassCastException
JacksonDatabind,7,CATG,default,1,0,False,unsupported,0,0,False,0,0,0,0,0,0,1.35,STATUS:catg_runtime_interpreter:ClassCastException
JacksonDatabind,8,CATG,default,1,0,False,unsupported,0,0,False,0,0,0,0,0,0,0.0,STATUS:harness_limitation:unsupported_type:AnnotatedWithParams newOne:verifyNonDup
JacksonDatabind,9,CATG,default,1,0,False,unsupported,0,0,False,0,0,0,0,0,0,0.0,STATUS:harness_limitation:unsupported_type:Object value:serialize
JacksonDatabind,10,CATG,default,1,0,False,unsupported,0,0,False,0,0,0,0,0,0,0.0,STATUS:harness_limitation:unsupported_type:SerializerProvider prov:constructBeanSerializer
JacksonDatabind,11,CATG,default,1,0,False,unsupported,0,0,False,0,0,0,0,0,0,0.0,STATUS:harness_limitation:unsupported_type:TypeVariable<?> type:_fromVariable
JacksonDatabind,12,CATG,default,1,0,False,unsupported,0,0,False,0,0,0,0,0,0,1.35,STATUS:catg_runtime_interpreter:ClassCastException
JacksonDatabind,13,CATG,default,1,0,False,unsupported,0,0,False,0,0,0,0,0,0,0.0,STATUS:harness_limitation:unsupported_type:Object id:findObjectId
JacksonDatabind,14,CATG,default,1,0,False,unsupported,0,0,False,0,0,0,0,0,0,0.0,STATUS:harness_limitation:unsupported_type:DeserializationConfig config:_prefetchRootDeserializer
JacksonDatabind,15,CATG,default,1,0,False,unsupported,0,0,False,0,0,0,0,0,0,0.0,STATUS:harness_limitation:unsupported_type:Object value:serializeWithType
JacksonDatabind,16,CATG,default,1,0,False,unsupported,0,0,False,0,0,0,0,0,0,0.0,STATUS:harness_limitation:unsupported_type:Annotation ann:_add
JacksonDatabind,17,CATG,default,1,0,False,unsupported,0,0,False,0,0,0,0,0,0,0.0,STATUS:harness_limitation:unsupported_type:JavaType t:useForType
JacksonDatabind,18,CATG,default,1,1,True,completed,0,0,False,68,17,25.0,34,5,14.71,1.37,modified=com.fasterxml.jackson.databind.MappingIterator;target=com.fasterxml.jackson.databind.MappingIterator::nextValue;params=;catg_cases=1
JacksonDatabind,19,CATG,default,1,0,False,unsupported,0,0,False,0,0,0,0,0,0,0.0,STATUS:harness_limitation:unsupported_type:Class<?> rawClass:_mapType
JacksonDatabind,20,CATG,default,1,0,False,unsupported,0,0,False,0,0,0,0,0,0,0.0,"STATUS:harness_limitation:unsupported_type:Map<String,? extends JsonNode> properties:setAll"
JacksonDatabind,21,CATG,default,1,0,False,unsupported,0,0,False,0,0,0,0,0,0,0.0,STATUS:harness_limitation:unsupported_type:AnnotatedClass ac:findRootName
JacksonDatabind,22,CATG,default,1,0,False,unsupported,0,0,False,0,0,0,0,0,0,0.0,STATUS:harness_limitation:unsupported_type:SerializerProvider prov:buildContainerSerializer
JacksonDatabind,23,CATG,default,1,0,False,unsupported,0,0,False,0,0,0,0,0,0,0.0,STATUS:harness_limitation:unsupported_type:Short value:serialize
JacksonDatabind,24,CATG,default,1,0,False,unsupported,0,0,False,0,0,0,0,0,0,0.0,STATUS:harness_limitation:unsupported_type:DateFormat df:withDateFormat
JacksonDatabind,25,CATG,default,1,0,False,unsupported,0,0,False,0,0,0,0,0,0,0.0,STATUS:harness_limitation:unsupported_type:DeserializationContext ctxt:modifyTypeByAnnotation
JacksonDatabind,26,CATG,default,1,0,False,unsupported,0,0,False,0,0,0,0,0,0,0.0,STATUS:target_discovery:no_source_method
JacksonDatabind,27,CATG,default,1,0,False,unsupported,0,0,False,0,0,0,0,0,0,0.0,STATUS:harness_limitation:unsupported_type:JsonParser p:deserializeUsingPropertyBasedWithExternalTypeId
JacksonDatabind,28,CATG,default,1,0,False,unsupported,0,0,False,0,0,0,0,0,0,0.0,STATUS:harness_limitation:unsupported_type:JsonParser p:deserialize
JacksonDatabind,29,CATG,default,1,0,False,unsupported,0,0,False,0,0,0,0,0,0,0.0,STATUS:harness_limitation:unsupported_type:JsonParser p:_deserializeAndSet
JacksonDatabind,30,CATG,default,1,1,True,completed,0,0,False,1331,2,0.15,536,0,0.0,2.48,modified=com.fasterxml.jackson.databind.ObjectMapper;com.fasterxml.jackson.databind.util.TokenBuffer;target=com.fasterxml.jackson.databind.util.TokenBuffer::version;params=;catg_cases=1
JacksonDatabind,31,CATG,default,1,1,True,completed,0,0,False,655,2,0.31,342,0,0.0,1.8,modified=com.fasterxml.jackson.databind.util.TokenBuffer;target=com.fasterxml.jackson.databind.util.TokenBuffer::_reportUnsupportedOperation;params=;catg_cases=1
JacksonDatabind,32,CATG,default,1,0,False,unsupported,0,0,False,0,0,0,0,0,0,0.0,STATUS:harness_limitation:unsupported_type:JsonParser p:deserialize
JacksonDatabind,33,CATG,default,1,0,False,unsupported,0,0,False,0,0,0,0,0,0,0.0,STATUS:harness_limitation:unsupported_type:Annotated a:findNameForSerialization
JacksonDatabind,34,CATG,default,1,0,False,unsupported,0,0,False,0,0,0,0,0,0,0.0,STATUS:harness_limitation:unsupported_type:JsonFormatVisitorWrapper visitor:acceptJsonFormatVisitor
JacksonDatabind,35,CATG,default,1,0,False,unsupported,0,0,False,0,0,0,0,0,0,0.0,STATUS:harness_limitation:unsupported_type:JsonParser p:_deserialize
JacksonDatabind,36,CATG,default,1,0,False,unsupported,0,0,False,0,0,0,0,0,0,1.57,STATUS:catg_runtime_interpreter:ClassCastException
JacksonDatabind,37,CATG,default,1,0,False,unsupported,0,0,False,0,0,0,0,0,0,0.0,STATUS:harness_limitation:unsupported_type:Class<?> subclass:_narrow
JacksonDatabind,38,CATG,default,1,1,True,completed,0,0,False,122,4,3.28,42,0,0.0,1.77,modified=com.fasterxml.jackson.databind.type.CollectionType;com.fasterxml.jackson.databind.type.MapType;com.fasterxml.jackson.databind.type.SimpleType;target=com.fasterxml.jackson.databind.type.SimpleType::toString;params=;catg_cases=1
JacksonDatabind,39,CATG,default,1,0,False,unsupported,0,0,False,0,0,0,0,0,0,0.0,STATUS:harness_limitation:unsupported_type:JsonParser p:deserializeWithType
JacksonDatabind,40,CATG,default,1,0,False,unsupported,0,0,False,0,0,0,0,0,0,0.0,STATUS:target_discovery:no_source_method
JacksonDatabind,41,CATG,default,1,0,False,unsupported,0,0,False,0,0,0,0,0,0,0.0,STATUS:harness_limitation:unsupported_type:Type type:constructType
JacksonDatabind,42,CATG,default,1,0,False,unsupported,0,0,False,0,0,0,0,0,0,0.0,STATUS:harness_limitation:abstract_class:_deserializeFromEmptyString
JacksonDatabind,43,CATG,default,1,0,False,unsupported,0,0,False,0,0,0,0,0,0,0.0,STATUS:harness_limitation:unsupported_type:JsonParser p:deserializeSetAndReturn
JacksonDatabind,44,CATG,default,1,0,False,unsupported,0,0,False,0,0,0,0,0,0,0.0,STATUS:harness_limitation:unsupported_type:Object h:withTypeHandler
JacksonDatabind,45,CATG,default,1,0,False,unsupported,0,0,False,0,0,0,0,0,0,0.0,STATUS:harness_limitation:unsupported_type:SerializerProvider serializers:createContextual
JacksonDatabind,46,CATG,default,1,0,False,unsupported,0,0,False,0,0,0,0,0,0,0.0,STATUS:harness_limitation:unsupported_type:StringBuilder sb:getGenericSignature
JacksonDatabind,47,CATG,default,1,0,False,unsupported,0,0,False,0,0,0,0,0,0,0.0,STATUS:harness_limitation:unsupported_type:final MapperConfig<?> config:refineSerializationType
JacksonDatabind,48,CATG,default,1,0,False,unsupported,0,0,False,0,0,0,0,0,0,1.31,STATUS:catg_runtime_interpreter:ArrayIndexOutOfBoundsException
JacksonDatabind,49,CATG,default,1,0,False,unsupported,0,0,False,0,0,0,0,0,0,0.0,STATUS:harness_limitation:unsupported_type:Object forPojo:generateId
JacksonDatabind,50,CATG,default,1,0,False,unsupported,0,0,False,0,0,0,0,0,0,0.0,STATUS:harness_limitation:unsupported_type:final JsonParser p:_deserializeUsingPropertyBased
JacksonDatabind,51,CATG,default,1,0,False,unsupported,0,0,False,0,0,0,0,0,0,0.0,STATUS:harness_limitation:unsupported_type:DeserializationContext ctxt:_findDeserializer
JacksonDatabind,52,CATG,default,1,1,True,completed,1,1,False,738,10,1.36,435,0,0.0,1.39,modified=com.fasterxml.jackson.databind.deser.BeanDeserializerBase;com.fasterxml.jackson.databind.deser.impl.ExternalTypeHandler;target=com.fasterxml.jackson.databind.deser.impl.ExternalTypeHandler$Builder::build;params=;catg_cases=1
JacksonDatabind,53,CATG,default,1,0,False,unsupported,0,0,False,0,0,0,0,0,0,0.0,STATUS:harness_limitation:unsupported_type:JavaType baseType:constructSpecializedType
JacksonDatabind,54,CATG,default,1,0,False,unsupported,0,0,False,0,0,0,0,0,0,0.0,STATUS:harness_limitation:unsupported_type:SerializerProvider prov:buildWriter
JacksonDatabind,55,CATG,default,1,0,False,unsupported,0,0,False,0,0,0,0,0,0,0.0,STATUS:harness_limitation:unsupported_type:SerializationConfig config:getFallbackKeySerializer
JacksonDatabind,56,CATG,default,1,0,False,unsupported,0,0,False,0,0,0,0,0,0,0.0,STATUS:harness_limitation:unsupported_type:DeserializationContext ctxt:_deserialize
JacksonDatabind,57,CATG,default,1,0,False,unsupported,0,0,False,0,0,0,0,0,0,0.0,STATUS:harness_limitation:unsupported_type:byte[] src:readValues
JacksonDatabind,58,CATG,default,1,0,False,unsupported,0,0,False,0,0,0,0,0,0,0.0,STATUS:harness_limitation:unsupported_type:DeserializationContext ctxt:constructSettableProperty
JacksonDatabind,59,CATG,default,1,1,True,completed,0,0,False,568,3,0.53,313,1,0.32,1.34,modified=com.fasterxml.jackson.databind.JavaType;com.fasterxml.jackson.databind.type.CollectionLikeType;com.fasterxml.jackson.databind.type.MapLikeType;com.fasterxml.jackson.databind.type.TypeFactory;target=com.fasterxml.jackson.databind.type.CollectionLikeType::withStaticTyping;params=;catg_cases=1
JacksonDatabind,60,CATG,default,1,0,False,unsupported,0,0,False,0,0,0,0,0,0,0.0,STATUS:harness_limitation:unsupported_type:Object bean:serializeWithType
JacksonDatabind,61,CATG,default,1,0,False,unsupported,0,0,False,0,0,0,0,0,0,0.0,STATUS:harness_limitation:unsupported_type:DeserializationConfig config:buildTypeDeserializer
JacksonDatabind,62,CATG,default,1,0,False,unsupported,0,0,False,0,0,0,0,0,0,0.0,STATUS:harness_limitation:unsupported_type:DeserializationContext ctxt:createContextual
JacksonDatabind,63,CATG,default,1,1,True,completed,0,0,False,123,13,10.57,44,4,9.09,1.32,modified=com.fasterxml.jackson.databind.JsonMappingException;target=com.fasterxml.jackson.databind.JsonMappingException$Reference::getDescription;params=;catg_cases=1
JacksonDatabind,64,CATG,default,1,0,False,unsupported,0,0,False,0,0,0,0,0,0,0.0,STATUS:harness_limitation:unsupported_type:SerializerProvider prov:buildWriter
JacksonDatabind,66,CATG,default,1,0,False,unsupported,0,0,False,0,0,0,0,0,0,0.0,STATUS:harness_limitation:unsupported_type:DeserializationContext ctxt:deserializeKey
JacksonDatabind,67,CATG,default,1,0,False,unsupported,0,0,False,0,0,0,0,0,0,0.0,STATUS:harness_limitation:unsupported_type:DeserializationContext ctxt:createKeyDeserializer
JacksonDatabind,68,CATG,default,1,0,False,unsupported,0,0,False,0,0,0,0,0,0,0.0,STATUS:harness_limitation:unsupported_type:JsonParser p:deserializeFromArray
JacksonDatabind,69,CATG,default,1,0,False,unsupported,0,0,False,0,0,0,0,0,0,0.0,STATUS:harness_limitation:unsupported_type:AnnotatedWithParams newOne:verifyNonDup
JacksonDatabind,70,CATG,default,1,0,False,unsupported,0,0,False,0,0,0,0,0,0,0.0,STATUS:harness_limitation:unsupported_type:SettableBeanProperty propToRm:remove
JacksonDatabind,71,CATG,default,1,0,False,unsupported,0,0,False,0,0,0,0,0,0,0.0,STATUS:harness_limitation:unsupported_type:Class<?> raw:forType
JacksonDatabind,72,CATG,default,1,0,False,unsupported,0,0,False,0,0,0,0,0,0,0.0,STATUS:target_discovery:no_source_method
JacksonDatabind,73,CATG,default,1,0,False,unsupported,0,0,False,0,0,0,0,0,0,3.04,STATUS:catg_runtime_interpreter:ArrayIndexOutOfBoundsException
JacksonDatabind,74,CATG,default,1,0,False,unsupported,0,0,False,0,0,0,0,0,0,0.0,STATUS:harness_limitation:unsupported_type:JsonParser p:_deserializeTypedUsingDefaultImpl
JacksonDatabind,75,CATG,default,1,0,False,unsupported,0,0,False,0,0,0,0,0,0,0.0,STATUS:harness_limitation:unsupported_type:Class<?> enumClass:_isShapeWrittenUsingIndex
JacksonDatabind,76,CATG,default,1,0,False,unsupported,0,0,False,0,0,0,0,0,0,0.0,STATUS:harness_limitation:unsupported_type:JsonParser p:deserializeUsingPropertyBasedWithUnwrapped
JacksonDatabind,77,CATG,default,1,0,False,unsupported,0,0,False,0,0,0,0,0,0,0.0,STATUS:harness_limitation:unsupported_type:DeserializationContext ctxt:createBeanDeserializer
JacksonDatabind,78,CATG,default,1,0,False,unsupported,0,0,False,0,0,0,0,0,0,0.0,STATUS:harness_limitation:unsupported_type:DeserializationContext ctxt:createBuilderBasedDeserializer
JacksonDatabind,79,CATG,default,1,0,False,unsupported,0,0,False,0,0,0,0,0,0,1.37,STATUS:catg_runtime_interpreter:ClassCastException
JacksonDatabind,80,CATG,default,1,0,False,unsupported,0,0,False,0,0,0,0,0,0,0.0,STATUS:harness_limitation:unsupported_type:MapperConfig<?> config:collectAndResolveSubtypesByTypeId
JacksonDatabind,81,CATG,default,1,0,False,unsupported,0,0,False,0,0,0,0,0,0,0.0,STATUS:harness_limitation:unsupported_type:final MapperConfig<?> config:refineDeserializationType
JacksonDatabind,82,CATG,default,1,0,False,unsupported,0,0,False,0,0,0,0,0,0,0.0,STATUS:harness_limitation:unsupported_type:DeserializationContext ctxt:addBeanProps
JacksonDatabind,83,CATG,default,1,0,False,unsupported,0,0,False,0,0,0,0,0,0,0.0,STATUS:harness_limitation:unsupported_type:JsonParser p:deserialize
JacksonDatabind,84,CATG,default,1,1,True,completed,0,0,False,30,1,3.33,14,0,0.0,1.44,modified=com.fasterxml.jackson.databind.type.ResolvedRecursiveType;target=com.fasterxml.jackson.databind.type.ResolvedRecursiveType::getSelfReferencedType;params=;catg_cases=1
JacksonDatabind,85,CATG,default,1,0,False,unsupported,0,0,False,0,0,0,0,0,0,0.0,STATUS:harness_limitation:unsupported_type:SerializerProvider serializers:createContextual
JacksonDatabind,86,CATG,default,1,1,True,completed,0,0,False,30,1,3.33,14,0,0.0,1.36,modified=com.fasterxml.jackson.databind.type.ResolvedRecursiveType;target=com.fasterxml.jackson.databind.type.ResolvedRecursiveType::getSelfReferencedType;params=;catg_cases=1
JacksonDatabind,87,CATG,default,1,0,False,unsupported,0,0,False,0,0,0,0,0,0,0.0,STATUS:harness_limitation:unsupported_type:ParsePosition pos:parseAsISO8601
JacksonDatabind,88,CATG,default,1,0,False,unsupported,0,0,False,0,0,0,0,0,0,0.0,STATUS:harness_limitation:unsupported_type:DatabindContext ctxt:_typeFromId
JacksonDatabind,90,CATG,default,1,0,False,unsupported,0,0,False,0,0,0,0,0,0,0.0,STATUS:harness_limitation:unsupported_type:DeserializationConfig config:getDelegateType
JacksonDatabind,91,CATG,default,1,0,False,unsupported,0,0,False,0,0,0,0,0,0,0.0,STATUS:harness_limitation:unsupported_type:JavaType t:_hasCustomHandlers
JacksonDatabind,92,CATG,default,1,0,False,unsupported,0,0,False,0,0,0,0,0,0,0.0,STATUS:target_discovery:no_source_method
JacksonDatabind,93,CATG,default,1,0,False,unsupported,0,0,False,0,0,0,0,0,0,0.0,STATUS:harness_limitation:unsupported_type:DeserializationContext ctxt:validateSubType
JacksonDatabind,94,CATG,default,1,0,False,unsupported,0,0,False,0,0,0,0,0,0,0.0,STATUS:harness_limitation:unsupported_type:DeserializationContext ctxt:validateSubType
JacksonDatabind,95,CATG,default,1,0,False,unsupported,0,0,False,0,0,0,0,0,0,0.0,STATUS:harness_limitation:unsupported_type:JavaType baseType:constructSpecializedType
JacksonDatabind,96,CATG,default,1,0,False,unsupported,0,0,False,0,0,0,0,0,0,0.0,STATUS:harness_limitation:unsupported_type:DeserializationContext ctxt:_addExplicitAnyCreator
JacksonDatabind,97,CATG,default,1,0,False,unsupported,0,0,False,0,0,0,0,0,0,0.0,STATUS:harness_limitation:unsupported_type:JsonGenerator gen:serialize
JacksonDatabind,98,CATG,default,1,0,False,unsupported,0,0,False,0,0,0,0,0,0,0.0,STATUS:harness_limitation:unsupported_type:JsonParser p:complete
JacksonDatabind,99,CATG,default,1,0,False,error,0,0,False,0,0,0,0,0,0,2.32,"STATUS:ERROR:CATG failed with exit 1:
Now testing catg.generated.CatgHarness_0bd9acb541

========== Input 1 ==========
WARNING: 
java.lang.LinkageError: loader (instance of  sun/misc/Launcher$AppClassLoader): attempted  duplicate class definition for name: ""com/fasterxml/jackson/databind/type/ReferenceType""
	at java.lang.ClassLoader.defineClass1(Native Method)
	at java.lang.ClassLoader.defineClass(ClassLoader.java:756)
	at java.security.SecureClassLoader.defineClass(SecureClassLoader.java:142)
	at java.net.URLClassLoader.defineClass(URLClassLoader.java:473)
	at java.net.URLClassLoader.access$100(URLClassLoader.java:74)
	at java.net.URLClassLoader$1.run(URLClassLoader.java:369)
	at java.net.URLClassLoader$1.run(URLClassLoader.java:363)
	at java.security.AccessController.doPrivileged(Native Method)
	at java.net.URLClassLoader.findClass(URLClassLoader.java:362)
	at java.lang.ClassLoader.loadClass(ClassLoader.java:418)
	at sun.misc.Launcher$AppClassLoader.loadClass(Launcher.java:352)
	at java.lang.ClassLoader.loadClass(ClassLoader.java:351)
	at java.lang.Class.forName0(Native Method)
	at java.lang.Class.forName(Class.java:264)
	at catg.generated.CatgHarness_0bd9acb541.main(CatgHarness_0bd9acb541.java:12)
Java exited with status 1"
JacksonDatabind,100,CATG,default,1,0,False,unsupported,0,0,False,0,0,0,0,0,0,0.0,STATUS:harness_limitation:unsupported_type:Base64Variant b64variant:getBinaryValue
JacksonDatabind,101,CATG,default,1,0,False,unsupported,0,0,False,0,0,0,0,0,0,0.0,STATUS:harness_limitation:unsupported_type:JsonParser p:deserializeUsingPropertyBasedWithUnwrapped
JacksonDatabind,102,CATG,default,1,0,False,unsupported,0,0,False,0,0,0,0,0,0,0.0,STATUS:harness_limitation:unsupported_type:SerializerProvider serializers:createContextual
JacksonDatabind,103,CATG,default,1,1,True,completed,0,0,False,4254,2,0.05,2535,0,0.0,2.32,modified=com.fasterxml.jackson.databind.DatabindContext;com.fasterxml.jackson.databind.DeserializationContext;com.fasterxml.jackson.databind.JsonMappingException;com.fasterxml.jackson.databind.SerializerProvider;com.fasterxml.jackson.databind.deser.BasicDeserializerFactory;com.fasterxml.jackson.databind.deser.BeanDeserializerFactory;com.fasterxml.jackson.databind.deser.DeserializerCache;com.fasterxml.jackson.databind.deser.SettableAnyProperty;com.fasterxml.jackson.databind.deser.SettableBeanProperty;com.fasterxml.jackson.databind.deser.std.StdDeserializer;com.fasterxml.jackson.databind.deser.std.StdKeyDeserializer;com.fasterxml.jackson.databind.deser.std.StdValueInstantiator;com.fasterxml.jackson.databind.introspect.BasicBeanDescription;com.fasterxml.jackson.databind.ser.DefaultSerializerProvider;com.fasterxml.jackson.databind.ser.PropertyBuilder;com.fasterxml.jackson.databind.util.ClassUtil;target=com.fasterxml.jackson.databind.introspect.BasicBeanDescription::instantiateBean;params=boolean;catg_cases=1
JacksonDatabind,104,CATG,default,1,1,True,completed,0,0,False,271,27,9.96,123,1,0.81,1.97,modified=com.fasterxml.jackson.databind.util.StdDateFormat;target=com.fasterxml.jackson.databind.util.StdDateFormat::toPattern;params=;catg_cases=1
JacksonDatabind,105,CATG,default,1,0,False,unsupported,0,0,False,0,0,0,0,0,0,0.0,STATUS:harness_limitation:unsupported_type:Class<?> rawType:find
JacksonDatabind,106,CATG,default,1,1,True,completed,0,0,False,120,8,6.67,77,4,5.19,1.72,modified=com.fasterxml.jackson.databind.node.TreeTraversingParser;target=com.fasterxml.jackson.databind.node.TreeTraversingParser::getIntValue;params=;catg_cases=1
JacksonDatabind,107,CATG,default,1,0,False,unsupported,0,0,False,0,0,0,0,0,0,0.0,STATUS:harness_limitation:unsupported_type:DeserializationContext ctxt:_findDeserializer
JacksonDatabind,108,CATG,default,1,0,False,unsupported,0,0,False,0,0,0,0,0,0,0.0,STATUS:harness_limitation:unsupported_type:JsonParser p:_unwrapAndDeserialize
JacksonDatabind,109,CATG,default,1,0,False,unsupported,0,0,False,0,0,0,0,0,0,0.0,STATUS:harness_limitation:unsupported_type:SerializerProvider prov:createContextual
JacksonDatabind,110,CATG,default,1,0,False,unsupported,0,0,False,0,0,0,0,0,0,0.0,STATUS:harness_limitation:unsupported_type:DeserializationContext ctxt:findForCollection
JacksonDatabind,111,CATG,default,1,0,False,unsupported,0,0,False,0,0,0,0,0,0,0.0,STATUS:harness_limitation:unsupported_type:JsonDeserializer<?> deser:withValueDeserializer
JacksonDatabind,112,CATG,default,1,0,False,unsupported,0,0,False,0,0,0,0,0,0,0.0,STATUS:harness_limitation:unsupported_type:DeserializationContext ctxt:createContextual
JacksonXml,1,CATG,default,1,1,True,completed,0,0,False,294,3,1.02,147,1,0.68,1.89,modified=com.fasterxml.jackson.dataformat.xml.deser.FromXmlParser;target=com.fasterxml.jackson.dataformat.xml.deser.FromXmlParser::nextToken;params=;catg_cases=1
JacksonXml,2,CATG,default,1,1,True,completed,0,0,False,170,3,1.76,74,1,1.35,1.7,modified=com.fasterxml.jackson.dataformat.xml.deser.XmlTokenStream;target=com.fasterxml.jackson.dataformat.xml.deser.XmlTokenStream::_next;params=;catg_cases=1
JacksonXml,3,CATG,default,1,1,True,completed,0,0,False,295,3,1.02,151,1,0.66,1.94,modified=com.fasterxml.jackson.dataformat.xml.deser.FromXmlParser;target=com.fasterxml.jackson.dataformat.xml.deser.FromXmlParser::nextTextValue;params=;catg_cases=1
JacksonXml,4,CATG,default,1,0,False,unsupported,0,0,False,0,0,0,0,0,0,0.0,STATUS:harness_limitation:unsupported_type:JsonGenerator jgen:_serializeXmlNull
JacksonXml,5,CATG,default,1,0,False,unsupported,0,0,False,0,0,0,0,0,0,0.0,STATUS:target_discovery:no_source_method
JacksonXml,6,CATG,default,1,1,True,completed,0,0,False,483,2,0.41,222,0,0.0,1.98,modified=com.fasterxml.jackson.dataformat.xml.ser.ToXmlGenerator;target=com.fasterxml.jackson.dataformat.xml.ser.ToXmlGenerator::writeBoolean;params=boolean;catg_cases=1
Jsoup,1,CATG,default,1,0,False,unsupported,0,0,False,0,0,0,0,0,0,0.0,STATUS:harness_limitation:unsupported_type:Element element:normalise
Jsoup,2,CATG,default,1,1,True,completed,0,0,False,162,6,3.7,86,0,0.0,2.07,modified=org.jsoup.parser.Parser;target=org.jsoup.parser.Parser::parseStartTag;params=;catg_cases=1
Jsoup,3,CATG,default,1,1,True,completed,0,0,False,593,132,22.26,294,4,1.36,1.95,modified=org.jsoup.nodes.Element;org.jsoup.parser.Parser;org.jsoup.parser.Tag;target=org.jsoup.parser.Tag::createInline;params=java.lang.String;catg_cases=1
Jsoup,4,CATG,default,1,0,False,error,0,0,False,0,0,0,0,0,0,1.79,"STATUS:ERROR:coverage catg.generated.CATG_CoverageSuite_Jsoup_4::runAll failed:
Running ant (compile.tests)................................................ OK
Running ant (coverage.instrument).......................................... FAIL
Executed command:  cd D:/Lab_SQA/Defects4J_Projects/Jsoup_4_b && D:/Lab_SQA/defects4j/major/bin/ant.cmd -f D:/Lab_SQA/defects4j/framework/projects/defects4j.build.xml -Dd4j.home=D:/Lab_SQA/defects4j -Dd4j.dir.projects=D:/Lab_SQA/defects4j/framework/projects -Dbasedir=D:/Lab_SQA/Defects4J_Projects/Jsoup_4_b  coverage.instrument 2>&1
Buildfile: D:\Lab_SQA\defects4j\framework\projects\defects4j.build.xml

test-offline:

get-deps:

jsoup-from-maven.compile:
    [javac] D:\Lab_SQA\Defects4J_Projects\Jsoup_4_b\maven-build.xml:74: warning: 'includeantruntime' was not set, defaulting to build.sysclasspath=last; set to false for repeatable builds

compile:

check.classes.uptodate:

reset.cobertura.ser:

coverage.instrument:
   [delete] Deleting directory D:\Lab_SQA\Defects4J_Projects\Jsoup_4_b\.classes_instrumented
[cobertura-instrument] Cobertura 2.0.3 - GNU GPL License (NO WARRANTY) - See COPYRIGHT file
[cobertura-instrument] Exception in thread ""main"" java.lang.RuntimeException: Warning detected and failOnError is true
[cobertura-instrument] 	at net.sourceforge.cobertura.instrument.CoberturaInstrumenter.instrumentClass(CoberturaInstrumenter.java:126)
[cobertura-instrument] 	at net.sourceforge.cobertura.instrument.CoberturaInstrumenter.addInstrumentationToSingleClass(CoberturaInstrumenter.java:234)
[cobertura-instrument] WARN   instrumentClass, Unable to instrument file D:\Lab_SQA\Defects4J_Projects\Jsoup_4_b\target\classes\org\jsoup\nodes\Entities.class	at net.sourceforge.cobertura.instrument.Main.addInstrumentationToSingleClass(Main.java:298)
[cobertura-instrument] java.lang.RuntimeException: Method code too large!
[cobertura-instrument] 	at org.objectweb.asm.MethodWriter.a(Unknown Source)
[cobertura-instrument] 	at net.sourceforge.cobertura.instrument.Main.addInstrumentation(Main.java:307)
[cobertura-instrument] 	at net.sourceforge.cobertura.instrument.Main.parseArguments(Main.java:399)
[cobertura-instrument] 
[cobertura-instrument] 	at org.objectweb.asm.ClassWriter.toByteArray(Unknown Source)
[cobertura-instrument] 	at net.sourceforge.cobertura.instrument.CoberturaInstrumenter.instrumentClass(CoberturaInstrumenter.java:208)
[cobertura-instrument] 	at net.sourceforge.cobertura.instrument.CoberturaInstrumenter.instrumentClass(CoberturaInstrumenter.java:121)
[cobertura-instrument] 	at net.sourceforge.cobertura.instrument.CoberturaInstrumenter.addInstrumentationToSingleClass(CoberturaInstrumenter.java:234)	at net.sourceforge.cobertura.instrument.Main.main(Main.java:421)
[cobertura-instrument] 	at net.sourceforge.cobertura.instrument.Main.addInstrumentationToSingleClass(Main.java:298)
[cobertura-instrument] 
[cobertura-instrument] Caused by: java.lang.RuntimeException: Method code too large!
[cobertura-instrument] 	at org.objectweb.asm.MethodWriter.a(Unknown Source)
[cobertura-instrument] 	at org.objectweb.asm.ClassWriter.toByteArray(Unknown Source)
[cobertura-instrument] 	at net.sourceforge.cobertura.instrument.CoberturaInstrumenter.instrumentClass(CoberturaInstrumenter.java:208)
[cobertura-instrument] 	at net.sourceforge.cobertura.instrument.CoberturaInstrumenter.instrumentClass(CoberturaInstrumenter.java:121)	at net.sourceforge.cobertura.instrument.Main.addInstrumentation(Main.java:307)
[cobertura-instrument] 	... 5 more
[cobertura-instrument] 
[cobertura-instrument] 	at net.sourceforge.cobertura.instrument.Main.parseArguments(Main.java:399)
[cobertura-instrument] 	at net.sourceforge.cobertura.instrument.Main.main(Main.java:421)

BUILD FAILED
D:\Lab_SQA\defects4j\framework\projects\defects4j.build.xml:340: Error instrumenting classes. See messages above.

Total time: 1 second
Couldn't obtain coverage results! at D:/Lab_SQA/defects4j/framework/bin/d4j/d4j-coverage line 153.
Compilation failed in require at D:\Lab_SQA\defects4j\framework\bin\defects4j line 195."
Jsoup,5,CATG,default,1,1,True,completed,0,0,False,172,6,3.49,92,0,0.0,1.71,modified=org.jsoup.parser.Parser;target=org.jsoup.parser.Parser::parseAttribute;params=;catg_cases=1
Jsoup,6,CATG,default,1,0,False,error,0,0,False,0,0,0,0,0,0,2.01,"STATUS:ERROR:coverage catg.generated.CATG_CoverageSuite_Jsoup_6::runAll failed:
Running ant (compile.tests)................................................ OK
Running ant (coverage.instrument).......................................... FAIL
Executed command:  cd D:/Lab_SQA/Defects4J_Projects/Jsoup_6_b && D:/Lab_SQA/defects4j/major/bin/ant.cmd -f D:/Lab_SQA/defects4j/framework/projects/defects4j.build.xml -Dd4j.home=D:/Lab_SQA/defects4j -Dd4j.dir.projects=D:/Lab_SQA/defects4j/framework/projects -Dbasedir=D:/Lab_SQA/Defects4J_Projects/Jsoup_6_b  coverage.instrument 2>&1
Buildfile: D:\Lab_SQA\defects4j\framework\projects\defects4j.build.xml

test-offline:

get-deps:

jsoup-from-maven.compile:
    [javac] D:\Lab_SQA\Defects4J_Projects\Jsoup_6_b\maven-build.xml:74: warning: 'includeantruntime' was not set, defaulting to build.sysclasspath=last; set to false for repeatable builds

compile:

check.classes.uptodate:

reset.cobertura.ser:

coverage.instrument:
   [delete] Deleting directory D:\Lab_SQA\Defects4J_Projects\Jsoup_6_b\.classes_instrumented
[cobertura-instrument] Cobertura 2.0.3 - GNU GPL License (NO WARRANTY) - See COPYRIGHT file
[cobertura-instrument] Exception in thread ""main"" java.lang.RuntimeException: Warning detected and failOnError is true
[cobertura-instrument] 	at net.sourceforge.cobertura.instrument.CoberturaInstrumenter.instrumentClass(CoberturaInstrumenter.java:126)
[cobertura-instrument] WARN   instrumentClass, Unable to instrument file D:\Lab_SQA\Defects4J_Projects\Jsoup_6_b\target\classes\org\jsoup\nodes\Entities.class
[cobertura-instrument] java.lang.RuntimeException: Method code too large!
[cobertura-instrument] 	at org.objectweb.asm.MethodWriter.a(Unknown Source)
[cobertura-instrument] 	at net.sourceforge.cobertura.instrument.CoberturaInstrumenter.addInstrumentationToSingleClass(CoberturaInstrumenter.java:234)
[cobertura-instrument] 	at net.sourceforge.cobertura.instrument.Main.addInstrumentationToSingleClass(Main.java:298)
[cobertura-instrument] 	at net.sourceforge.cobertura.instrument.Main.addInstrumentation(Main.java:307)
[cobertura-instrument] 	at org.objectweb.asm.ClassWriter.toByteArray(Unknown Source)	at net.sourceforge.cobertura.instrument.Main.parseArguments(Main.java:399)
[cobertura-instrument] 
[cobertura-instrument] 	at net.sourceforge.cobertura.instrument.Main.main(Main.java:421)
[cobertura-instrument] 	at net.sourceforge.cobertura.instrument.CoberturaInstrumenter.instrumentClass(CoberturaInstrumenter.java:208)Caused by: java.lang.RuntimeException: Method code too large!
[cobertura-instrument] 
[cobertura-instrument] 	at net.sourceforge.cobertura.instrument.CoberturaInstrumenter.instrumentClass(CoberturaInstrumenter.java:121)	at org.objectweb.asm.MethodWriter.a(Unknown Source)
[cobertura-instrument] 
[cobertura-instrument] 	at org.objectweb.asm.ClassWriter.toByteArray(Unknown Source)
[cobertura-instrument] 	at net.sourceforge.cobertura.instrument.CoberturaInstrumenter.addInstrumentationToSingleClass(CoberturaInstrumenter.java:234)	at net.sourceforge.cobertura.instrument.CoberturaInstrumenter.instrumentClass(CoberturaInstrumenter.java:208)
[cobertura-instrument] 	at net.sourceforge.cobertura.instrument.Main.addInstrumentationToSingleClass(Main.java:298)
[cobertura-instrument] 	at net.sourceforge.cobertura.instrument.CoberturaInstrumenter.instrumentClass(CoberturaInstrumenter.java:121)
[cobertura-instrument] 
[cobertura-instrument] 	... 5 more
[cobertura-instrument] 	at net.sourceforge.cobertura.instrument.Main.addInstrumentation(Main.java:307)
[cobertura-instrument] 	at net.sourceforge.cobertura.instrument.Main.parseArguments(Main.java:399)
[cobertura-instrument] 	at net.sourceforge.cobertura.instrument.Main.main(Main.java:421)

BUILD FAILED
D:\Lab_SQA\defects4j\framework\projects\defects4j.build.xml:340: Error instrumenting classes. See messages above.

Total time: 1 second
Couldn't obtain coverage results! at D:/Lab_SQA/defects4j/framework/bin/d4j/d4j-coverage line 153.
Compilation failed in require at D:\Lab_SQA\defects4j\framework\bin\defects4j line 195."
Jsoup,7,CATG,default,1,1,True,completed,0,0,False,80,4,5.0,26,1,3.85,3.05,modified=org.jsoup.nodes.Document;target=org.jsoup.nodes.Document::normalise;params=;catg_cases=1
Jsoup,8,CATG,default,1,0,False,unsupported,0,0,False,0,0,0,0,0,0,0.0,STATUS:harness_limitation:unsupported_type:StringBuilder accum:outerHtml
Jsoup,9,CATG,default,1,0,False,unsupported,0,0,False,0,0,0,0,0,0,0.0,STATUS:target_discovery:no_source_method
Jsoup,10,CATG,default,1,0,False,unsupported,0,0,False,0,0,0,0,0,0,0.0,STATUS:harness_limitation:abstract_class:absUrl
Jsoup,11,CATG,default,1,1,True,completed,0,0,False,198,2,1.01,120,0,0.0,1.8,modified=org.jsoup.select.Selector;target=org.jsoup.select.Selector::select;params=;catg_cases=1
Jsoup,12,CATG,default,1,1,True,completed,0,0,False,218,2,0.92,132,0,0.0,1.77,modified=org.jsoup.select.Selector;target=org.jsoup.select.Selector::findElements;params=;catg_cases=1
Jsoup,13,CATG,default,1,0,False,unsupported,0,0,False,0,0,0,0,0,0,0.0,STATUS:harness_limitation:abstract_class:hasAttr
Jsoup,14,CATG,default,1,0,False,unsupported,0,0,False,0,0,0,0,0,0,1.56,STATUS:catg_runtime_interpreter:ClassCastException
Jsoup,15,CATG,default,1,0,False,unsupported,0,0,False,0,0,0,0,0,0,0.0,STATUS:harness_limitation:unsupported_type:Token t:process
Jsoup,16,CATG,default,1,0,False,unsupported,0,0,False,0,0,0,0,0,0,0.0,STATUS:harness_limitation:unsupported_type:StringBuilder accum:outerHtmlHead
Jsoup,17,CATG,default,1,0,False,unsupported,0,0,False,0,0,0,0,0,0,0.0,STATUS:target_discovery:no_source_method
Jsoup,18,CATG,default,1,1,True,completed,0,0,False,97,1,1.03,82,0,0.0,1.63,modified=org.jsoup.parser.CharacterReader;target=org.jsoup.parser.CharacterReader::consumeToEnd;params=;catg_cases=1
Jsoup,19,CATG,default,1,0,False,unsupported,0,0,False,0,0,0,0,0,0,0.0,STATUS:harness_limitation:unsupported_type:Element el:testValidProtocol
Jsoup,20,CATG,default,1,0,False,unsupported,0,0,False,0,0,0,0,0,0,0.0,STATUS:harness_limitation:unsupported_type:ByteBuffer byteData:parseByteData
Jsoup,21,CATG,default,1,1,True,completed,0,0,False,189,2,1.06,96,0,0.0,1.68,modified=org.jsoup.select.CombiningEvaluator;org.jsoup.select.QueryParser;target=org.jsoup.select.QueryParser::combinator;params=char;catg_cases=1
Jsoup,22,CATG,default,1,1,True,completed,1,0,True,667,2,0.3,272,0,0.0,1.94,modified=org.jsoup.nodes.Element;org.jsoup.nodes.Node;org.jsoup.select.Elements;target=org.jsoup.nodes.Element::siblingElements;params=;catg_cases=1
Jsoup,23,CATG,default,1,1,True,completed,0,0,False,217,4,1.84,152,2,1.32,1.56,modified=org.jsoup.parser.CharacterReader;org.jsoup.parser.Tokeniser;target=org.jsoup.parser.CharacterReader::consumeHexSequence;params=;catg_cases=1
Jsoup,24,CATG,default,1,0,False,unsupported,0,0,False,0,0,0,0,0,0,0.0,STATUS:harness_limitation:unsupported_type:Tokeniser t:read
Jsoup,25,CATG,default,1,0,False,unsupported,0,0,False,0,0,0,0,0,0,0.0,STATUS:target_discovery:no_source_method
Jsoup,26,CATG,default,1,0,False,unsupported,0,0,False,0,0,0,0,0,0,0.0,STATUS:harness_limitation:unsupported_type:Document dirtyDocument:clean
Jsoup,27,CATG,default,1,1,True,completed,0,0,False,48,5,10.42,24,2,8.33,2.01,modified=org.jsoup.helper.DataUtil;target=org.jsoup.helper.DataUtil::getCharsetFromContentType;params=java.lang.String;catg_cases=1
Jsoup,28,CATG,default,1,0,False,unsupported,0,0,False,0,0,0,0,0,0,2.81,STATUS:catg_runtime_interpreter:ClassCastException
Jsoup,29,CATG,default,1,1,True,completed,0,0,False,117,1,0.85,36,0,0.0,1.73,modified=org.jsoup.nodes.Document;target=org.jsoup.nodes.Document::title;params=;catg_cases=1
Jsoup,30,CATG,default,1,0,False,unsupported,0,0,False,0,0,0,0,0,0,0.0,STATUS:harness_limitation:unsupported_type:Element root:copySafeNodes
Jsoup,31,CATG,default,1,0,False,unsupported,0,0,False,0,0,0,0,0,0,0.0,STATUS:harness_limitation:unsupported_type:Token.Character characterToken:insert
Jsoup,32,CATG,default,1,1,True,completed,0,0,False,303,1,0.33,140,0,0.0,1.71,modified=org.jsoup.nodes.Element;target=org.jsoup.nodes.Element::clone;params=;catg_cases=1
Jsoup,33,CATG,default,1,0,False,unsupported,0,0,False,0,0,0,0,0,0,0.0,STATUS:harness_limitation:unsupported_type:Token.StartTag startTag:insert
Jsoup,34,CATG,default,1,0,False,unsupported,0,0,False,0,0,0,0,0,0,0.0,STATUS:harness_limitation:unsupported_type:CharSequence seq:nextIndexOf
Jsoup,35,CATG,default,1,0,False,unsupported,0,0,False,0,0,0,0,0,0,0.0,STATUS:harness_limitation:unsupported_type:Token t:process
Jsoup,36,CATG,default,1,0,False,unsupported,0,0,False,0,0,0,0,0,0,0.0,STATUS:harness_limitation:unsupported_type:ByteBuffer byteData:parseByteData
Jsoup,37,CATG,default,1,1,True,completed,0,0,False,307,3,0.98,152,0,0.0,1.98,modified=org.jsoup.nodes.Element;target=org.jsoup.nodes.Element::html;params=;catg_cases=1
Jsoup,38,CATG,default,1,0,False,unsupported,0,0,False,0,0,0,0,0,0,0.0,STATUS:harness_limitation:unsupported_type:Token t:process
Jsoup,39,CATG,default,1,0,False,unsupported,0,0,False,0,0,0,0,0,0,0.0,STATUS:harness_limitation:unsupported_type:ByteBuffer byteData:parseByteData
Jsoup,40,CATG,default,1,0,False,unsupported,0,0,False,0,0,0,0,0,0,0.0,STATUS:target_discovery:no_source_method
Jsoup,41,CATG,default,1,0,False,unsupported,0,0,False,0,0,0,0,0,0,0.0,STATUS:harness_limitation:unsupported_type:Object o:equals
Jsoup,42,CATG,default,1,1,True,completed,0,0,False,39,2,5.13,24,0,0.0,1.74,modified=org.jsoup.nodes.FormElement;target=org.jsoup.nodes.FormElement::formData;params=;catg_cases=1
Jsoup,43,CATG,default,1,0,False,unsupported,0,0,False,0,0,0,0,0,0,0.0,STATUS:harness_limitation:unsupported_type:Element search:indexInList
Jsoup,44,CATG,default,1,0,False,unsupported,0,0,False,0,0,0,0,0,0,0.0,STATUS:harness_limitation:abstract_class:currentElement
Jsoup,45,CATG,default,1,1,True,completed,0,0,False,376,20,5.32,202,0,0.0,1.91,modified=org.jsoup.parser.HtmlTreeBuilder;target=org.jsoup.parser.HtmlTreeBuilder::resetInsertionMode;params=;catg_cases=1
Jsoup,46,CATG,default,1,0,False,unsupported,0,0,False,0,0,0,0,0,0,0.0,STATUS:harness_limitation:unsupported_type:StringBuilder accum:escape
Jsoup,47,CATG,default,1,0,False,unsupported,0,0,False,0,0,0,0,0,0,0.0,STATUS:harness_limitation:unsupported_type:StringBuilder accum:escape
Jsoup,48,CATG,default,1,0,False,unsupported,0,0,False,0,0,0,0,0,0,0.0,STATUS:harness_limitation:unsupported_type:final Connection.Request req:setOutputContentType
Jsoup,49,CATG,default,1,0,False,unsupported,0,0,False,0,0,0,0,0,0,0.0,STATUS:harness_limitation:unsupported_type:Node... children:addChildren
Jsoup,50,CATG,default,1,0,False,error,0,0,False,0,0,0,0,0,0,0.0,"STATUS:ERROR:checkout Jsoup-50b failed at D:\Lab_SQA\Defects4J_Projects\Jsoup_50_b: exit=128
Checking out c3cbe1b6 to D:/Lab_SQA/Defects4J_Projects/Jsoup_50_b.......... OK
Init local repository...................................................... OK
Tag post-fix revision...................................................... OK
Copy generated Ant build file.............................................. OK
Run post-checkout hook..................................................... OK
Excluding broken/flaky tests............................................... OK
Excluding broken/flaky tests............................................... OK
Backing up build file: D:/Lab_SQA/Defects4J_Projects/Jsoup_50_b/maven-build OK
Backing up build file: D:/Lab_SQA/Defects4J_Projects/Jsoup_50_b/pom.xml.... OK
Initialize fixed program version........................................... OK
Apply patch................................................................ OK
Initialize buggy program version........................................... OK
Diff c3cbe1b6:cc19d302..................................................... OK
Cannot determine how to apply patch!
All attempts failed:
* cd D:/Lab_SQA/Defects4J_Projects/Jsoup_50_b && git apply -p1 --ignore-whitespace --check D:/Lab_SQA/Defects4J_Projects/Jsoup_50_b/.defects4j.diff 2>&1
error: git diff header lacks filename information when removing 1 leading pathname component (line 125)
* cd D:/Lab_SQA/Defects4J_Projects/Jsoup_50_b && git apply -p0 --ignore-whitespace --check D:/Lab_SQA/Defects4J_Projects/Jsoup_50_b/.defects4j.diff 2>&1
error: git diff header lacks filename information when removing 0 leading pathname components (line 125)
* cd D:/Lab_SQA/Defects4J_Projects/Jsoup_50_b && git apply -p2 --ignore-whitespace --check D:/Lab_SQA/Defects4J_Projects/Jsoup_50_b/.defects4j.diff 2>&1
error: git diff header lacks filename information when removing 2 leading pathname components (line 5)
----------------------------------------------------------------------
 at D:/Lab_SQA/defects4j/framework/core/Vcs.pm line 416.
	Vcs::_apply_cmd(Vcs::Git=HASH(0x2b13a2fe570), ""D:/Lab_SQA/Defects4J_Projects/Jsoup_50_b"", ""D:/Lab_SQA/Defects4J_Projects/Jsoup_50_b/.defects4j.diff"", undef) called at D:/Lab_SQA/defects4j/framework/core/Vcs.pm line 375
	Vcs::apply_patch(Vcs::Git=HASH(0x2b13a2fe570), ""D:/Lab_SQA/Defects4J_Projects/Jsoup_50_b"", ""D:/Lab_SQA/Defects4J_Projects/Jsoup_50_b/.defects4j.diff"") called at D:/Lab_SQA/defects4j/framework/core/Project.pm line 510
	Project::checkout_vid(Project::Jsoup=HASH(0x2b13a2fd9e8), ""50b"") called at D:/Lab_SQA/defects4j/framework/bin/d4j/d4j-checkout line 96
	require D:/Lab_SQA/defects4j/framework/bin/d4j/d4j-checkout called at D:\Lab_SQA\defects4j\framework\bin\defects4j line 195
Compilation failed in require at D:\Lab_SQA\defects4j\framework\bin\defects4j line 195."
Jsoup,51,CATG,default,1,0,False,unsupported,0,0,False,0,0,0,0,0,0,1.44,STATUS:catg_runtime_interpreter:ClassCastException
Jsoup,52,CATG,default,1,1,True,completed,0,0,False,195,2,1.03,123,0,0.0,1.64,modified=org.jsoup.helper.DataUtil;org.jsoup.nodes.XmlDeclaration;org.jsoup.parser.XmlTreeBuilder;target=org.jsoup.nodes.XmlDeclaration::getWholeDeclaration;params=;catg_cases=1
Jsoup,53,CATG,default,1,1,True,completed,0,0,False,130,7,5.38,108,0,0.0,1.82,"modified=org.jsoup.parser.TokenQueue;target=org.jsoup.parser.TokenQueue::chompBalanced;params=char,char;catg_cases=1"
Jsoup,54,CATG,default,1,0,False,unsupported,0,0,False,0,0,0,0,0,0,0.0,STATUS:harness_limitation:unsupported_type:org.jsoup.nodes.Node source:copyAttributes
Jsoup,55,CATG,default,1,0,False,unsupported,0,0,False,0,0,0,0,0,0,0.0,STATUS:harness_limitation:unsupported_type:Tokeniser t:read
Jsoup,56,CATG,default,1,1,True,completed,0,0,False,2494,1,0.04,1169,0,0.0,1.99,modified=org.jsoup.nodes.DocumentType;org.jsoup.parser.HtmlTreeBuilderState;org.jsoup.parser.Token;org.jsoup.parser.TokeniserState;org.jsoup.parser.XmlTreeBuilder;target=org.jsoup.nodes.DocumentType::nodeName;params=;catg_cases=1
Jsoup,57,CATG,default,1,5,True,completed,0,0,False,127,3,2.36,76,0,0.0,3.4,modified=org.jsoup.nodes.Attributes;target=org.jsoup.nodes.Attributes::removeIgnoreCase;params=java.lang.String;catg_cases=5
Jsoup,58,CATG,default,1,0,False,unsupported,0,0,False,0,0,0,0,0,0,0.0,STATUS:harness_limitation:unsupported_type:Whitelist whitelist:isValid
Jsoup,59,CATG,default,1,0,False,unsupported,0,0,False,0,0,0,0,0,0,0.0,STATUS:harness_limitation:abstract_class:newAttribute
Jsoup,60,CATG,default,1,1,True,completed,0,0,False,365,8,2.19,258,0,0.0,1.85,"modified=org.jsoup.parser.TokenQueue;org.jsoup.select.QueryParser;target=org.jsoup.parser.TokenQueue::chompBalanced;params=char,char;catg_cases=1"
Jsoup,61,CATG,default,1,1,True,completed,0,0,False,352,2,0.57,184,0,0.0,1.88,modified=org.jsoup.nodes.Element;target=org.jsoup.nodes.Element::hasClass;params=java.lang.String;catg_cases=1
Jsoup,62,CATG,default,1,0,False,unsupported,0,0,False,0,0,0,0,0,0,0.0,STATUS:harness_limitation:unsupported_type:Token t:anyOtherEndTag
Jsoup,63,CATG,default,1,1,True,completed,0,0,False,543,6,1.1,296,1,0.34,1.86,modified=org.jsoup.parser.HtmlTreeBuilder;org.jsoup.parser.Tokeniser;target=org.jsoup.parser.Tokeniser::read;params=;catg_cases=1
Jsoup,64,CATG,default,1,0,False,unsupported,0,0,False,0,0,0,0,0,0,0.0,STATUS:harness_limitation:unsupported_type:Token.StartTag startTag:handleRawtext
Jsoup,65,CATG,default,1,1,True,completed,0,0,False,1480,12,0.81,983,0,0.0,1.99,modified=org.jsoup.parser.HtmlTreeBuilder;org.jsoup.parser.HtmlTreeBuilderState;target=org.jsoup.parser.HtmlTreeBuilder::clearStackToTableBodyContext;params=;catg_cases=1
Jsoup,66,CATG,default,1,1,True,completed,0,0,False,390,4,1.03,204,1,0.49,2.29,modified=org.jsoup.nodes.Element;target=org.jsoup.nodes.Element::ensureChildNodes;params=;catg_cases=1
Jsoup,67,CATG,default,1,0,False,unsupported,0,0,False,0,0,0,0,0,0,0.0,STATUS:harness_limitation:unsupported_type:String[] targetNames:inSpecificScope
Jsoup,68,CATG,default,1,0,False,unsupported,0,0,False,0,0,0,0,0,0,0.0,STATUS:harness_limitation:unsupported_type:String[] targetNames:inSpecificScope
Jsoup,69,CATG,default,1,0,False,unsupported,0,0,False,0,0,0,0,0,0,0.0,STATUS:target_discovery:no_source_method
Jsoup,70,CATG,default,1,0,False,unsupported,0,0,False,0,0,0,0,0,0,0.0,STATUS:harness_limitation:unsupported_type:Node node:preserveWhitespace
Jsoup,71,CATG,default,1,1,True,completed,0,0,False,430,5,1.16,248,0,0.0,1.7,modified=org.jsoup.nodes.PseudoTextElement;org.jsoup.select.Evaluator;org.jsoup.select.QueryParser;target=org.jsoup.select.QueryParser::findElements;params=;catg_cases=1
Jsoup,72,CATG,default,1,0,False,unsupported,0,0,False,0,0,0,0,0,0,0.0,STATUS:harness_limitation:unsupported_type:final char[] charBuf:cacheString
Jsoup,73,CATG,default,1,0,False,unsupported,0,0,False,0,0,0,0,0,0,0.0,STATUS:harness_limitation:unsupported_type:org.jsoup.nodes.Node source:head
Jsoup,74,CATG,default,1,0,False,unsupported,0,0,False,0,0,0,0,0,0,0.0,STATUS:harness_limitation:unsupported_type:StringBuilder accum:appendNormalisedWhitespace
Jsoup,75,CATG,default,1,0,False,error,0,0,False,0,0,0,0,0,0,0.0,"STATUS:ERROR:compile D:\Lab_SQA\Defects4J_Projects\Jsoup_75_b failed:

Running ant (compile)...................................................... FAIL
Executed command:  cd D:/Lab_SQA/Defects4J_Projects/Jsoup_75_b && D:/Lab_SQA/defects4j/major/bin/ant.cmd -f D:/Lab_SQA/defects4j/framework/projects/defects4j.build.xml -Dd4j.home=D:/Lab_SQA/defects4j -Dd4j.dir.projects=D:/Lab_SQA/defects4j/framework/projects -Dbasedir=D:/Lab_SQA/Defects4J_Projects/Jsoup_75_b  compile 2>&1
Picked up JAVA_TOOL_OPTIONS: -Dfile.encoding=UTF-8
Buildfile: D:\Lab_SQA\defects4j\framework\projects\defects4j.build.xml

BUILD FAILED
D:\Lab_SQA\defects4j\framework\projects\defects4j.build.xml:83: The following error occurred while executing this line:
D:\Lab_SQA\defects4j\framework\projects\Jsoup\Jsoup.build.xml:38: Cannot find D:\Lab_SQA\Defects4J_Projects\Jsoup_75_b\build.xml imported from D:\Lab_SQA\defects4j\framework\projects\Jsoup\Jsoup.build.xml

Total time: 0 seconds
Cannot compile sources! at D:/Lab_SQA/defects4j/framework/bin/d4j/d4j-compile line 82.
Compilation failed in require at D:\Lab_SQA\defects4j\framework\bin\defects4j line 195.
"
Jsoup,76,CATG,default,1,0,False,unsupported,0,0,False,0,0,0,0,0,0,0.0,STATUS:harness_limitation:unsupported_type:Token t:process
Jsoup,77,CATG,default,1,0,False,error,0,0,False,0,0,0,0,0,0,0.0,"STATUS:ERROR:compile D:\Lab_SQA\Defects4J_Projects\Jsoup_77_b failed:

Running ant (compile)...................................................... FAIL
Executed command:  cd D:/Lab_SQA/Defects4J_Projects/Jsoup_77_b && D:/Lab_SQA/defects4j/major/bin/ant.cmd -f D:/Lab_SQA/defects4j/framework/projects/defects4j.build.xml -Dd4j.home=D:/Lab_SQA/defects4j -Dd4j.dir.projects=D:/Lab_SQA/defects4j/framework/projects -Dbasedir=D:/Lab_SQA/Defects4J_Projects/Jsoup_77_b  compile 2>&1
Picked up JAVA_TOOL_OPTIONS: -Dfile.encoding=UTF-8
Buildfile: D:\Lab_SQA\defects4j\framework\projects\defects4j.build.xml

BUILD FAILED
D:\Lab_SQA\defects4j\framework\projects\defects4j.build.xml:83: The following error occurred while executing this line:
D:\Lab_SQA\defects4j\framework\projects\Jsoup\Jsoup.build.xml:38: Cannot find D:\Lab_SQA\Defects4J_Projects\Jsoup_77_b\build.xml imported from D:\Lab_SQA\defects4j\framework\projects\Jsoup\Jsoup.build.xml

Total time: 0 seconds
Cannot compile sources! at D:/Lab_SQA/defects4j/framework/bin/d4j/d4j-compile line 82.
Compilation failed in require at D:\Lab_SQA\defects4j\framework\bin\defects4j line 195.
"
Jsoup,78,CATG,default,1,0,False,unsupported,0,0,False,0,0,0,0,0,0,0.0,STATUS:harness_limitation:unsupported_type:InputStream input:parseInputStream
Jsoup,79,CATG,default,1,0,False,unsupported,0,0,False,0,0,0,0,0,0,0.0,STATUS:harness_limitation:abstract_class:ensureChildNodes
Jsoup,80,CATG,default,1,0,False,unsupported,0,0,False,0,0,0,0,0,0,0.0,STATUS:harness_limitation:unsupported_type:Token.Comment commentToken:insert
Jsoup,81,CATG,default,1,0,False,unsupported,0,0,False,0,0,0,0,0,0,0.0,STATUS:harness_limitation:unsupported_type:InputStream input:parseInputStream
Jsoup,82,CATG,default,1,0,False,unsupported,0,0,False,0,0,0,0,0,0,0.0,STATUS:harness_limitation:unsupported_type:InputStream input:parseInputStream
Jsoup,83,CATG,default,1,1,True,completed,0,0,False,1393,3,0.22,533,1,0.19,2.17,modified=org.jsoup.parser.CharacterReader;org.jsoup.parser.TokeniserState;target=org.jsoup.parser.CharacterReader::consumeTagName;params=;catg_cases=1
Jsoup,84,CATG,default,1,0,False,unsupported,0,0,False,0,0,0,0,0,0,0.0,STATUS:harness_limitation:unsupported_type:org.jsoup.nodes.Node source:head
Jsoup,85,CATG,default,1,0,False,unsupported,0,0,False,0,0,0,0,0,0,0.0,STATUS:target_discovery:no_source_method
Jsoup,86,CATG,default,1,1,True,completed,0,0,False,27,5,18.52,10,0,0.0,1.72,modified=org.jsoup.nodes.Comment;target=org.jsoup.nodes.Comment::asXmlDeclaration;params=;catg_cases=1
Jsoup,87,CATG,default,1,1,True,completed,0,0,False,2005,10,0.5,1259,1,0.08,1.8,modified=org.jsoup.nodes.Element;org.jsoup.parser.HtmlTreeBuilder;org.jsoup.parser.HtmlTreeBuilderState;org.jsoup.parser.Tag;target=org.jsoup.parser.HtmlTreeBuilder::generateImpliedEndTags;params=java.lang.String;catg_cases=1
Jsoup,88,CATG,default,1,1,True,completed,1,0,True,66,2,3.03,50,0,0.0,1.75,modified=org.jsoup.nodes.Attribute;target=org.jsoup.nodes.Attribute::getValue;params=;catg_cases=1
Jsoup,89,CATG,default,1,1,True,completed,1,0,True,66,2,3.03,50,0,0.0,1.63,modified=org.jsoup.nodes.Attribute;target=org.jsoup.nodes.Attribute::setValue;params=java.lang.String;catg_cases=1
Jsoup,90,CATG,default,1,0,False,unsupported,0,0,False,0,0,0,0,0,0,0.0,STATUS:harness_limitation:unsupported_type:byte[] input:looksLikeUtf8
Jsoup,91,CATG,default,1,1,True,completed,0,0,False,249,1,0.4,190,0,0.0,1.69,modified=org.jsoup.UncheckedIOException;org.jsoup.parser.CharacterReader;target=org.jsoup.UncheckedIOException::ioException;params=;catg_cases=1
Jsoup,92,CATG,default,1,1,True,completed,0,0,False,797,5,0.63,363,0,0.0,1.91,"modified=org.jsoup.nodes.Attributes;org.jsoup.parser.HtmlTreeBuilder;org.jsoup.parser.ParseSettings;org.jsoup.parser.Token;org.jsoup.parser.XmlTreeBuilder;target=org.jsoup.nodes.Attributes$Dataset::put;params=java.lang.String,java.lang.String;catg_cases=1"
Jsoup,93,CATG,default,1,1,True,completed,0,0,False,41,2,4.88,28,0,0.0,1.28,modified=org.jsoup.nodes.FormElement;target=org.jsoup.nodes.FormElement::formData;params=;catg_cases=1
JxPath,1,CATG,default,1,0,False,unsupported,0,0,False,0,0,0,0,0,0,0.0,STATUS:harness_limitation:unsupported_type:Node node:testNode
JxPath,2,CATG,default,1,0,False,unsupported,0,0,False,0,0,0,0,0,0,0.0,STATUS:harness_limitation:unsupported_type:EvalContext context:iteratePointers
JxPath,3,CATG,default,1,0,False,unsupported,0,0,False,0,0,0,0,0,0,0.0,STATUS:harness_limitation:unsupported_type:JXPathContext context:createPath
JxPath,4,CATG,default,1,1,True,completed,0,0,False,750,6,0.8,546,5,0.92,1.59,modified=org.apache.commons.jxpath.ri.model.dom.DOMNodePointer;org.apache.commons.jxpath.ri.model.jdom.JDOMNodePointer;target=org.apache.commons.jxpath.ri.model.jdom.JDOMNodePointer::getValue;params=;catg_cases=1
JxPath,5,CATG,default,1,0,False,unsupported,0,0,False,0,0,0,0,0,0,0.0,STATUS:harness_limitation:unsupported_type:NodePointer p1:compareNodePointers
JxPath,6,CATG,default,1,0,False,unsupported,0,0,False,0,0,0,0,0,0,0.0,STATUS:harness_limitation:unsupported_type:EvalContext context:equal
JxPath,7,CATG,default,1,0,False,unsupported,0,0,False,0,0,0,0,0,0,0.0,STATUS:harness_limitation:unsupported_type:org.apache.commons.jxpath.ri.EvalContext context:computeValue
JxPath,8,CATG,default,1,0,False,unsupported,0,0,False,0,0,0,0,0,0,0.0,STATUS:harness_limitation:unsupported_type:Object o:reduce
JxPath,9,CATG,default,1,1,True,completed,0,0,False,63,1,1.59,66,0,0.0,1.97,modified=org.apache.commons.jxpath.ri.compiler.CoreOperationCompare;org.apache.commons.jxpath.ri.compiler.CoreOperationEqual;org.apache.commons.jxpath.ri.compiler.CoreOperationNotEqual;target=org.apache.commons.jxpath.ri.compiler.CoreOperationNotEqual::getSymbol;params=;catg_cases=1
JxPath,10,CATG,default,1,0,False,unsupported,0,0,False,0,0,0,0,0,0,0.0,STATUS:harness_limitation:unsupported_type:EvalContext context:computeValue
JxPath,11,CATG,default,1,0,False,unsupported,0,0,False,0,0,0,0,0,0,0.0,STATUS:harness_limitation:unsupported_type:Element element:getAttribute
JxPath,12,CATG,default,1,0,False,unsupported,0,0,False,0,0,0,0,0,0,0.0,STATUS:harness_limitation:unsupported_type:Node node:testNode
JxPath,13,CATG,default,1,1,True,completed,1,0,True,414,9,2.17,303,1,0.33,1.87,modified=org.apache.commons.jxpath.ri.NamespaceResolver;org.apache.commons.jxpath.ri.model.dom.DOMNodePointer;target=org.apache.commons.jxpath.ri.NamespaceResolver::getPrefix;params=java.lang.String;catg_cases=1
JxPath,14,CATG,default,1,0,False,unsupported,0,0,False,0,0,0,0,0,0,0.0,STATUS:harness_limitation:unsupported_type:EvalContext context:functionFormatNumber
JxPath,15,CATG,default,1,1,True,completed,0,0,False,18,5,27.78,12,1,8.33,2.34,modified=org.apache.commons.jxpath.ri.axes.UnionContext;target=org.apache.commons.jxpath.ri.axes.UnionContext::setPosition;params=int;catg_cases=1
JxPath,16,CATG,default,1,0,False,unsupported,0,0,False,0,0,0,0,0,0,0.0,STATUS:harness_limitation:unsupported_type:Node node:testNode
JxPath,17,CATG,default,1,0,False,unsupported,0,0,False,0,0,0,0,0,0,2.37,STATUS:catg_runtime_interpreter:ClassCastException
JxPath,18,CATG,default,1,0,False,unsupported,0,0,False,0,0,0,0,0,0,2.09,STATUS:catg_runtime_interpreter:ClassCastException
JxPath,19,CATG,default,1,0,False,error,0,0,False,0,0,0,0,0,0,2.03,"STATUS:ERROR:CATG failed with exit 1:
Now testing catg.generated.CatgHarness_18ccea8eec

========== Input 1 ==========
WARNING: 
java.lang.LinkageError: loader (instance of  sun/misc/Launcher$AppClassLoader): attempted  duplicate class definition for name: ""org/apache/commons/jxpath/ri/model/dom/DOMNodePointer""
	at java.lang.ClassLoader.defineClass1(Native Method)
	at java.lang.ClassLoader.defineClass(ClassLoader.java:756)
	at java.security.SecureClassLoader.defineClass(SecureClassLoader.java:142)
	at java.net.URLClassLoader.defineClass(URLClassLoader.java:473)
	at java.net.URLClassLoader.access$100(URLClassLoader.java:74)
	at java.net.URLClassLoader$1.run(URLClassLoader.java:369)
	at java.net.URLClassLoader$1.run(URLClassLoader.java:363)
	at java.security.AccessController.doPrivileged(Native Method)
	at java.net.URLClassLoader.findClass(URLClassLoader.java:362)
	at java.lang.ClassLoader.loadClass(ClassLoader.java:418)
	at sun.misc.Launcher$AppClassLoader.loadClass(Launcher.java:352)
	at java.lang.ClassLoader.loadClass(ClassLoader.java:351)
	at java.lang.Class.forName0(Native Method)
	at java.lang.Class.forName(Class.java:264)
	at catg.generated.CatgHarness_18ccea8eec.main(CatgHarness_18ccea8eec.java:12)
Java exited with status 1"
JxPath,20,CATG,default,1,0,False,unsupported,0,0,False,0,0,0,0,0,0,0.0,STATUS:harness_limitation:unsupported_type:Object left:compute
JxPath,21,CATG,default,1,0,False,unsupported,0,0,False,0,0,0,0,0,0,0.0,STATUS:harness_limitation:abstract_class:getLength
JxPath,22,CATG,default,1,0,False,error,0,0,False,0,0,0,0,0,0,2.34,"STATUS:ERROR:CATG failed with exit 1:
Now testing catg.generated.CatgHarness_8c8bb88644

========== Input 1 ==========
WARNING: 
java.lang.LinkageError: loader (instance of  sun/misc/Launcher$AppClassLoader): attempted  duplicate class definition for name: ""org/apache/commons/jxpath/ri/model/dom/DOMNodePointer""
	at java.lang.ClassLoader.defineClass1(Native Method)
	at java.lang.ClassLoader.defineClass(ClassLoader.java:756)
	at java.security.SecureClassLoader.defineClass(SecureClassLoader.java:142)
	at java.net.URLClassLoader.defineClass(URLClassLoader.java:473)
	at java.net.URLClassLoader.access$100(URLClassLoader.java:74)
	at java.net.URLClassLoader$1.run(URLClassLoader.java:369)
	at java.net.URLClassLoader$1.run(URLClassLoader.java:363)
	at java.security.AccessController.doPrivileged(Native Method)
	at java.net.URLClassLoader.findClass(URLClassLoader.java:362)
	at java.lang.ClassLoader.loadClass(ClassLoader.java:418)
	at sun.misc.Launcher$AppClassLoader.loadClass(Launcher.java:352)
	at java.lang.ClassLoader.loadClass(ClassLoader.java:351)
	at java.lang.Class.forName0(Native Method)
	at java.lang.Class.forName(Class.java:264)
	at catg.generated.CatgHarness_8c8bb88644.main(CatgHarness_8c8bb88644.java:12)
Java exited with status 1"
Lang,1,CATG,default,1,5,True,completed,0,0,False,375,33,8.8,338,9,2.66,12.74,modified=org.apache.commons.lang3.math.NumberUtils;target=org.apache.commons.lang3.math.NumberUtils::createNumber;params=java.lang.String;catg_cases=5
Lang,3,CATG,default,1,5,True,completed,0,0,False,373,33,8.85,334,9,2.69,9.4,modified=org.apache.commons.lang3.math.NumberUtils;target=org.apache.commons.lang3.math.NumberUtils::createNumber;params=java.lang.String;catg_cases=5
Lang,4,CATG,default,1,0,False,unsupported,0,0,False,0,0,0,0,0,0,0.0,STATUS:harness_limitation:unsupported_type:final CharSequence input:translate
Lang,5,CATG,default,1,5,True,completed,0,0,False,82,9,10.98,56,3,5.36,3.12,modified=org.apache.commons.lang3.LocaleUtils;target=org.apache.commons.lang3.LocaleUtils::toLocale;params=java.lang.String;catg_cases=5
Lang,6,CATG,default,1,0,False,unsupported,0,0,False,0,0,0,0,0,0,0.0,STATUS:harness_limitation:unsupported_type:CharSequence input:translate
Lang,7,CATG,default,1,5,True,completed,0,0,False,380,21,5.53,366,2,0.55,3.14,modified=org.apache.commons.lang3.math.NumberUtils;target=org.apache.commons.lang3.math.NumberUtils::createBigDecimal;params=java.lang.String;catg_cases=5
Lang,8,CATG,default,1,0,False,unsupported,0,0,False,0,0,0,0,0,0,0.0,STATUS:target_discovery:no_source_method
Lang,9,CATG,default,1,1,True,completed,0,0,False,273,35,12.82,123,0,0.0,1.91,modified=org.apache.commons.lang3.time.FastDateParser;target=org.apache.commons.lang3.time.FastDateParser::init;params=;catg_cases=1
Lang,10,CATG,default,1,0,False,unsupported,0,0,False,0,0,0,0,0,0,0.0,STATUS:harness_limitation:unsupported_type:StringBuilder regex:escapeRegex
Lang,11,CATG,default,1,0,False,unsupported,0,0,False,0,0,0,0,0,0,0.0,STATUS:harness_limitation:unsupported_type:char[] chars:random
Lang,12,CATG,default,1,0,False,unsupported,0,0,False,0,0,0,0,0,0,0.0,STATUS:harness_limitation:unsupported_type:char[] chars:random
Lang,13,CATG,default,1,0,False,unsupported,0,0,False,0,0,0,0,0,0,0.0,STATUS:target_discovery:no_source_method
Lang,14,CATG,default,1,0,False,unsupported,0,0,False,0,0,0,0,0,0,0.0,STATUS:harness_limitation:unsupported_type:CharSequence cs1:equals
Lang,15,CATG,default,1,0,False,unsupported,0,0,False,0,0,0,0,0,0,0.0,STATUS:harness_limitation:unsupported_type:Type type:isAssignable
Lang,16,CATG,default,1,5,True,completed,0,0,False,375,27,7.2,358,9,2.51,3.95,modified=org.apache.commons.lang3.math.NumberUtils;target=org.apache.commons.lang3.math.NumberUtils::createNumber;params=java.lang.String;catg_cases=5
Lang,17,CATG,default,1,0,False,unsupported,0,0,False,0,0,0,0,0,0,0.0,STATUS:harness_limitation:unsupported_type:CharSequence input:translate
Lang,19,CATG,default,1,0,False,unsupported,0,0,False,0,0,0,0,0,0,0.0,STATUS:harness_limitation:unsupported_type:CharSequence input:translate
Lang,20,CATG,default,1,0,False,unsupported,0,0,False,0,0,0,0,0,0,0.0,STATUS:harness_limitation:unsupported_type:Object[] array:join
Lang,21,CATG,default,1,0,False,unsupported,0,0,False,0,0,0,0,0,0,0.0,STATUS:harness_limitation:unsupported_type:Calendar cal1:isSameLocalTime
Lang,22,CATG,default,1,0,False,unsupported,0,0,False,0,0,0,0,0,0,1.51,STATUS:catg_runtime_interpreter:ClassCastException
Lang,23,CATG,default,1,1,True,completed,0,0,False,167,2,1.2,99,1,1.01,1.86,modified=org.apache.commons.lang3.text.ExtendedMessageFormat;target=org.apache.commons.lang3.text.ExtendedMessageFormat::getFormat;params=java.lang.String;catg_cases=1
Lang,24,CATG,default,1,0,False,unsupported,0,0,False,0,0,0,0,0,0,1.4,STATUS:catg_runtime_interpreter:ClassCastException
Lang,26,CATG,default,1,0,False,unsupported,0,0,False,0,0,0,0,0,0,0.0,STATUS:harness_limitation:unsupported_type:Date date:format
Lang,27,CATG,default,1,5,True,completed,0,0,False,374,27,7.22,352,9,2.56,3.52,modified=org.apache.commons.lang3.math.NumberUtils;target=org.apache.commons.lang3.math.NumberUtils::createNumber;params=java.lang.String;catg_cases=5
Lang,28,CATG,default,1,0,False,unsupported,0,0,False,0,0,0,0,0,0,0.0,STATUS:harness_limitation:unsupported_type:CharSequence input:translate
Lang,29,CATG,default,1,0,False,unsupported,0,0,False,0,0,0,0,0,0,1.57,STATUS:catg_runtime_interpreter:ClassCastException
Lang,30,CATG,default,1,0,False,unsupported,0,0,False,0,0,0,0,0,0,1.33,STATUS:catg_runtime_interpreter:ClassCastException
Lang,31,CATG,default,1,0,False,unsupported,0,0,False,0,0,0,0,0,0,0.0,STATUS:harness_limitation:unsupported_type:CharSequence cs:containsAny
Lang,32,CATG,default,1,0,False,error,0,0,False,0,0,0,0,0,0,1.48,"STATUS:ERROR:CATG failed with exit 1:
Now testing catg.generated.CatgHarness_95da571cf7

========== Input 1 ==========
WARNING: 
java.lang.NoSuchMethodException: org.apache.commons.lang3.builder.HashCodeBuilder.initialValue()
	at java.lang.Class.getDeclaredMethod(Class.java:2130)
	at catg.generated.CatgHarness_95da571cf7.main(CatgHarness_95da571cf7.java:14)
Java exited with status 1"
Lang,33,CATG,default,1,0,False,unsupported,0,0,False,0,0,0,0,0,0,0.0,STATUS:harness_limitation:unsupported_type:Object[] array:toClass
Lang,34,CATG,default,1,0,False,unsupported,0,0,False,0,0,0,0,0,0,1.51,STATUS:catg_runtime_interpreter:ArrayIndexOutOfBoundsException
Lang,35,CATG,default,1,0,False,unsupported,0,0,False,0,0,0,0,0,0,0.0,STATUS:harness_limitation:unsupported_type:T[] array:add
Lang,36,CATG,default,1,0,False,unsupported,0,0,False,0,0,0,0,0,0,1.82,STATUS:catg_runtime_interpreter:ClassCastException
Lang,37,CATG,default,1,0,False,unsupported,0,0,False,0,0,0,0,0,0,0.0,STATUS:harness_limitation:unsupported_type:T[] array1:addAll
Lang,38,CATG,default,1,0,False,unsupported,0,0,False,0,0,0,0,0,0,0.0,STATUS:harness_limitation:unsupported_type:Calendar calendar:format
Lang,39,CATG,default,1,0,False,unsupported,0,0,False,0,0,0,0,0,0,0.0,STATUS:harness_limitation:unsupported_type:String[] searchList:replaceEach
Lang,40,CATG,default,1,0,False,unsupported,0,0,False,0,0,0,0,0,0,1.4,STATUS:catg_runtime_interpreter:ClassCastException
Lang,41,CATG,default,1,0,False,error,0,0,False,0,0,0,0,0,0,2.12,"STATUS:ERROR:CATG failed with exit 4:
Now testing catg.generated.CatgHarness_5e6c551181

========== Input 1 ==========
--- Generated input ---

--- History generated ---

========== Input 2 ==========
--- Generated input ---
0
--- History generated ---

========== Input 3 ==========
WARNING: 
WARNING: !!!!!!!!!!!!!!!!! Prediction failed (checkAndSetBranch) !!!!!!!!!!!!!!!!! index 1 history.size() 24
WARNING: At old iid 37967 at iid 300111 constraint null
WARNING: !!!!!!!!!!!!!!!!! Prediction failed (checkAndSetBranch) !!!!!!!!!!!!!!!!! index 1 history.size() 24
WARNING: At old iid 37967 at iid 300111 constraint null
ERROR: CATG produced no input file"
Lang,42,CATG,default,1,0,False,unsupported,0,0,False,0,0,0,0,0,0,0.0,STATUS:harness_limitation:unsupported_type:Writer writer:escape
Lang,43,CATG,default,1,0,False,unsupported,0,0,False,0,0,0,0,0,0,0.0,STATUS:harness_limitation:unsupported_type:ParsePosition pos:appendQuotedString
Lang,44,CATG,default,1,5,True,completed,0,0,False,190,8,4.21,216,8,3.7,3.92,modified=org.apache.commons.lang.NumberUtils;target=org.apache.commons.lang.NumberUtils::createNumber;params=java.lang.String;catg_cases=5
Lang,45,CATG,default,1,0,False,unsupported,0,0,False,0,0,0,0,0,0,1.79,STATUS:catg_runtime_interpreter:ClassCastException
Lang,46,CATG,default,1,0,False,unsupported,0,0,False,0,0,0,0,0,0,1.42,STATUS:catg_runtime_interpreter:ClassCastException
Lang,47,CATG,default,1,0,False,unsupported,0,0,False,0,0,0,0,0,0,0.0,STATUS:harness_limitation:unsupported_type:Object obj:appendFixedWidthPadRight
Lang,49,CATG,default,1,1,True,completed,1,0,True,276,32,11.59,184,3,1.63,1.47,modified=org.apache.commons.lang.math.Fraction;target=org.apache.commons.lang.math.Fraction::reduce;params=;catg_cases=1
Lang,50,CATG,default,1,0,False,unsupported,0,0,False,0,0,0,0,0,0,0.0,STATUS:harness_limitation:unsupported_type:TimeZone timeZone:getDateTimeInstance
Lang,51,CATG,default,1,0,False,unsupported,0,0,False,0,0,0,0,0,0,1.24,STATUS:catg_runtime_interpreter:ClassCastException
Lang,52,CATG,default,1,0,False,unsupported,0,0,False,0,0,0,0,0,0,0.0,STATUS:harness_limitation:unsupported_type:Writer out:escapeJavaStyleString
Lang,53,CATG,default,1,0,False,unsupported,0,0,False,0,0,0,0,0,0,0.0,STATUS:harness_limitation:unsupported_type:Calendar val:modify
Lang,54,CATG,default,1,5,True,completed,0,0,False,79,12,15.19,64,7,10.94,3.31,modified=org.apache.commons.lang.LocaleUtils;target=org.apache.commons.lang.LocaleUtils::toLocale;params=java.lang.String;catg_cases=5
Lang,55,CATG,default,1,1,True,completed,1,1,False,57,8,14.04,26,2,7.69,1.72,modified=org.apache.commons.lang.time.StopWatch;target=org.apache.commons.lang.time.StopWatch::stop;params=;catg_cases=1
Lang,56,CATG,default,1,0,False,unsupported,0,0,False,0,0,0,0,0,0,0.0,STATUS:target_discovery:no_source_method
Lang,57,CATG,default,1,0,False,unsupported,0,0,False,0,0,0,0,0,0,0.0,STATUS:harness_limitation:unsupported_type:Locale locale:isAvailableLocale
Lang,58,CATG,default,1,5,True,completed,0,0,False,435,27,6.21,420,9,2.14,3.87,modified=org.apache.commons.lang.math.NumberUtils;target=org.apache.commons.lang.math.NumberUtils::createNumber;params=java.lang.String;catg_cases=5
Lang,59,CATG,default,1,0,False,unsupported,0,0,False,0,0,0,0,0,0,0.0,STATUS:harness_limitation:unsupported_type:Object obj:appendFixedWidthPadRight
Lang,60,CATG,default,1,0,False,unsupported,0,0,False,0,0,0,0,0,0,1.85,STATUS:catg_runtime_interpreter:ClassCastException
Lang,61,CATG,default,1,0,False,unsupported,0,0,False,0,0,0,0,0,0,1.46,STATUS:catg_runtime_interpreter:ClassCastException
Lang,62,CATG,default,1,0,False,unsupported,0,0,False,0,0,0,0,0,0,1.44,STATUS:catg_runtime_interpreter:ClassCastException
Lang,63,CATG,default,1,0,False,unsupported,0,0,False,0,0,0,0,0,0,0.0,STATUS:harness_limitation:unsupported_type:Calendar start:reduceAndCorrect
Lang,64,CATG,default,1,0,False,unsupported,0,0,False,0,0,0,0,0,0,0.0,STATUS:harness_limitation:abstract_class:toString
Lang,65,CATG,default,1,0,False,unsupported,0,0,False,0,0,0,0,0,0,0.0,STATUS:harness_limitation:unsupported_type:Calendar val:modify
Math,1,CATG,default,1,0,False,unsupported,0,0,False,0,0,0,0,0,0,0.0,STATUS:target_discovery:no_source_method
Math,2,CATG,default,1,0,False,unsupported,0,0,False,0,0,0,0,0,0,1.96,STATUS:catg_runtime_interpreter:ClassCastException
Math,3,CATG,default,1,0,False,unsupported,0,0,False,0,0,0,0,0,0,0.0,STATUS:harness_limitation:unsupported_type:final double[] a:linearCombination
Math,4,CATG,default,1,0,False,unsupported,0,0,False,0,0,0,0,0,0,0.0,STATUS:harness_limitation:unsupported_type:final SubLine subLine:intersection
Math,5,CATG,default,1,1,True,completed,1,0,True,226,16,7.08,170,11,6.47,1.93,modified=org.apache.commons.math3.complex.Complex;target=org.apache.commons.math3.complex.Complex::reciprocal;params=;catg_cases=1
Math,6,CATG,default,1,1,True,completed,0,0,False,1201,5,0.42,587,0,0.0,1.99,modified=org.apache.commons.math3.optim.BaseOptimizer;org.apache.commons.math3.optim.nonlinear.scalar.gradient.NonLinearConjugateGradientOptimizer;org.apache.commons.math3.optim.nonlinear.scalar.noderiv.CMAESOptimizer;org.apache.commons.math3.optim.nonlinear.scalar.noderiv.PowellOptimizer;org.apache.commons.math3.optim.nonlinear.scalar.noderiv.SimplexOptimizer;org.apache.commons.math3.optim.nonlinear.vector.jacobian.GaussNewtonOptimizer;org.apache.commons.math3.optim.nonlinear.vector.jacobian.LevenbergMarquardtOptimizer;target=org.apache.commons.math3.optim.nonlinear.scalar.gradient.NonLinearConjugateGradientOptimizer::doOptimize;params=;catg_cases=1
Math,7,CATG,default,1,0,False,unsupported,0,0,False,0,0,0,0,0,0,0.0,STATUS:harness_limitation:unsupported_type:final AbstractStepInterpolator interpolator:acceptStep
Math,8,CATG,default,1,0,False,unsupported,0,0,False,0,0,0,0,0,0,2.73,STATUS:catg_runtime_interpreter:ClassCastException
Math,9,CATG,default,1,1,True,completed,0,0,False,46,1,2.17,16,0,0.0,2.73,modified=org.apache.commons.math3.geometry.euclidean.threed.Line;target=org.apache.commons.math3.geometry.euclidean.threed.Line::revert;params=;catg_cases=1
Math,10,CATG,default,1,0,False,unsupported,0,0,False,0,0,0,0,0,0,0.0,STATUS:harness_limitation:unsupported_type:final double[] y:atan2
Math,11,CATG,default,1,0,False,unsupported,0,0,False,0,0,0,0,0,0,0.0,STATUS:harness_limitation:unsupported_type:final double[] vals:density
Math,12,CATG,default,1,0,False,unsupported,0,0,False,0,0,0,0,0,0,0.0,STATUS:target_discovery:no_source_method
Math,13,CATG,default,1,0,False,unsupported,0,0,False,0,0,0,0,0,0,0.0,STATUS:harness_limitation:unsupported_type:RealMatrix m:squareRoot
Math,14,CATG,default,1,0,False,unsupported,0,0,False,0,0,0,0,0,0,0.0,STATUS:harness_limitation:unsupported_type:RealMatrix m:squareRoot
Math,15,CATG,default,1,0,False,unsupported,0,0,False,0,0,0,0,0,0,0.0,STATUS:harness_limitation:unsupported_type:double x:pow
Math,16,CATG,default,1,0,False,unsupported,0,0,False,0,0,0,0,0,0,0.0,STATUS:harness_limitation:unsupported_type:double x:sinh
Math,17,CATG,default,1,0,False,error,0,0,False,0,0,0,0,0,0,0.0,"STATUS:ERROR:compile D:\Lab_SQA\Defects4J_Projects\Math_17_b failed:

Running ant (compile)...................................................... FAIL
Executed command:  cd D:/Lab_SQA/Defects4J_Projects/Math_17_b && D:/Lab_SQA/defects4j/major/bin/ant.cmd -f D:/Lab_SQA/defects4j/framework/projects/defects4j.build.xml -Dd4j.home=D:/Lab_SQA/defects4j -Dd4j.dir.projects=D:/Lab_SQA/defects4j/framework/projects -Dbasedir=D:/Lab_SQA/Defects4J_Projects/Math_17_b  compile 2>&1
Picked up JAVA_TOOL_OPTIONS: -Dfile.encoding=UTF-8
Buildfile: D:\Lab_SQA\defects4j\framework\projects\defects4j.build.xml

init:
     [echo] -------- Commons MATH 3.0-SNAPSHOT --------

compile:
    [javac] Compiling 668 source files to D:\Lab_SQA\Defects4J_Projects\Math_17_b\target\classes
    [javac] warning: [options] bootstrap class path not set in conjunction with -source 1.6
    [javac] D:\Lab_SQA\Defects4J_Projects\Math_17_b\src\main\java\org\apache\commons\math3\stat\correlation\StorelessBivariateCovariance.java:26: error: unmappable character for encoding UTF8
    [javac]  * <p>This class is based on a paper written by Philippe P�bay:
    [javac]                                                           ^
    [javac] D:\Lab_SQA\Defects4J_Projects\Math_17_b\src\main\java\org\apache\commons\math3\stat\correlation\StorelessCovariance.java:31: error: unmappable character for encoding UTF8
    [javac]  * <p>This class is based on a paper written by Philippe P�bay:
    [javac]                                                           ^
    [javac] 2 errors
    [javac] 1 warning

BUILD FAILED
D:\Lab_SQA\Defects4J_Projects\Math_17_b\build.xml:165: Compile failed; see the compiler error output for details.

Total time: 2 seconds
Cannot compile sources! at D:/Lab_SQA/defects4j/framework/bin/d4j/d4j-compile line 82.
Compilation failed in require at D:\Lab_SQA\defects4j\framework\bin\defects4j line 195.
"
Math,18,CATG,default,1,0,False,error,0,0,False,0,0,0,0,0,0,0.0,"STATUS:ERROR:compile D:\Lab_SQA\Defects4J_Projects\Math_18_b failed:

Running ant (compile)...................................................... FAIL
Executed command:  cd D:/Lab_SQA/Defects4J_Projects/Math_18_b && D:/Lab_SQA/defects4j/major/bin/ant.cmd -f D:/Lab_SQA/defects4j/framework/projects/defects4j.build.xml -Dd4j.home=D:/Lab_SQA/defects4j -Dd4j.dir.projects=D:/Lab_SQA/defects4j/framework/projects -Dbasedir=D:/Lab_SQA/Defects4J_Projects/Math_18_b  compile 2>&1
Picked up JAVA_TOOL_OPTIONS: -Dfile.encoding=UTF-8
Buildfile: D:\Lab_SQA\defects4j\framework\projects\defects4j.build.xml

init:
     [echo] -------- Commons MATH 3.0-SNAPSHOT --------

compile:
    [javac] Compiling 664 source files to D:\Lab_SQA\Defects4J_Projects\Math_18_b\target\classes
    [javac] warning: [options] bootstrap class path not set in conjunction with -source 1.6
    [javac] D:\Lab_SQA\Defects4J_Projects\Math_18_b\src\main\java\org\apache\commons\math3\stat\correlation\StorelessBivariateCovariance.java:26: error: unmappable character for encoding UTF8
    [javac]  * <p>This class is based on a paper written by Philippe P�bay:
    [javac]                                                           ^
    [javac] D:\Lab_SQA\Defects4J_Projects\Math_18_b\src\main\java\org\apache\commons\math3\stat\correlation\StorelessCovariance.java:31: error: unmappable character for encoding UTF8
    [javac]  * <p>This class is based on a paper written by Philippe P�bay:
    [javac]                                                           ^
    [javac] 2 errors
    [javac] 1 warning

BUILD FAILED
D:\Lab_SQA\Defects4J_Projects\Math_18_b\build.xml:165: Compile failed; see the compiler error output for details.

Total time: 2 seconds
Cannot compile sources! at D:/Lab_SQA/defects4j/framework/bin/d4j/d4j-compile line 82.
Compilation failed in require at D:\Lab_SQA\defects4j\framework\bin\defects4j line 195.
"
Math,19,CATG,default,1,0,False,error,0,0,False,0,0,0,0,0,0,0.0,"STATUS:ERROR:compile D:\Lab_SQA\Defects4J_Projects\Math_19_b failed:

Running ant (compile)...................................................... FAIL
Executed command:  cd D:/Lab_SQA/Defects4J_Projects/Math_19_b && D:/Lab_SQA/defects4j/major/bin/ant.cmd -f D:/Lab_SQA/defects4j/framework/projects/defects4j.build.xml -Dd4j.home=D:/Lab_SQA/defects4j -Dd4j.dir.projects=D:/Lab_SQA/defects4j/framework/projects -Dbasedir=D:/Lab_SQA/Defects4J_Projects/Math_19_b  compile 2>&1
Picked up JAVA_TOOL_OPTIONS: -Dfile.encoding=UTF-8
Buildfile: D:\Lab_SQA\defects4j\framework\projects\defects4j.build.xml

init:
     [echo] -------- Commons MATH 3.0-SNAPSHOT --------

compile:
    [javac] Compiling 663 source files to D:\Lab_SQA\Defects4J_Projects\Math_19_b\target\classes
    [javac] warning: [options] bootstrap class path not set in conjunction with -source 1.6
    [javac] D:\Lab_SQA\Defects4J_Projects\Math_19_b\src\main\java\org\apache\commons\math3\stat\correlation\StorelessBivariateCovariance.java:26: error: unmappable character for encoding UTF8
    [javac]  * <p>This class is based on a paper written by Philippe P�bay:
    [javac]                                                           ^
    [javac] D:\Lab_SQA\Defects4J_Projects\Math_19_b\src\main\java\org\apache\commons\math3\stat\correlation\StorelessCovariance.java:31: error: unmappable character for encoding UTF8
    [javac]  * <p>This class is based on a paper written by Philippe P�bay:
    [javac]                                                           ^
    [javac] 2 errors
    [javac] 1 warning

BUILD FAILED
D:\Lab_SQA\Defects4J_Projects\Math_19_b\build.xml:165: Compile failed; see the compiler error output for details.

Total time: 2 seconds
Cannot compile sources! at D:/Lab_SQA/defects4j/framework/bin/d4j/d4j-compile line 82.
Compilation failed in require at D:\Lab_SQA\defects4j\framework\bin\defects4j line 195.
"
Math,20,CATG,default,1,0,False,error,0,0,False,0,0,0,0,0,0,0.0,"STATUS:ERROR:compile D:\Lab_SQA\Defects4J_Projects\Math_20_b failed:

Running ant (compile)...................................................... FAIL
Executed command:  cd D:/Lab_SQA/Defects4J_Projects/Math_20_b && D:/Lab_SQA/defects4j/major/bin/ant.cmd -f D:/Lab_SQA/defects4j/framework/projects/defects4j.build.xml -Dd4j.home=D:/Lab_SQA/defects4j -Dd4j.dir.projects=D:/Lab_SQA/defects4j/framework/projects -Dbasedir=D:/Lab_SQA/Defects4J_Projects/Math_20_b  compile 2>&1
Picked up JAVA_TOOL_OPTIONS: -Dfile.encoding=UTF-8
Buildfile: D:\Lab_SQA\defects4j\framework\projects\defects4j.build.xml

init:
     [echo] -------- Commons MATH 3.0-SNAPSHOT --------

compile:
    [javac] Compiling 663 source files to D:\Lab_SQA\Defects4J_Projects\Math_20_b\target\classes
    [javac] warning: [options] bootstrap class path not set in conjunction with -source 1.6
    [javac] D:\Lab_SQA\Defects4J_Projects\Math_20_b\src\main\java\org\apache\commons\math3\stat\correlation\StorelessBivariateCovariance.java:26: error: unmappable character for encoding UTF8
    [javac]  * <p>This class is based on a paper written by Philippe P�bay:
    [javac]                                                           ^
    [javac] D:\Lab_SQA\Defects4J_Projects\Math_20_b\src\main\java\org\apache\commons\math3\stat\correlation\StorelessCovariance.java:31: error: unmappable character for encoding UTF8
    [javac]  * <p>This class is based on a paper written by Philippe P�bay:
    [javac]                                                           ^
    [javac] 2 errors
    [javac] 1 warning

BUILD FAILED
D:\Lab_SQA\Defects4J_Projects\Math_20_b\build.xml:165: Compile failed; see the compiler error output for details.

Total time: 2 seconds
Cannot compile sources! at D:/Lab_SQA/defects4j/framework/bin/d4j/d4j-compile line 82.
Compilation failed in require at D:\Lab_SQA\defects4j\framework\bin\defects4j line 195.
"
Math,21,CATG,default,1,0,False,error,0,0,False,0,0,0,0,0,0,0.0,"STATUS:ERROR:compile D:\Lab_SQA\Defects4J_Projects\Math_21_b failed:

Running ant (compile)...................................................... FAIL
Executed command:  cd D:/Lab_SQA/Defects4J_Projects/Math_21_b && D:/Lab_SQA/defects4j/major/bin/ant.cmd -f D:/Lab_SQA/defects4j/framework/projects/defects4j.build.xml -Dd4j.home=D:/Lab_SQA/defects4j -Dd4j.dir.projects=D:/Lab_SQA/defects4j/framework/projects -Dbasedir=D:/Lab_SQA/Defects4J_Projects/Math_21_b  compile 2>&1
Picked up JAVA_TOOL_OPTIONS: -Dfile.encoding=UTF-8
Buildfile: D:\Lab_SQA\defects4j\framework\projects\defects4j.build.xml

init:
     [echo] -------- Commons MATH 3.0-SNAPSHOT --------
    [mkdir] Created dir: D:\Lab_SQA\Defects4J_Projects\Math_21_b\target
    [mkdir] Created dir: D:\Lab_SQA\Defects4J_Projects\Math_21_b\target\classes
    [mkdir] Created dir: D:\Lab_SQA\Defects4J_Projects\Math_21_b\target\test-classes
     [copy] Copying 1 file to D:\Lab_SQA\Defects4J_Projects\Math_21_b\target\classes

compile:
    [javac] Compiling 654 source files to D:\Lab_SQA\Defects4J_Projects\Math_21_b\target\classes
    [javac] warning: [options] bootstrap class path not set in conjunction with -source 1.6
    [javac] D:\Lab_SQA\Defects4J_Projects\Math_21_b\src\main\java\org\apache\commons\math3\stat\correlation\StorelessBivariateCovariance.java:26: error: unmappable character for encoding UTF8
    [javac]  * <p>This class is based on a paper written by Philippe P�bay:
    [javac]                                                           ^
    [javac] D:\Lab_SQA\Defects4J_Projects\Math_21_b\src\main\java\org\apache\commons\math3\stat\correlation\StorelessCovariance.java:31: error: unmappable character for encoding UTF8
    [javac]  * <p>This class is based on a paper written by Philippe P�bay:
    [javac]                                                           ^
    [javac] 2 errors
    [javac] 1 warning

BUILD FAILED
D:\Lab_SQA\Defects4J_Projects\Math_21_b\build.xml:165: Compile failed; see the compiler error output for details.

Total time: 1 second
Cannot compile sources! at D:/Lab_SQA/defects4j/framework/bin/d4j/d4j-compile line 82.
Compilation failed in require at D:\Lab_SQA\defects4j\framework\bin\defects4j line 195.
"
Math,22,CATG,default,1,0,False,error,0,0,False,0,0,0,0,0,0,0.0,"STATUS:ERROR:compile D:\Lab_SQA\Defects4J_Projects\Math_22_b failed:

Running ant (compile)...................................................... FAIL
Executed command:  cd D:/Lab_SQA/Defects4J_Projects/Math_22_b && D:/Lab_SQA/defects4j/major/bin/ant.cmd -f D:/Lab_SQA/defects4j/framework/projects/defects4j.build.xml -Dd4j.home=D:/Lab_SQA/defects4j -Dd4j.dir.projects=D:/Lab_SQA/defects4j/framework/projects -Dbasedir=D:/Lab_SQA/Defects4J_Projects/Math_22_b  compile 2>&1
Picked up JAVA_TOOL_OPTIONS: -Dfile.encoding=UTF-8
Buildfile: D:\Lab_SQA\defects4j\framework\projects\defects4j.build.xml

init:
     [echo] -------- Commons MATH 3.0-SNAPSHOT --------
    [mkdir] Created dir: D:\Lab_SQA\Defects4J_Projects\Math_22_b\target
    [mkdir] Created dir: D:\Lab_SQA\Defects4J_Projects\Math_22_b\target\classes
    [mkdir] Created dir: D:\Lab_SQA\Defects4J_Projects\Math_22_b\target\test-classes
     [copy] Copying 1 file to D:\Lab_SQA\Defects4J_Projects\Math_22_b\target\classes

compile:
    [javac] Compiling 647 source files to D:\Lab_SQA\Defects4J_Projects\Math_22_b\target\classes
    [javac] warning: [options] bootstrap class path not set in conjunction with -source 1.6
    [javac] D:\Lab_SQA\Defects4J_Projects\Math_22_b\src\main\java\org\apache\commons\math3\stat\correlation\StorelessBivariateCovariance.java:26: error: unmappable character for encoding UTF8
    [javac]  * <p>This class is based on a paper written by Philippe P�bay:
    [javac]                                                           ^
    [javac] D:\Lab_SQA\Defects4J_Projects\Math_22_b\src\main\java\org\apache\commons\math3\stat\correlation\StorelessCovariance.java:31: error: unmappable character for encoding UTF8
    [javac]  * <p>This class is based on a paper written by Philippe P�bay:
    [javac]                                                           ^
    [javac] 2 errors
    [javac] 1 warning

BUILD FAILED
D:\Lab_SQA\Defects4J_Projects\Math_22_b\build.xml:165: Compile failed; see the compiler error output for details.

Total time: 1 second
Cannot compile sources! at D:/Lab_SQA/defects4j/framework/bin/d4j/d4j-compile line 82.
Compilation failed in require at D:\Lab_SQA\defects4j\framework\bin\defects4j line 195.
"
Math,23,CATG,default,1,0,False,error,0,0,False,0,0,0,0,0,0,0.0,"STATUS:ERROR:compile D:\Lab_SQA\Defects4J_Projects\Math_23_b failed:

Running ant (compile)...................................................... FAIL
Executed command:  cd D:/Lab_SQA/Defects4J_Projects/Math_23_b && D:/Lab_SQA/defects4j/major/bin/ant.cmd -f D:/Lab_SQA/defects4j/framework/projects/defects4j.build.xml -Dd4j.home=D:/Lab_SQA/defects4j -Dd4j.dir.projects=D:/Lab_SQA/defects4j/framework/projects -Dbasedir=D:/Lab_SQA/Defects4J_Projects/Math_23_b  compile 2>&1
Picked up JAVA_TOOL_OPTIONS: -Dfile.encoding=UTF-8
Buildfile: D:\Lab_SQA\defects4j\framework\projects\defects4j.build.xml

init:
     [echo] -------- Commons MATH 3.0-SNAPSHOT --------
    [mkdir] Created dir: D:\Lab_SQA\Defects4J_Projects\Math_23_b\target
    [mkdir] Created dir: D:\Lab_SQA\Defects4J_Projects\Math_23_b\target\classes
    [mkdir] Created dir: D:\Lab_SQA\Defects4J_Projects\Math_23_b\target\test-classes
     [copy] Copying 1 file to D:\Lab_SQA\Defects4J_Projects\Math_23_b\target\classes

compile:
    [javac] Compiling 647 source files to D:\Lab_SQA\Defects4J_Projects\Math_23_b\target\classes
    [javac] warning: [options] bootstrap class path not set in conjunction with -source 1.6
    [javac] D:\Lab_SQA\Defects4J_Projects\Math_23_b\src\main\java\org\apache\commons\math3\stat\correlation\StorelessBivariateCovariance.java:26: error: unmappable character for encoding UTF8
    [javac]  * <p>This class is based on a paper written by Philippe P�bay:
    [javac]                                                           ^
    [javac] D:\Lab_SQA\Defects4J_Projects\Math_23_b\src\main\java\org\apache\commons\math3\stat\correlation\StorelessCovariance.java:31: error: unmappable character for encoding UTF8
    [javac]  * <p>This class is based on a paper written by Philippe P�bay:
    [javac]                                                           ^
    [javac] 2 errors
    [javac] 1 warning

BUILD FAILED
D:\Lab_SQA\Defects4J_Projects\Math_23_b\build.xml:165: Compile failed; see the compiler error output for details.

Total time: 2 seconds
Cannot compile sources! at D:/Lab_SQA/defects4j/framework/bin/d4j/d4j-compile line 82.
Compilation failed in require at D:\Lab_SQA\defects4j\framework\bin\defects4j line 195.
"
Math,24,CATG,default,1,0,False,error,0,0,False,0,0,0,0,0,0,0.0,"STATUS:ERROR:compile D:\Lab_SQA\Defects4J_Projects\Math_24_b failed:

Running ant (compile)...................................................... FAIL
Executed command:  cd D:/Lab_SQA/Defects4J_Projects/Math_24_b && D:/Lab_SQA/defects4j/major/bin/ant.cmd -f D:/Lab_SQA/defects4j/framework/projects/defects4j.build.xml -Dd4j.home=D:/Lab_SQA/defects4j -Dd4j.dir.projects=D:/Lab_SQA/defects4j/framework/projects -Dbasedir=D:/Lab_SQA/Defects4J_Projects/Math_24_b  compile 2>&1
Picked up JAVA_TOOL_OPTIONS: -Dfile.encoding=UTF-8
Buildfile: D:\Lab_SQA\defects4j\framework\projects\defects4j.build.xml

init:
     [echo] -------- Commons MATH 3.0-SNAPSHOT --------
    [mkdir] Created dir: D:\Lab_SQA\Defects4J_Projects\Math_24_b\target
    [mkdir] Created dir: D:\Lab_SQA\Defects4J_Projects\Math_24_b\target\classes
    [mkdir] Created dir: D:\Lab_SQA\Defects4J_Projects\Math_24_b\target\test-classes
     [copy] Copying 1 file to D:\Lab_SQA\Defects4J_Projects\Math_24_b\target\classes

compile:
    [javac] Compiling 647 source files to D:\Lab_SQA\Defects4J_Projects\Math_24_b\target\classes
    [javac] warning: [options] bootstrap class path not set in conjunction with -source 1.6
    [javac] D:\Lab_SQA\Defects4J_Projects\Math_24_b\src\main\java\org\apache\commons\math3\stat\correlation\StorelessBivariateCovariance.java:26: error: unmappable character for encoding UTF8
    [javac]  * <p>This class is based on a paper written by Philippe P�bay:
    [javac]                                                           ^
    [javac] D:\Lab_SQA\Defects4J_Projects\Math_24_b\src\main\java\org\apache\commons\math3\stat\correlation\StorelessCovariance.java:31: error: unmappable character for encoding UTF8
    [javac]  * <p>This class is based on a paper written by Philippe P�bay:
    [javac]                                                           ^
    [javac] 2 errors
    [javac] 1 warning

BUILD FAILED
D:\Lab_SQA\Defects4J_Projects\Math_24_b\build.xml:165: Compile failed; see the compiler error output for details.

Total time: 1 second
Cannot compile sources! at D:/Lab_SQA/defects4j/framework/bin/d4j/d4j-compile line 82.
Compilation failed in require at D:\Lab_SQA\defects4j\framework\bin\defects4j line 195.
"
Math,25,CATG,default,1,0,False,error,0,0,False,0,0,0,0,0,0,0.0,"STATUS:ERROR:compile D:\Lab_SQA\Defects4J_Projects\Math_25_b failed:

Running ant (compile)...................................................... FAIL
Executed command:  cd D:/Lab_SQA/Defects4J_Projects/Math_25_b && D:/Lab_SQA/defects4j/major/bin/ant.cmd -f D:/Lab_SQA/defects4j/framework/projects/defects4j.build.xml -Dd4j.home=D:/Lab_SQA/defects4j -Dd4j.dir.projects=D:/Lab_SQA/defects4j/framework/projects -Dbasedir=D:/Lab_SQA/Defects4J_Projects/Math_25_b  compile 2>&1
Picked up JAVA_TOOL_OPTIONS: -Dfile.encoding=UTF-8
Buildfile: D:\Lab_SQA\defects4j\framework\projects\defects4j.build.xml

init:
     [echo] -------- Commons MATH 3.0-SNAPSHOT --------
    [mkdir] Created dir: D:\Lab_SQA\Defects4J_Projects\Math_25_b\target
    [mkdir] Created dir: D:\Lab_SQA\Defects4J_Projects\Math_25_b\target\classes
    [mkdir] Created dir: D:\Lab_SQA\Defects4J_Projects\Math_25_b\target\test-classes
     [copy] Copying 1 file to D:\Lab_SQA\Defects4J_Projects\Math_25_b\target\classes

compile:
    [javac] Compiling 642 source files to D:\Lab_SQA\Defects4J_Projects\Math_25_b\target\classes
    [javac] warning: [options] bootstrap class path not set in conjunction with -source 1.6
    [javac] D:\Lab_SQA\Defects4J_Projects\Math_25_b\src\main\java\org\apache\commons\math3\stat\correlation\StorelessBivariateCovariance.java:26: error: unmappable character for encoding UTF8
    [javac]  * <p>This class is based on a paper written by Philippe P�bay:
    [javac]                                                           ^
    [javac] D:\Lab_SQA\Defects4J_Projects\Math_25_b\src\main\java\org\apache\commons\math3\stat\correlation\StorelessCovariance.java:31: error: unmappable character for encoding UTF8
    [javac]  * <p>This class is based on a paper written by Philippe P�bay:
    [javac]                                                           ^
    [javac] 2 errors
    [javac] 1 warning

BUILD FAILED
D:\Lab_SQA\Defects4J_Projects\Math_25_b\build.xml:165: Compile failed; see the compiler error output for details.

Total time: 2 seconds
Cannot compile sources! at D:/Lab_SQA/defects4j/framework/bin/d4j/d4j-compile line 82.
Compilation failed in require at D:\Lab_SQA\defects4j\framework\bin\defects4j line 195.
"
Math,26,CATG,default,1,0,False,error,0,0,False,0,0,0,0,0,0,0.0,"STATUS:ERROR:compile D:\Lab_SQA\Defects4J_Projects\Math_26_b failed:

Running ant (compile)...................................................... FAIL
Executed command:  cd D:/Lab_SQA/Defects4J_Projects/Math_26_b && D:/Lab_SQA/defects4j/major/bin/ant.cmd -f D:/Lab_SQA/defects4j/framework/projects/defects4j.build.xml -Dd4j.home=D:/Lab_SQA/defects4j -Dd4j.dir.projects=D:/Lab_SQA/defects4j/framework/projects -Dbasedir=D:/Lab_SQA/Defects4J_Projects/Math_26_b  compile 2>&1
Picked up JAVA_TOOL_OPTIONS: -Dfile.encoding=UTF-8
Buildfile: D:\Lab_SQA\defects4j\framework\projects\defects4j.build.xml

init:
     [echo] -------- Commons MATH 3.0-SNAPSHOT --------

compile:
    [javac] Compiling 632 source files to D:\Lab_SQA\Defects4J_Projects\Math_26_b\target\classes
    [javac] warning: [options] bootstrap class path not set in conjunction with -source 1.6
    [javac] D:\Lab_SQA\Defects4J_Projects\Math_26_b\src\main\java\org\apache\commons\math3\stat\correlation\StorelessBivariateCovariance.java:26: error: unmappable character for encoding UTF8
    [javac]  * <p>This class is based on a paper written by Philippe P�bay:
    [javac]                                                           ^
    [javac] D:\Lab_SQA\Defects4J_Projects\Math_26_b\src\main\java\org\apache\commons\math3\stat\correlation\StorelessCovariance.java:31: error: unmappable character for encoding UTF8
    [javac]  * <p>This class is based on a paper written by Philippe P�bay:
    [javac]                                                           ^
    [javac] 2 errors
    [javac] 1 warning

BUILD FAILED
D:\Lab_SQA\Defects4J_Projects\Math_26_b\build.xml:165: Compile failed; see the compiler error output for details.

Total time: 2 seconds
Cannot compile sources! at D:/Lab_SQA/defects4j/framework/bin/d4j/d4j-compile line 82.
Compilation failed in require at D:\Lab_SQA\defects4j\framework\bin\defects4j line 195.
"
Math,27,CATG,default,1,0,False,error,0,0,False,0,0,0,0,0,0,0.0,"STATUS:ERROR:compile D:\Lab_SQA\Defects4J_Projects\Math_27_b failed:

Running ant (compile)...................................................... FAIL
Executed command:  cd D:/Lab_SQA/Defects4J_Projects/Math_27_b && D:/Lab_SQA/defects4j/major/bin/ant.cmd -f D:/Lab_SQA/defects4j/framework/projects/defects4j.build.xml -Dd4j.home=D:/Lab_SQA/defects4j -Dd4j.dir.projects=D:/Lab_SQA/defects4j/framework/projects -Dbasedir=D:/Lab_SQA/Defects4J_Projects/Math_27_b  compile 2>&1
Picked up JAVA_TOOL_OPTIONS: -Dfile.encoding=UTF-8
Buildfile: D:\Lab_SQA\defects4j\framework\projects\defects4j.build.xml

init:
     [echo] -------- Commons MATH 3.0-SNAPSHOT --------

compile:
    [javac] Compiling 632 source files to D:\Lab_SQA\Defects4J_Projects\Math_27_b\target\classes
    [javac] warning: [options] bootstrap class path not set in conjunction with -source 1.6
    [javac] D:\Lab_SQA\Defects4J_Projects\Math_27_b\src\main\java\org\apache\commons\math3\stat\correlation\StorelessBivariateCovariance.java:26: error: unmappable character for encoding UTF8
    [javac]  * <p>This class is based on a paper written by Philippe P�bay:
    [javac]                                                           ^
    [javac] D:\Lab_SQA\Defects4J_Projects\Math_27_b\src\main\java\org\apache\commons\math3\stat\correlation\StorelessCovariance.java:31: error: unmappable character for encoding UTF8
    [javac]  * <p>This class is based on a paper written by Philippe P�bay:
    [javac]                                                           ^
    [javac] 2 errors
    [javac] 1 warning

BUILD FAILED
D:\Lab_SQA\Defects4J_Projects\Math_27_b\build.xml:165: Compile failed; see the compiler error output for details.

Total time: 2 seconds
Cannot compile sources! at D:/Lab_SQA/defects4j/framework/bin/d4j/d4j-compile line 82.
Compilation failed in require at D:\Lab_SQA\defects4j\framework\bin\defects4j line 195.
"
Math,28,CATG,default,1,0,False,error,0,0,False,0,0,0,0,0,0,0.0,"STATUS:ERROR:compile D:\Lab_SQA\Defects4J_Projects\Math_28_b failed:

Running ant (compile)...................................................... FAIL
Executed command:  cd D:/Lab_SQA/Defects4J_Projects/Math_28_b && D:/Lab_SQA/defects4j/major/bin/ant.cmd -f D:/Lab_SQA/defects4j/framework/projects/defects4j.build.xml -Dd4j.home=D:/Lab_SQA/defects4j -Dd4j.dir.projects=D:/Lab_SQA/defects4j/framework/projects -Dbasedir=D:/Lab_SQA/Defects4J_Projects/Math_28_b  compile 2>&1
Picked up JAVA_TOOL_OPTIONS: -Dfile.encoding=UTF-8
Buildfile: D:\Lab_SQA\defects4j\framework\projects\defects4j.build.xml

init:
     [echo] -------- Commons MATH 3.0-SNAPSHOT --------
    [mkdir] Created dir: D:\Lab_SQA\Defects4J_Projects\Math_28_b\target
    [mkdir] Created dir: D:\Lab_SQA\Defects4J_Projects\Math_28_b\target\classes
    [mkdir] Created dir: D:\Lab_SQA\Defects4J_Projects\Math_28_b\target\test-classes
     [copy] Copying 1 file to D:\Lab_SQA\Defects4J_Projects\Math_28_b\target\classes

compile:
    [javac] Compiling 632 source files to D:\Lab_SQA\Defects4J_Projects\Math_28_b\target\classes
    [javac] warning: [options] bootstrap class path not set in conjunction with -source 1.6
    [javac] D:\Lab_SQA\Defects4J_Projects\Math_28_b\src\main\java\org\apache\commons\math3\stat\correlation\StorelessBivariateCovariance.java:26: error: unmappable character for encoding UTF8
    [javac]  * <p>This class is based on a paper written by Philippe P�bay:
    [javac]                                                           ^
    [javac] D:\Lab_SQA\Defects4J_Projects\Math_28_b\src\main\java\org\apache\commons\math3\stat\correlation\StorelessCovariance.java:31: error: unmappable character for encoding UTF8
    [javac]  * <p>This class is based on a paper written by Philippe P�bay:
    [javac]                                                           ^
    [javac] 2 errors
    [javac] 1 warning

BUILD FAILED
D:\Lab_SQA\Defects4J_Projects\Math_28_b\build.xml:165: Compile failed; see the compiler error output for details.

Total time: 1 second
Cannot compile sources! at D:/Lab_SQA/defects4j/framework/bin/d4j/d4j-compile line 82.
Compilation failed in require at D:\Lab_SQA\defects4j\framework\bin\defects4j line 195.
"
Math,29,CATG,default,1,0,False,error,0,0,False,0,0,0,0,0,0,0.0,"STATUS:ERROR:compile D:\Lab_SQA\Defects4J_Projects\Math_29_b failed:

Running ant (compile)...................................................... FAIL
Executed command:  cd D:/Lab_SQA/Defects4J_Projects/Math_29_b && D:/Lab_SQA/defects4j/major/bin/ant.cmd -f D:/Lab_SQA/defects4j/framework/projects/defects4j.build.xml -Dd4j.home=D:/Lab_SQA/defects4j -Dd4j.dir.projects=D:/Lab_SQA/defects4j/framework/projects -Dbasedir=D:/Lab_SQA/Defects4J_Projects/Math_29_b  compile 2>&1
Picked up JAVA_TOOL_OPTIONS: -Dfile.encoding=UTF-8
Buildfile: D:\Lab_SQA\defects4j\framework\projects\defects4j.build.xml

init:
     [echo] -------- Commons MATH 3.0-SNAPSHOT --------

compile:
    [javac] Compiling 622 source files to D:\Lab_SQA\Defects4J_Projects\Math_29_b\target\classes
    [javac] warning: [options] bootstrap class path not set in conjunction with -source 1.6
    [javac] D:\Lab_SQA\Defects4J_Projects\Math_29_b\src\main\java\org\apache\commons\math3\stat\correlation\StorelessBivariateCovariance.java:26: error: unmappable character for encoding UTF8
    [javac]  * <p>This class is based on a paper written by Philippe P�bay:
    [javac]                                                           ^
    [javac] D:\Lab_SQA\Defects4J_Projects\Math_29_b\src\main\java\org\apache\commons\math3\stat\correlation\StorelessCovariance.java:31: error: unmappable character for encoding UTF8
    [javac]  * <p>This class is based on a paper written by Philippe P�bay:
    [javac]                                                           ^
    [javac] 2 errors
    [javac] 1 warning

BUILD FAILED
D:\Lab_SQA\Defects4J_Projects\Math_29_b\build.xml:165: Compile failed; see the compiler error output for details.

Total time: 2 seconds
Cannot compile sources! at D:/Lab_SQA/defects4j/framework/bin/d4j/d4j-compile line 82.
Compilation failed in require at D:\Lab_SQA\defects4j\framework\bin\defects4j line 195.
"
Math,30,CATG,default,1,0,False,error,0,0,False,0,0,0,0,0,0,0.0,"STATUS:ERROR:compile D:\Lab_SQA\Defects4J_Projects\Math_30_b failed:

Running ant (compile)...................................................... FAIL
Executed command:  cd D:/Lab_SQA/Defects4J_Projects/Math_30_b && D:/Lab_SQA/defects4j/major/bin/ant.cmd -f D:/Lab_SQA/defects4j/framework/projects/defects4j.build.xml -Dd4j.home=D:/Lab_SQA/defects4j -Dd4j.dir.projects=D:/Lab_SQA/defects4j/framework/projects -Dbasedir=D:/Lab_SQA/Defects4J_Projects/Math_30_b  compile 2>&1
Picked up JAVA_TOOL_OPTIONS: -Dfile.encoding=UTF-8
Buildfile: D:\Lab_SQA\defects4j\framework\projects\defects4j.build.xml

init:
     [echo] -------- Commons MATH 3.0-SNAPSHOT --------

compile:
    [javac] Compiling 622 source files to D:\Lab_SQA\Defects4J_Projects\Math_30_b\target\classes
    [javac] warning: [options] bootstrap class path not set in conjunction with -source 1.6
    [javac] D:\Lab_SQA\Defects4J_Projects\Math_30_b\src\main\java\org\apache\commons\math3\stat\correlation\StorelessBivariateCovariance.java:26: error: unmappable character for encoding UTF8
    [javac]  * <p>This class is based on a paper written by Philippe P�bay:
    [javac]                                                           ^
    [javac] D:\Lab_SQA\Defects4J_Projects\Math_30_b\src\main\java\org\apache\commons\math3\stat\correlation\StorelessCovariance.java:31: error: unmappable character for encoding UTF8
    [javac]  * <p>This class is based on a paper written by Philippe P�bay:
    [javac]                                                           ^
    [javac] 2 errors
    [javac] 1 warning

BUILD FAILED
D:\Lab_SQA\Defects4J_Projects\Math_30_b\build.xml:165: Compile failed; see the compiler error output for details.

Total time: 2 seconds
Cannot compile sources! at D:/Lab_SQA/defects4j/framework/bin/d4j/d4j-compile line 82.
Compilation failed in require at D:\Lab_SQA\defects4j\framework\bin\defects4j line 195.
"
Math,31,CATG,default,1,0,False,error,0,0,False,0,0,0,0,0,0,0.0,"STATUS:ERROR:compile D:\Lab_SQA\Defects4J_Projects\Math_31_b failed:

Running ant (compile)...................................................... FAIL
Executed command:  cd D:/Lab_SQA/Defects4J_Projects/Math_31_b && D:/Lab_SQA/defects4j/major/bin/ant.cmd -f D:/Lab_SQA/defects4j/framework/projects/defects4j.build.xml -Dd4j.home=D:/Lab_SQA/defects4j -Dd4j.dir.projects=D:/Lab_SQA/defects4j/framework/projects -Dbasedir=D:/Lab_SQA/Defects4J_Projects/Math_31_b  compile 2>&1
Picked up JAVA_TOOL_OPTIONS: -Dfile.encoding=UTF-8
Buildfile: D:\Lab_SQA\defects4j\framework\projects\defects4j.build.xml

init:
     [echo] -------- Commons MATH 3.0-SNAPSHOT --------

compile:
    [javac] Compiling 620 source files to D:\Lab_SQA\Defects4J_Projects\Math_31_b\target\classes
    [javac] warning: [options] bootstrap class path not set in conjunction with -source 1.6
    [javac] D:\Lab_SQA\Defects4J_Projects\Math_31_b\src\main\java\org\apache\commons\math3\stat\correlation\StorelessBivariateCovariance.java:26: error: unmappable character for encoding UTF8
    [javac]  * <p>This class is based on a paper written by Philippe P�bay:
    [javac]                                                           ^
    [javac] D:\Lab_SQA\Defects4J_Projects\Math_31_b\src\main\java\org\apache\commons\math3\stat\correlation\StorelessCovariance.java:31: error: unmappable character for encoding UTF8
    [javac]  * <p>This class is based on a paper written by Philippe P�bay:
    [javac]                                                           ^
    [javac] 2 errors
    [javac] 1 warning

BUILD FAILED
D:\Lab_SQA\Defects4J_Projects\Math_31_b\build.xml:165: Compile failed; see the compiler error output for details.

Total time: 2 seconds
Cannot compile sources! at D:/Lab_SQA/defects4j/framework/bin/d4j/d4j-compile line 82.
Compilation failed in require at D:\Lab_SQA\defects4j\framework\bin\defects4j line 195.
"
Math,32,CATG,default,1,0,False,error,0,0,False,0,0,0,0,0,0,0.0,"STATUS:ERROR:compile D:\Lab_SQA\Defects4J_Projects\Math_32_b failed:

Running ant (compile)...................................................... FAIL
Executed command:  cd D:/Lab_SQA/Defects4J_Projects/Math_32_b && D:/Lab_SQA/defects4j/major/bin/ant.cmd -f D:/Lab_SQA/defects4j/framework/projects/defects4j.build.xml -Dd4j.home=D:/Lab_SQA/defects4j -Dd4j.dir.projects=D:/Lab_SQA/defects4j/framework/projects -Dbasedir=D:/Lab_SQA/Defects4J_Projects/Math_32_b  compile 2>&1
Picked up JAVA_TOOL_OPTIONS: -Dfile.encoding=UTF-8
Buildfile: D:\Lab_SQA\defects4j\framework\projects\defects4j.build.xml

init:
     [echo] -------- Commons MATH 3.0-SNAPSHOT --------

compile:
    [javac] Compiling 620 source files to D:\Lab_SQA\Defects4J_Projects\Math_32_b\target\classes
    [javac] warning: [options] bootstrap class path not set in conjunction with -source 1.6
    [javac] D:\Lab_SQA\Defects4J_Projects\Math_32_b\src\main\java\org\apache\commons\math3\stat\correlation\StorelessBivariateCovariance.java:26: error: unmappable character for encoding UTF8
    [javac]  * <p>This class is based on a paper written by Philippe P�bay:
    [javac]                                                           ^
    [javac] D:\Lab_SQA\Defects4J_Projects\Math_32_b\src\main\java\org\apache\commons\math3\stat\correlation\StorelessCovariance.java:31: error: unmappable character for encoding UTF8
    [javac]  * <p>This class is based on a paper written by Philippe P�bay:
    [javac]                                                           ^
    [javac] 2 errors
    [javac] 1 warning

BUILD FAILED
D:\Lab_SQA\Defects4J_Projects\Math_32_b\build.xml:165: Compile failed; see the compiler error output for details.

Total time: 2 seconds
Cannot compile sources! at D:/Lab_SQA/defects4j/framework/bin/d4j/d4j-compile line 82.
Compilation failed in require at D:\Lab_SQA\defects4j\framework\bin\defects4j line 195.
"
Math,33,CATG,default,1,0,False,error,0,0,False,0,0,0,0,0,0,0.0,"STATUS:ERROR:compile D:\Lab_SQA\Defects4J_Projects\Math_33_b failed:

Running ant (compile)...................................................... FAIL
Executed command:  cd D:/Lab_SQA/Defects4J_Projects/Math_33_b && D:/Lab_SQA/defects4j/major/bin/ant.cmd -f D:/Lab_SQA/defects4j/framework/projects/defects4j.build.xml -Dd4j.home=D:/Lab_SQA/defects4j -Dd4j.dir.projects=D:/Lab_SQA/defects4j/framework/projects -Dbasedir=D:/Lab_SQA/Defects4J_Projects/Math_33_b  compile 2>&1
Picked up JAVA_TOOL_OPTIONS: -Dfile.encoding=UTF-8
Buildfile: D:\Lab_SQA\defects4j\framework\projects\defects4j.build.xml

init:
     [echo] -------- Commons MATH 3.0-SNAPSHOT --------

compile:
    [javac] Compiling 618 source files to D:\Lab_SQA\Defects4J_Projects\Math_33_b\target\classes
    [javac] warning: [options] bootstrap class path not set in conjunction with -source 1.6
    [javac] D:\Lab_SQA\Defects4J_Projects\Math_33_b\src\main\java\org\apache\commons\math3\stat\correlation\StorelessBivariateCovariance.java:26: error: unmappable character for encoding UTF8
    [javac]  * <p>This class is based on a paper written by Philippe P�bay:
    [javac]                                                           ^
    [javac] D:\Lab_SQA\Defects4J_Projects\Math_33_b\src\main\java\org\apache\commons\math3\stat\correlation\StorelessCovariance.java:31: error: unmappable character for encoding UTF8
    [javac]  * <p>This class is based on a paper written by Philippe P�bay:
    [javac]                                                           ^
    [javac] 2 errors
    [javac] 1 warning

BUILD FAILED
D:\Lab_SQA\Defects4J_Projects\Math_33_b\build.xml:165: Compile failed; see the compiler error output for details.

Total time: 2 seconds
Cannot compile sources! at D:/Lab_SQA/defects4j/framework/bin/d4j/d4j-compile line 82.
Compilation failed in require at D:\Lab_SQA\defects4j\framework\bin\defects4j line 195.
"
Math,34,CATG,default,1,0,False,error,0,0,False,0,0,0,0,0,0,0.0,"STATUS:ERROR:compile D:\Lab_SQA\Defects4J_Projects\Math_34_b failed:

Running ant (compile)...................................................... FAIL
Executed command:  cd D:/Lab_SQA/Defects4J_Projects/Math_34_b && D:/Lab_SQA/defects4j/major/bin/ant.cmd -f D:/Lab_SQA/defects4j/framework/projects/defects4j.build.xml -Dd4j.home=D:/Lab_SQA/defects4j -Dd4j.dir.projects=D:/Lab_SQA/defects4j/framework/projects -Dbasedir=D:/Lab_SQA/Defects4J_Projects/Math_34_b  compile 2>&1
Picked up JAVA_TOOL_OPTIONS: -Dfile.encoding=UTF-8
Buildfile: D:\Lab_SQA\defects4j\framework\projects\defects4j.build.xml

init:
     [echo] -------- Commons MATH 3.0-SNAPSHOT --------
    [mkdir] Created dir: D:\Lab_SQA\Defects4J_Projects\Math_34_b\target
    [mkdir] Created dir: D:\Lab_SQA\Defects4J_Projects\Math_34_b\target\classes
    [mkdir] Created dir: D:\Lab_SQA\Defects4J_Projects\Math_34_b\target\test-classes
     [copy] Copying 1 file to D:\Lab_SQA\Defects4J_Projects\Math_34_b\target\classes

compile:
    [javac] Compiling 617 source files to D:\Lab_SQA\Defects4J_Projects\Math_34_b\target\classes
    [javac] warning: [options] bootstrap class path not set in conjunction with -source 1.6
    [javac] D:\Lab_SQA\Defects4J_Projects\Math_34_b\src\main\java\org\apache\commons\math3\stat\correlation\StorelessBivariateCovariance.java:26: error: unmappable character for encoding UTF8
    [javac]  * <p>This class is based on a paper written by Philippe P�bay:
    [javac]                                                           ^
    [javac] D:\Lab_SQA\Defects4J_Projects\Math_34_b\src\main\java\org\apache\commons\math3\stat\correlation\StorelessCovariance.java:31: error: unmappable character for encoding UTF8
    [javac]  * <p>This class is based on a paper written by Philippe P�bay:
    [javac]                                                           ^
    [javac] 2 errors
    [javac] 1 warning

BUILD FAILED
D:\Lab_SQA\Defects4J_Projects\Math_34_b\build.xml:165: Compile failed; see the compiler error output for details.

Total time: 1 second
Cannot compile sources! at D:/Lab_SQA/defects4j/framework/bin/d4j/d4j-compile line 82.
Compilation failed in require at D:\Lab_SQA\defects4j\framework\bin\defects4j line 195.
"
Math,35,CATG,default,1,0,False,error,0,0,False,0,0,0,0,0,0,0.0,"STATUS:ERROR:compile D:\Lab_SQA\Defects4J_Projects\Math_35_b failed:

Running ant (compile)...................................................... FAIL
Executed command:  cd D:/Lab_SQA/Defects4J_Projects/Math_35_b && D:/Lab_SQA/defects4j/major/bin/ant.cmd -f D:/Lab_SQA/defects4j/framework/projects/defects4j.build.xml -Dd4j.home=D:/Lab_SQA/defects4j -Dd4j.dir.projects=D:/Lab_SQA/defects4j/framework/projects -Dbasedir=D:/Lab_SQA/Defects4J_Projects/Math_35_b  compile 2>&1
Picked up JAVA_TOOL_OPTIONS: -Dfile.encoding=UTF-8
Buildfile: D:\Lab_SQA\defects4j\framework\projects\defects4j.build.xml

init:
     [echo] -------- Commons MATH 3.0-SNAPSHOT --------
    [mkdir] Created dir: D:\Lab_SQA\Defects4J_Projects\Math_35_b\target
    [mkdir] Created dir: D:\Lab_SQA\Defects4J_Projects\Math_35_b\target\classes
    [mkdir] Created dir: D:\Lab_SQA\Defects4J_Projects\Math_35_b\target\test-classes
     [copy] Copying 1 file to D:\Lab_SQA\Defects4J_Projects\Math_35_b\target\classes

compile:
    [javac] Compiling 617 source files to D:\Lab_SQA\Defects4J_Projects\Math_35_b\target\classes
    [javac] warning: [options] bootstrap class path not set in conjunction with -source 1.6
    [javac] D:\Lab_SQA\Defects4J_Projects\Math_35_b\src\main\java\org\apache\commons\math3\stat\correlation\StorelessBivariateCovariance.java:26: error: unmappable character for encoding UTF8
    [javac]  * <p>This class is based on a paper written by Philippe P�bay:
    [javac]                                                           ^
    [javac] D:\Lab_SQA\Defects4J_Projects\Math_35_b\src\main\java\org\apache\commons\math3\stat\correlation\StorelessCovariance.java:31: error: unmappable character for encoding UTF8
    [javac]  * <p>This class is based on a paper written by Philippe P�bay:
    [javac]                                                           ^
    [javac] 2 errors
    [javac] 1 warning

BUILD FAILED
D:\Lab_SQA\Defects4J_Projects\Math_35_b\build.xml:165: Compile failed; see the compiler error output for details.

Total time: 1 second
Cannot compile sources! at D:/Lab_SQA/defects4j/framework/bin/d4j/d4j-compile line 82.
Compilation failed in require at D:\Lab_SQA\defects4j\framework\bin\defects4j line 195.
"
Math,36,CATG,default,1,0,False,unsupported,0,0,False,0,0,0,0,0,0,1.82,STATUS:catg_runtime_interpreter:ClassCastException
Math,37,CATG,default,1,1,True,completed,0,0,False,220,20,9.09,158,9,5.7,2.14,modified=org.apache.commons.math.complex.Complex;target=org.apache.commons.math.complex.Complex::tan;params=;catg_cases=1
Math,38,CATG,default,1,0,False,unsupported,0,0,False,0,0,0,0,0,0,0.0,STATUS:harness_limitation:unsupported_type:double[] lowerBound:prelim
Math,39,CATG,default,1,0,False,unsupported,0,0,False,0,0,0,0,0,0,0.0,STATUS:harness_limitation:unsupported_type:final ExpandableStatefulODE equations:integrate
Math,40,CATG,default,1,0,False,unsupported,0,0,False,0,0,0,0,0,0,1.98,STATUS:catg_runtime_interpreter:ClassCastException
Math,41,CATG,default,1,0,False,unsupported,0,0,False,0,0,0,0,0,0,0.0,STATUS:harness_limitation:unsupported_type:final double[] values:evaluate
Math,42,CATG,default,1,1,True,completed,0,0,False,182,1,0.55,120,0,0.0,1.99,modified=org.apache.commons.math.optimization.linear.SimplexTableau;target=org.apache.commons.math.optimization.linear.SimplexTableau::getSolution;params=;catg_cases=1
Math,43,CATG,default,1,0,False,unsupported,0,0,False,0,0,0,0,0,0,0.0,STATUS:harness_limitation:unsupported_type:double value:addValue
Math,44,CATG,default,1,0,False,unsupported,0,0,False,0,0,0,0,0,0,0.0,STATUS:harness_limitation:unsupported_type:final AbstractStepInterpolator interpolator:acceptStep
Math,45,CATG,default,1,0,False,unsupported,0,0,False,0,0,0,0,0,0,0.0,STATUS:target_discovery:no_source_method
Math,46,CATG,default,1,0,False,unsupported,0,0,False,0,0,0,0,0,0,0.0,STATUS:harness_limitation:unsupported_type:double divisor:divide
Math,47,CATG,default,1,0,False,unsupported,0,0,False,0,0,0,0,0,0,0.0,STATUS:harness_limitation:unsupported_type:Complex divisor:divide
Math,48,CATG,default,1,0,False,unsupported,0,0,False,0,0,0,0,0,0,0.0,STATUS:harness_limitation:abstract_class:doSolve
Math,49,CATG,default,1,0,False,unsupported,0,0,False,0,0,0,0,0,0,0.0,STATUS:harness_limitation:unsupported_type:RealVector v:ebeDivide
Math,50,CATG,default,1,0,False,unsupported,0,0,False,0,0,0,0,0,0,0.0,STATUS:harness_limitation:abstract_class:doSolve
Math,51,CATG,default,1,0,False,unsupported,0,0,False,0,0,0,0,0,0,0.0,STATUS:harness_limitation:abstract_class:doSolve
Math,52,CATG,default,1,0,False,unsupported,0,0,False,0,0,0,0,0,0,0.0,STATUS:target_discovery:no_source_method
Math,53,CATG,default,1,0,False,unsupported,0,0,False,0,0,0,0,0,0,0.0,STATUS:harness_limitation:unsupported_type:Complex rhs:add
Math,54,CATG,default,1,1,True,completed,0,0,False,996,8,0.8,694,5,0.72,2.23,modified=org.apache.commons.math.dfp.Dfp;target=org.apache.commons.math.dfp.Dfp::toDouble;params=;catg_cases=1
Math,55,CATG,default,1,0,False,unsupported,0,0,False,0,0,0,0,0,0,0.0,STATUS:harness_limitation:unsupported_type:final Vector3D v1:crossProduct
Math,56,CATG,default,1,0,False,unsupported,0,0,False,0,0,0,0,0,0,2.19,STATUS:catg_runtime_interpreter:ClassCastException
Math,57,CATG,default,1,0,False,unsupported,0,0,False,0,0,0,0,0,0,0.0,STATUS:harness_limitation:unsupported_type:final Collection<T> points:chooseInitialCenters
Math,58,CATG,default,1,1,True,completed,0,0,False,94,1,1.06,58,0,0.0,2.15,modified=org.apache.commons.math.optimization.fitting.GaussianFitter;target=org.apache.commons.math.optimization.fitting.GaussianFitter::fit;params=;catg_cases=1
Math,59,CATG,default,1,0,False,unsupported,0,0,False,0,0,0,0,0,0,0.0,STATUS:harness_limitation:unsupported_type:final float a:max
Math,60,CATG,default,1,0,False,unsupported,0,0,False,0,0,0,0,0,0,0.0,STATUS:harness_limitation:unsupported_type:double x:cumulativeProbability
Math,61,CATG,default,1,0,False,unsupported,0,0,False,0,0,0,0,0,0,0.0,STATUS:target_discovery:no_source_method
Math,62,CATG,default,1,0,False,unsupported,0,0,False,0,0,0,0,0,0,0.0,STATUS:harness_limitation:unsupported_type:final FUNC f:optimize
Math,63,CATG,default,1,0,False,unsupported,0,0,False,0,0,0,0,0,0,0.0,STATUS:harness_limitation:unsupported_type:double x:equals
Math,64,CATG,default,1,0,False,unsupported,0,0,False,0,0,0,0,0,0,1.83,STATUS:catg_runtime_interpreter:ArrayIndexOutOfBoundsException
Math,65,CATG,default,1,0,False,unsupported,0,0,False,0,0,0,0,0,0,0.0,STATUS:harness_limitation:abstract_class:getRMS
Math,66,CATG,default,1,1,True,completed,1,0,True,102,8,7.84,58,0,0.0,1.94,modified=org.apache.commons.math.optimization.univariate.BrentOptimizer;target=org.apache.commons.math.optimization.univariate.BrentOptimizer::doOptimize;params=;catg_cases=1
Math,67,CATG,default,1,1,True,completed,0,0,False,93,1,1.08,34,0,0.0,1.83,modified=org.apache.commons.math.optimization.MultiStartUnivariateRealOptimizer;target=org.apache.commons.math.optimization.MultiStartUnivariateRealOptimizer::getFunctionValue;params=;catg_cases=1
Math,68,CATG,default,1,0,False,unsupported,0,0,False,0,0,0,0,0,0,1.71,STATUS:catg_runtime_interpreter:ArrayIndexOutOfBoundsException
Math,69,CATG,default,1,1,True,completed,0,0,False,75,5,6.67,30,0,0.0,1.92,modified=org.apache.commons.math.stat.correlation.PearsonsCorrelation;target=org.apache.commons.math.stat.correlation.PearsonsCorrelation::getCorrelationPValues;params=;catg_cases=1
Math,70,CATG,default,1,0,False,unsupported,0,0,False,0,0,0,0,0,0,0.0,STATUS:harness_limitation:unsupported_type:final UnivariateRealFunction f:solve
Math,71,CATG,default,1,0,False,unsupported,0,0,False,0,0,0,0,0,0,0.0,STATUS:harness_limitation:unsupported_type:final FirstOrderDifferentialEquations equations:integrate
Math,72,CATG,default,1,0,False,unsupported,0,0,False,0,0,0,0,0,0,0.0,STATUS:harness_limitation:unsupported_type:final UnivariateRealFunction f:solve
Math,73,CATG,default,1,0,False,unsupported,0,0,False,0,0,0,0,0,0,0.0,STATUS:harness_limitation:unsupported_type:final UnivariateRealFunction f:solve
Math,74,CATG,default,1,0,False,unsupported,0,0,False,0,0,0,0,0,0,0.0,STATUS:harness_limitation:unsupported_type:final FirstOrderDifferentialEquations equations:integrate
Math,75,CATG,default,1,0,False,unsupported,0,0,False,0,0,0,0,0,0,0.0,STATUS:harness_limitation:unsupported_type:Object v:getPct
Math,76,CATG,default,1,1,True,completed,0,0,False,134,2,1.49,54,1,1.85,1.97,modified=org.apache.commons.math.linear.SingularValueDecompositionImpl;target=org.apache.commons.math.linear.SingularValueDecompositionImpl::getU;params=;catg_cases=1
Math,77,CATG,default,1,0,False,unsupported,0,0,False,0,0,0,0,0,0,1.77,STATUS:catg_runtime_interpreter:ClassCastException
Math,78,CATG,default,1,0,False,unsupported,0,0,False,0,0,0,0,0,0,0.0,STATUS:harness_limitation:unsupported_type:final StepInterpolator interpolator:evaluateStep
Math,79,CATG,default,1,0,False,unsupported,0,0,False,0,0,0,0,0,0,0.0,STATUS:harness_limitation:unsupported_type:int[] p1:distance
Math,80,CATG,default,1,1,True,completed,0,0,False,854,1,0.12,414,0,0.0,1.84,"modified=org.apache.commons.math.linear.EigenDecompositionImpl;target=org.apache.commons.math.linear.EigenDecompositionImpl::flipIfWarranted;params=int,int;catg_cases=1"
Math,81,CATG,default,1,0,False,unsupported,0,0,False,0,0,0,0,0,0,1.68,STATUS:catg_runtime_interpreter:ClassCastException
Math,82,CATG,default,1,0,False,unsupported,0,0,False,0,0,0,0,0,0,0.0,STATUS:harness_limitation:unsupported_type:final SimplexTableau tableau:getPivotRow
Math,83,CATG,default,1,1,True,completed,0,0,False,155,0,0.0,92,0,0.0,1.88,modified=org.apache.commons.math.optimization.linear.SimplexTableau;target=org.apache.commons.math.optimization.linear.SimplexTableau::getSolution;params=;catg_cases=1
Math,84,CATG,default,1,0,False,unsupported,0,0,False,0,0,0,0,0,0,0.0,STATUS:harness_limitation:unsupported_type:final Comparator<RealPointValuePair> comparator:iterateSimplex
Math,85,CATG,default,1,0,False,unsupported,0,0,False,0,0,0,0,0,0,0.0,STATUS:harness_limitation:unsupported_type:UnivariateRealFunction function:bracket
Math,86,CATG,default,1,0,False,unsupported,0,0,False,0,0,0,0,0,0,0.0,STATUS:target_discovery:no_source_method
Math,87,CATG,default,1,1,True,completed,0,0,False,152,0,0.0,90,0,0.0,1.74,modified=org.apache.commons.math.optimization.linear.SimplexTableau;target=org.apache.commons.math.optimization.linear.SimplexTableau::getBasicRow;params=int;catg_cases=1
Math,88,CATG,default,1,1,True,completed,0,0,False,152,0,0.0,94,0,0.0,1.77,modified=org.apache.commons.math.optimization.linear.SimplexTableau;target=org.apache.commons.math.optimization.linear.SimplexTableau::getSolution;params=;catg_cases=1
Math,89,CATG,default,1,0,False,unsupported,0,0,False,0,0,0,0,0,0,0.0,STATUS:harness_limitation:unsupported_type:Object v:addValue
Math,90,CATG,default,1,0,False,unsupported,0,0,False,0,0,0,0,0,0,0.0,STATUS:harness_limitation:unsupported_type:Object v:addValue
Math,91,CATG,default,1,0,False,unsupported,0,0,False,0,0,0,0,0,0,0.0,STATUS:harness_limitation:unsupported_type:Fraction object:compareTo
Math,92,CATG,default,1,0,False,unsupported,0,0,False,0,0,0,0,0,0,1.71,STATUS:catg_runtime_interpreter:ClassCastException
Math,93,CATG,default,1,0,False,unsupported,0,0,False,0,0,0,0,0,0,1.66,STATUS:catg_runtime_interpreter:ClassCastException
Math,94,CATG,default,1,0,False,unsupported,0,0,False,0,0,0,0,0,0,1.6,STATUS:catg_runtime_interpreter:ClassCastException
Math,95,CATG,default,1,0,False,unsupported,0,0,False,0,0,0,0,0,0,0.0,STATUS:harness_limitation:unsupported_type:double p:getInitialDomain
Math,96,CATG,default,1,0,False,unsupported,0,0,False,0,0,0,0,0,0,0.0,STATUS:harness_limitation:unsupported_type:Object other:equals
Math,97,CATG,default,1,0,False,unsupported,0,0,False,0,0,0,0,0,0,0.0,STATUS:harness_limitation:unsupported_type:double min:solve
Math,98,CATG,default,1,0,False,unsupported,0,0,False,0,0,0,0,0,0,0.0,STATUS:harness_limitation:unsupported_type:BigDecimal[] v:operate
Math,99,CATG,default,1,0,False,unsupported,0,0,False,0,0,0,0,0,0,1.75,STATUS:catg_runtime_interpreter:ClassCastException
Math,100,CATG,default,1,0,False,unsupported,0,0,False,0,0,0,0,0,0,0.0,STATUS:harness_limitation:unsupported_type:EstimationProblem problem:guessParametersErrors
Math,101,CATG,default,1,0,False,unsupported,0,0,False,0,0,0,0,0,0,0.0,STATUS:harness_limitation:unsupported_type:ParsePosition pos:parse
Math,102,CATG,default,1,0,False,unsupported,0,0,False,0,0,0,0,0,0,0.0,STATUS:harness_limitation:unsupported_type:double[] expected:chiSquare
Math,103,CATG,default,1,0,False,unsupported,0,0,False,0,0,0,0,0,0,0.0,STATUS:harness_limitation:unsupported_type:double x:cumulativeProbability
Math,104,CATG,default,1,0,False,unsupported,0,0,False,0,0,0,0,0,0,0.0,STATUS:target_discovery:no_source_method
Math,105,CATG,default,1,0,False,unsupported,0,0,False,0,0,0,0,0,0,2.34,STATUS:catg_runtime_interpreter:ClassCastException
Math,106,CATG,default,1,0,False,unsupported,0,0,False,0,0,0,0,0,0,0.0,STATUS:harness_limitation:unsupported_type:ParsePosition pos:parse
Mockito,1,CATG,default,1,0,False,error,0,0,False,0,0,0,0,0,0,0.0,"STATUS:ERROR:compile D:\Lab_SQA\Defects4J_Projects\Mockito_1_b failed:

Running ant (compile)...................................................... FAIL
Executed command:  cd D:/Lab_SQA/Defects4J_Projects/Mockito_1_b && ant -f D:/Lab_SQA/defects4j/framework/projects/defects4j.build.xml -Dd4j.home=D:/Lab_SQA/defects4j -Dd4j.dir.projects=D:/Lab_SQA/defects4j/framework/projects -Dbasedir=D:/Lab_SQA/Defects4J_Projects/Mockito_1_b  compile 2>&1
Picked up JAVA_TOOL_OPTIONS: -Dfile.encoding=UTF-8
Buildfile: D:\Lab_SQA\defects4j\framework\projects\defects4j.build.xml

compile:

gradle.compile:
   [delete] Deleting: D:\Lab_SQA\Defects4J_Projects\Mockito_1_b\buildSrc\src\test\groovy\org\mockito\release\notes\improvements\GitHubTicketFetcherTest.groovy
     [exec] Picked up JAVA_TOOL_OPTIONS: -Dfile.encoding=UTF-8
     [exec] Exception in thread ""main"" java.lang.NullPointerException
     [exec] 	at org.gradle.wrapper.PathAssembler.getDistName(PathAssembler.java:74)
     [exec] 	at org.gradle.wrapper.PathAssembler.getDistribution(PathAssembler.java:40)
     [exec] 	at org.gradle.wrapper.Install.createDist(Install.java:40)
     [exec] 	at org.gradle.wrapper.WrapperExecutor.execute(WrapperExecutor.java:126)
     [exec] 	at org.gradle.wrapper.GradleWrapperMain.main(GradleWrapperMain.java:55)

BUILD FAILED
D:\Lab_SQA\defects4j\framework\projects\Mockito\Mockito.build.xml:159: The following error occurred while executing this line:
D:\Lab_SQA\defects4j\framework\projects\Mockito\Mockito.build.xml:95: exec returned: 1

Total time: 0 seconds
Cannot compile sources! at D:/Lab_SQA/defects4j/framework/bin/d4j/d4j-compile line 82.
Compilation failed in require at D:\Lab_SQA\defects4j\framework\bin\defects4j line 195.
"
Mockito,2,CATG,default,1,0,False,unsupported,0,0,False,0,0,0,0,0,0,0.0,STATUS:target_discovery:no_source_method
Mockito,3,CATG,default,1,0,False,unsupported,0,0,False,0,0,0,0,0,0,0.0,STATUS:harness_limitation:unsupported_type:Invocation invocation:captureArgumentsFrom
Mockito,4,CATG,default,1,0,False,unsupported,0,0,False,0,0,0,0,0,0,0.0,STATUS:harness_limitation:unsupported_type:Invocation undesired:noMoreInteractionsWantedInOrder
Mockito,5,CATG,default,1,0,False,unsupported,0,0,False,0,0,0,0,0,0,0.0,STATUS:harness_limitation:unsupported_type:VerificationData data:verify
Mockito,6,CATG,default,1,1,True,completed,0,0,False,55,3,5.45,0,0,0.0,21.17,modified=org.mockito.Matchers;target=org.mockito.Matchers::anyBoolean;params=;catg_cases=1
Mockito,7,CATG,default,1,0,False,error,0,0,False,0,0,0,0,0,0,0.0,"STATUS:ERROR:compile D:\Lab_SQA\Defects4J_Projects\Mockito_7_b failed:

Running ant (compile)...................................................... FAIL
Executed command:  cd D:/Lab_SQA/Defects4J_Projects/Mockito_7_b && ant -f D:/Lab_SQA/defects4j/framework/projects/defects4j.build.xml -Dd4j.home=D:/Lab_SQA/defects4j -Dd4j.dir.projects=D:/Lab_SQA/defects4j/framework/projects -Dbasedir=D:/Lab_SQA/Defects4J_Projects/Mockito_7_b  compile 2>&1
Picked up JAVA_TOOL_OPTIONS: -Dfile.encoding=UTF-8
Buildfile: D:\Lab_SQA\defects4j\framework\projects\defects4j.build.xml

compile:

gradle.compile:
   [delete] Deleting: D:\Lab_SQA\Defects4J_Projects\Mockito_7_b\buildSrc\src\test\groovy\org\mockito\release\notes\improvements\GitHubTicketFetcherTest.groovy
     [exec] Picked up JAVA_TOOL_OPTIONS: -Dfile.encoding=UTF-8
     [exec] Exception in thread ""main"" java.lang.NullPointerException
     [exec] 	at org.gradle.wrapper.PathAssembler.getDistName(PathAssembler.java:74)
     [exec] 	at org.gradle.wrapper.PathAssembler.getDistribution(PathAssembler.java:40)
     [exec] 	at org.gradle.wrapper.Install.createDist(Install.java:40)
     [exec] 	at org.gradle.wrapper.WrapperExecutor.execute(WrapperExecutor.java:126)
     [exec] 	at org.gradle.wrapper.GradleWrapperMain.main(GradleWrapperMain.java:55)

BUILD FAILED
D:\Lab_SQA\defects4j\framework\projects\Mockito\Mockito.build.xml:159: The following error occurred while executing this line:
D:\Lab_SQA\defects4j\framework\projects\Mockito\Mockito.build.xml:95: exec returned: 1

Total time: 0 seconds
Cannot compile sources! at D:/Lab_SQA/defects4j/framework/bin/d4j/d4j-compile line 82.
Compilation failed in require at D:\Lab_SQA\defects4j\framework\bin\defects4j line 195.
"
Mockito,8,CATG,default,1,0,False,error,0,0,False,0,0,0,0,0,0,0.0,"STATUS:ERROR:compile D:\Lab_SQA\Defects4J_Projects\Mockito_8_b failed:

Running ant (compile)...................................................... FAIL
Executed command:  cd D:/Lab_SQA/Defects4J_Projects/Mockito_8_b && ant -f D:/Lab_SQA/defects4j/framework/projects/defects4j.build.xml -Dd4j.home=D:/Lab_SQA/defects4j -Dd4j.dir.projects=D:/Lab_SQA/defects4j/framework/projects -Dbasedir=D:/Lab_SQA/Defects4J_Projects/Mockito_8_b  compile 2>&1
Picked up JAVA_TOOL_OPTIONS: -Dfile.encoding=UTF-8
Buildfile: D:\Lab_SQA\defects4j\framework\projects\defects4j.build.xml

compile:

gradle.compile:
   [delete] Deleting: D:\Lab_SQA\Defects4J_Projects\Mockito_8_b\buildSrc\src\test\groovy\org\mockito\release\notes\improvements\GitHubTicketFetcherTest.groovy
     [exec] Picked up JAVA_TOOL_OPTIONS: -Dfile.encoding=UTF-8
     [exec] Exception in thread ""main"" java.lang.NullPointerException
     [exec] 	at org.gradle.wrapper.PathAssembler.getDistName(PathAssembler.java:74)
     [exec] 	at org.gradle.wrapper.PathAssembler.getDistribution(PathAssembler.java:40)
     [exec] 	at org.gradle.wrapper.Install.createDist(Install.java:40)
     [exec] 	at org.gradle.wrapper.WrapperExecutor.execute(WrapperExecutor.java:126)
     [exec] 	at org.gradle.wrapper.GradleWrapperMain.main(GradleWrapperMain.java:55)

BUILD FAILED
D:\Lab_SQA\defects4j\framework\projects\Mockito\Mockito.build.xml:159: The following error occurred while executing this line:
D:\Lab_SQA\defects4j\framework\projects\Mockito\Mockito.build.xml:95: exec returned: 1

Total time: 0 seconds
Cannot compile sources! at D:/Lab_SQA/defects4j/framework/bin/d4j/d4j-compile line 82.
Compilation failed in require at D:\Lab_SQA\defects4j\framework\bin\defects4j line 195.
"
Mockito,9,CATG,default,1,0,False,error,0,0,False,0,0,0,0,0,0,0.0,"STATUS:ERROR:compile D:\Lab_SQA\Defects4J_Projects\Mockito_9_b failed:

Running ant (compile)...................................................... FAIL
Executed command:  cd D:/Lab_SQA/Defects4J_Projects/Mockito_9_b && ant -f D:/Lab_SQA/defects4j/framework/projects/defects4j.build.xml -Dd4j.home=D:/Lab_SQA/defects4j -Dd4j.dir.projects=D:/Lab_SQA/defects4j/framework/projects -Dbasedir=D:/Lab_SQA/Defects4J_Projects/Mockito_9_b  compile 2>&1
Picked up JAVA_TOOL_OPTIONS: -Dfile.encoding=UTF-8
Buildfile: D:\Lab_SQA\defects4j\framework\projects\defects4j.build.xml

compile:

gradle.compile:
   [delete] Deleting: D:\Lab_SQA\Defects4J_Projects\Mockito_9_b\buildSrc\src\test\groovy\org\mockito\release\notes\improvements\GitHubTicketFetcherTest.groovy
     [exec] Picked up JAVA_TOOL_OPTIONS: -Dfile.encoding=UTF-8
     [exec] Exception in thread ""main"" java.lang.NullPointerException
     [exec] 	at org.gradle.wrapper.PathAssembler.getDistName(PathAssembler.java:74)
     [exec] 	at org.gradle.wrapper.PathAssembler.getDistribution(PathAssembler.java:40)
     [exec] 	at org.gradle.wrapper.Install.createDist(Install.java:40)
     [exec] 	at org.gradle.wrapper.WrapperExecutor.execute(WrapperExecutor.java:126)
     [exec] 	at org.gradle.wrapper.GradleWrapperMain.main(GradleWrapperMain.java:55)

BUILD FAILED
D:\Lab_SQA\defects4j\framework\projects\Mockito\Mockito.build.xml:159: The following error occurred while executing this line:
D:\Lab_SQA\defects4j\framework\projects\Mockito\Mockito.build.xml:95: exec returned: 1

Total time: 0 seconds
Cannot compile sources! at D:/Lab_SQA/defects4j/framework/bin/d4j/d4j-compile line 82.
Compilation failed in require at D:\Lab_SQA\defects4j\framework\bin\defects4j line 195.
"
Mockito,10,CATG,default,1,0,False,error,0,0,False,0,0,0,0,0,0,0.0,"STATUS:ERROR:compile D:\Lab_SQA\Defects4J_Projects\Mockito_10_b failed:

Running ant (compile)...................................................... FAIL
Executed command:  cd D:/Lab_SQA/Defects4J_Projects/Mockito_10_b && ant -f D:/Lab_SQA/defects4j/framework/projects/defects4j.build.xml -Dd4j.home=D:/Lab_SQA/defects4j -Dd4j.dir.projects=D:/Lab_SQA/defects4j/framework/projects -Dbasedir=D:/Lab_SQA/Defects4J_Projects/Mockito_10_b  compile 2>&1
Picked up JAVA_TOOL_OPTIONS: -Dfile.encoding=UTF-8
Buildfile: D:\Lab_SQA\defects4j\framework\projects\defects4j.build.xml

compile:

gradle.compile:
     [exec] Picked up JAVA_TOOL_OPTIONS: -Dfile.encoding=UTF-8
     [exec] Exception in thread ""main"" java.lang.NullPointerException
     [exec] 	at org.gradle.wrapper.PathAssembler.getDistName(PathAssembler.java:74)
     [exec] 	at org.gradle.wrapper.PathAssembler.getDistribution(PathAssembler.java:40)
     [exec] 	at org.gradle.wrapper.Install.createDist(Install.java:40)
     [exec] 	at org.gradle.wrapper.WrapperExecutor.execute(WrapperExecutor.java:126)
     [exec] 	at org.gradle.wrapper.GradleWrapperMain.main(GradleWrapperMain.java:55)

BUILD FAILED
D:\Lab_SQA\defects4j\framework\projects\Mockito\Mockito.build.xml:159: The following error occurred while executing this line:
D:\Lab_SQA\defects4j\framework\projects\Mockito\Mockito.build.xml:95: exec returned: 1

Total time: 0 seconds
Cannot compile sources! at D:/Lab_SQA/defects4j/framework/bin/d4j/d4j-compile line 82.
Compilation failed in require at D:\Lab_SQA\defects4j\framework\bin\defects4j line 195.
"
Mockito,11,CATG,default,1,0,False,error,0,0,False,0,0,0,0,0,0,0.0,"STATUS:ERROR:compile D:\Lab_SQA\Defects4J_Projects\Mockito_11_b failed:

Running ant (compile)...................................................... FAIL
Executed command:  cd D:/Lab_SQA/Defects4J_Projects/Mockito_11_b && ant -f D:/Lab_SQA/defects4j/framework/projects/defects4j.build.xml -Dd4j.home=D:/Lab_SQA/defects4j -Dd4j.dir.projects=D:/Lab_SQA/defects4j/framework/projects -Dbasedir=D:/Lab_SQA/Defects4J_Projects/Mockito_11_b  compile 2>&1
Picked up JAVA_TOOL_OPTIONS: -Dfile.encoding=UTF-8
Buildfile: D:\Lab_SQA\defects4j\framework\projects\defects4j.build.xml

compile:

gradle.compile:
     [exec] Picked up JAVA_TOOL_OPTIONS: -Dfile.encoding=UTF-8
     [exec] Exception in thread ""main"" java.lang.NullPointerException
     [exec] 	at org.gradle.wrapper.PathAssembler.getDistName(PathAssembler.java:74)
     [exec] 	at org.gradle.wrapper.PathAssembler.getDistribution(PathAssembler.java:40)
     [exec] 	at org.gradle.wrapper.Install.createDist(Install.java:40)
     [exec] 	at org.gradle.wrapper.WrapperExecutor.execute(WrapperExecutor.java:126)
     [exec] 	at org.gradle.wrapper.GradleWrapperMain.main(GradleWrapperMain.java:55)

BUILD FAILED
D:\Lab_SQA\defects4j\framework\projects\Mockito\Mockito.build.xml:159: The following error occurred while executing this line:
D:\Lab_SQA\defects4j\framework\projects\Mockito\Mockito.build.xml:95: exec returned: 1

Total time: 0 seconds
Cannot compile sources! at D:/Lab_SQA/defects4j/framework/bin/d4j/d4j-compile line 82.
Compilation failed in require at D:\Lab_SQA\defects4j\framework\bin\defects4j line 195.
"
Mockito,12,CATG,default,1,0,False,unsupported,0,0,False,0,0,0,0,0,0,0.0,STATUS:harness_limitation:unsupported_type:Field field:getGenericType
Mockito,13,CATG,default,1,0,False,unsupported,0,0,False,0,0,0,0,0,0,0.0,STATUS:harness_limitation:unsupported_type:Invocation invocation:handle
Mockito,14,CATG,default,1,0,False,unsupported,0,0,False,0,0,0,0,0,0,0.0,STATUS:harness_limitation:unsupported_type:Invocation invocation:handle
Mockito,15,CATG,default,1,0,False,error,0,0,False,0,0,0,0,0,0,5.05,"STATUS:ERROR:CATG failed with exit 1:
Now testing catg.generated.CatgHarness_9936314adf

========== Input 1 ==========
WARNING: 
java.lang.NoSuchMethodException: org.mockito.internal.configuration.injection.FinalMockCandidateFilter.OngoingInjecter()
	at java.lang.Class.getDeclaredMethod(Class.java:2130)
	at catg.generated.CatgHarness_9936314adf.main(CatgHarness_9936314adf.java:14)
Java exited with status 1"
Mockito,16,CATG,default,1,0,False,unsupported,0,0,False,0,0,0,0,0,0,0.0,STATUS:harness_limitation:unsupported_type:Class<T> classToMock:mock
Mockito,17,CATG,default,1,1,True,completed,1,1,False,61,8,13.11,32,6,18.75,4.91,modified=org.mockito.internal.creation.MockSettingsImpl;org.mockito.internal.util.MockUtil;target=org.mockito.internal.creation.MockSettingsImpl::serializable;params=;catg_cases=1
Mockito,18,CATG,default,1,0,False,error,0,0,False,0,0,0,0,0,0,0.0,"STATUS:ERROR:compile D:\Lab_SQA\Defects4J_Projects\Mockito_18_b failed:

Running ant (compile)...................................................... FAIL
Executed command:  cd D:/Lab_SQA/Defects4J_Projects/Mockito_18_b && ant -f D:/Lab_SQA/defects4j/framework/projects/defects4j.build.xml -Dd4j.home=D:/Lab_SQA/defects4j -Dd4j.dir.projects=D:/Lab_SQA/defects4j/framework/projects -Dbasedir=D:/Lab_SQA/Defects4J_Projects/Mockito_18_b  compile 2>&1
Picked up JAVA_TOOL_OPTIONS: -Dfile.encoding=UTF-8
Buildfile: D:\Lab_SQA\defects4j\framework\projects\defects4j.build.xml

compile:

gradle.compile:
   [delete] Deleting: D:\Lab_SQA\Defects4J_Projects\Mockito_18_b\buildSrc\src\test\groovy\org\mockito\release\notes\improvements\GitHubTicketFetcherTest.groovy
     [exec] Picked up JAVA_TOOL_OPTIONS: -Dfile.encoding=UTF-8
     [exec] Downloading https://services.gradle.org/distributions/gradle-2.4-all.zip
     [exec] .......................................................................................................................................................................................................................................................................................................................................................................................................................................................................................................................................................................................................................................................................................................................................................................................................................................................................................................................................................................................................................................................................................................................................................................................................................................................................................................................................................................................................................................................................................................................................................................................................................................................................................................................................................................................................................................................................................................................................................................................................................................................................................................................................................................................................................................................................................................................................................................................................................................................................................................................................................................................................................................................................................................................................................................................................................................................................................................................................................................................................................................................................................................................................................................................................................................................................................................................................................................................................
     [exec] Unzipping D:\Lab_SQA\Defects4J_Projects\Mockito_18_b\.gradle_local_home\wrapper\dists\gradle-2.4-all\3i2gobhdl0fm2tosnn15g540i0\gradle-2.4-all.zip to D:\Lab_SQA\Defects4J_Projects\Mockito_18_b\.gradle_local_home\wrapper\dists\gradle-2.4-all\3i2gobhdl0fm2tosnn15g540i0
     [exec] 
     [exec] FAILURE: Build failed with an exception.
     [exec] 
     [exec] * What went wrong:
     [exec] Could not determine java version from '11.0.32.1'.
     [exec] 
     [exec] * Try:
     [exec] Run with --stacktrace option to get the stack trace. Run with --info or --debug option to get more log output.

BUILD FAILED
D:\Lab_SQA\defects4j\framework\projects\Mockito\Mockito.build.xml:159: The following error occurred while executing this line:
D:\Lab_SQA\defects4j\framework\projects\Mockito\Mockito.build.xml:95: exec returned: 1

Total time: 21 seconds
Cannot compile sources! at D:/Lab_SQA/defects4j/framework/bin/d4j/d4j-compile line 82.
Compilation failed in require at D:\Lab_SQA\defects4j\framework\bin\defects4j line 195.
"
Mockito,19,CATG,default,1,0,False,unsupported,0,0,False,0,0,0,0,0,0,0.0,STATUS:harness_limitation:unsupported_type:Collection<Object> mocks:filterCandidate
Mockito,20,CATG,default,1,0,False,unsupported,0,0,False,0,0,0,0,0,0,0.0,STATUS:harness_limitation:unsupported_type:MockCreationSettings<T> settings:createMock
Mockito,21,CATG,default,1,0,False,unsupported,0,0,False,0,0,0,0,0,0,0.0,STATUS:harness_limitation:unsupported_type:Class<T> cls:withOuterClass
Mockito,22,CATG,default,1,0,False,unsupported,0,0,False,0,0,0,0,0,0,0.0,STATUS:harness_limitation:unsupported_type:Object o1:areEqual
Mockito,23,CATG,default,1,0,False,unsupported,0,0,False,0,0,0,0,0,0,0.0,STATUS:harness_limitation:unsupported_type:InvocationOnMock invocation:getMock
Mockito,24,CATG,default,1,0,False,unsupported,0,0,False,0,0,0,0,0,0,0.0,STATUS:harness_limitation:unsupported_type:InvocationOnMock invocation:answer
Mockito,25,CATG,default,1,0,False,unsupported,0,0,False,0,0,0,0,0,0,0.0,STATUS:harness_limitation:unsupported_type:InvocationOnMock invocation:recordDeepStubMock
Mockito,26,CATG,default,1,0,False,unsupported,0,0,False,0,0,0,0,0,0,0.0,STATUS:target_discovery:no_source_method
Mockito,27,CATG,default,1,0,False,unsupported,0,0,False,0,0,0,0,0,0,0.0,STATUS:harness_limitation:unsupported_type:T mock:resetMock
Mockito,28,CATG,default,1,0,False,unsupported,0,0,False,0,0,0,0,0,0,0.0,STATUS:harness_limitation:unsupported_type:Class<?> awaitingInjectionClazz:injectMockCandidate
Mockito,29,CATG,default,1,0,False,unsupported,0,0,False,0,0,0,0,0,0,0.0,STATUS:harness_limitation:unsupported_type:Description description:describeTo
Mockito,30,CATG,default,1,0,False,unsupported,0,0,False,0,0,0,0,0,0,0.0,STATUS:harness_limitation:unsupported_type:Location location:smartNullPointerException
Mockito,31,CATG,default,1,1,True,completed,0,0,False,19,1,5.26,6,0,0.0,5.18,modified=org.mockito.internal.stubbing.defaultanswers.ReturnsSmartNulls;target=org.mockito.internal.stubbing.defaultanswers.ReturnsSmartNulls$ThrowingInterceptor::formatMethodCall;params=;catg_cases=1
Mockito,32,CATG,default,1,0,False,unsupported,0,0,False,0,0,0,0,0,0,0.0,STATUS:harness_limitation:unsupported_type:Class<?> context:process
Mockito,33,CATG,default,1,1,True,completed,0,0,False,45,1,2.22,32,0,0.0,4.24,modified=org.mockito.internal.invocation.InvocationMatcher;target=org.mockito.internal.invocation.InvocationMatcher::getLocation;params=;catg_cases=1
Mockito,34,CATG,default,1,0,False,unsupported,0,0,False,0,0,0,0,0,0,0.0,STATUS:harness_limitation:unsupported_type:Invocation i:captureArgumentsFrom
Mockito,35,CATG,default,1,0,False,unsupported,0,0,False,0,0,0,0,0,0,0.0,STATUS:harness_limitation:unsupported_type:Class<T> clazz:isA
Mockito,36,CATG,default,1,1,True,completed,0,0,False,70,1,1.43,42,0,0.0,3.88,modified=org.mockito.internal.invocation.Invocation;target=org.mockito.internal.invocation.Invocation::callRealMethod;params=;catg_cases=1
Mockito,37,CATG,default,1,0,False,unsupported,0,0,False,0,0,0,0,0,0,0.0,STATUS:harness_limitation:unsupported_type:DoesNothing answer:validateDoNothing
Mockito,38,CATG,default,1,0,False,unsupported,0,0,False,0,0,0,0,0,0,0.0,STATUS:harness_limitation:unsupported_type:Matcher m:toStringEquals
Time,1,CATG,default,1,0,False,unsupported,0,0,False,0,0,0,0,0,0,0.0,STATUS:harness_limitation:unsupported_type:DurationField durationField:compareTo
Time,2,CATG,default,1,0,False,unsupported,0,0,False,0,0,0,0,0,0,0.0,STATUS:harness_limitation:unsupported_type:DateTimeFieldType fieldType:with
Time,3,CATG,default,1,0,False,unsupported,0,0,False,0,0,0,0,0,0,3.99,STATUS:catg_runtime_interpreter:ArrayIndexOutOfBoundsException
Time,4,CATG,default,1,0,False,unsupported,0,0,False,0,0,0,0,0,0,0.0,STATUS:harness_limitation:unsupported_type:DateTimeFieldType fieldType:with
Time,5,CATG,default,1,0,False,unsupported,0,0,False,0,0,0,0,0,0,0.0,STATUS:harness_limitation:unsupported_type:PeriodType type:normalizedStandard
Time,6,CATG,default,1,0,False,unsupported,0,0,False,0,0,0,0,0,0,3.89,STATUS:catg_runtime_interpreter:ClassCastException
Time,7,CATG,default,1,0,False,unsupported,0,0,False,0,0,0,0,0,0,0.0,STATUS:harness_limitation:unsupported_type:ReadWritableInstant instant:parseInto
Time,8,CATG,default,1,0,False,unsupported,0,0,False,0,0,0,0,0,0,3.88,STATUS:catg_runtime_interpreter:ClassCastException
Time,9,CATG,default,1,0,False,unsupported,0,0,False,0,0,0,0,0,0,3.86,STATUS:catg_runtime_interpreter:ClassCastException
Time,10,CATG,default,1,0,False,unsupported,0,0,False,0,0,0,0,0,0,0.0,STATUS:harness_limitation:unsupported_type:ReadablePartial start:between
Time,11,CATG,default,1,0,False,unsupported,0,0,False,0,0,0,0,0,0,0.0,STATUS:target_discovery:no_source_method
Time,12,CATG,default,1,0,False,unsupported,0,0,False,0,0,0,0,0,0,0.0,STATUS:harness_limitation:unsupported_type:Date date:fromDateFields
Time,13,CATG,default,1,0,False,unsupported,0,0,False,0,0,0,0,0,0,0.0,STATUS:harness_limitation:unsupported_type:StringBuffer buf:printTo
Time,14,CATG,default,1,0,False,unsupported,0,0,False,0,0,0,0,0,0,0.0,STATUS:harness_limitation:unsupported_type:ReadablePartial partial:add
Time,15,CATG,default,1,0,False,unsupported,0,0,False,0,0,0,0,0,0,3.89,STATUS:catg_runtime_interpreter:ClassCastException
Time,16,CATG,default,1,0,False,unsupported,0,0,False,0,0,0,0,0,0,0.0,STATUS:harness_limitation:unsupported_type:ReadWritableInstant instant:parseInto
Time,17,CATG,default,1,0,False,unsupported,0,0,False,0,0,0,0,0,0,0.0,STATUS:harness_limitation:abstract_class:adjustOffset
Time,18,CATG,default,1,0,False,unsupported,0,0,False,0,0,0,0,0,0,4.14,STATUS:catg_runtime_interpreter:ClassCastException
Time,19,CATG,default,1,0,False,unsupported,0,0,False,0,0,0,0,0,0,0.0,STATUS:harness_limitation:abstract_class:getOffsetFromLocal
Time,20,CATG,default,1,0,False,unsupported,0,0,False,0,0,0,0,0,0,0.0,STATUS:harness_limitation:unsupported_type:DateTimeParserBucket bucket:parseInto
Time,22,CATG,default,1,0,False,unsupported,0,0,False,0,0,0,0,0,0,0.0,STATUS:target_discovery:no_source_method
Time,23,CATG,default,1,1,True,completed,0,0,False,342,75,21.93,162,13,8.02,3.98,modified=org.joda.time.DateTimeZone;target=org.joda.time.DateTimeZone::getConvertedId;params=java.lang.String;catg_cases=1
Time,24,CATG,default,1,0,False,unsupported,0,0,False,0,0,0,0,0,0,3.92,STATUS:catg_runtime_interpreter:ClassCastException
Time,25,CATG,default,1,0,False,unsupported,0,0,False,0,0,0,0,0,0,0.0,STATUS:harness_limitation:abstract_class:getOffsetFromLocal
Time,26,CATG,default,1,0,False,unsupported,0,0,False,0,0,0,0,0,0,3.74,STATUS:catg_runtime_interpreter:ClassCastException
Time,27,CATG,default,1,0,False,unsupported,0,0,False,0,0,0,0,0,0,0.0,STATUS:harness_limitation:unsupported_type:List<Object> elementPairs:toFormatter
